-- Generated by Craft v2.6.3014 on Apr 9, 2018, 10:52:30 AM.

--
-- Disable foreign key checks and autocommit.
--

SET FOREIGN_KEY_CHECKS = 0;
SET SQL_MODE = "NO_AUTO_VALUE_ON_ZERO";
SET AUTOCOMMIT = 0;
SET NAMES utf8;


DROP TABLE IF EXISTS `craft_assetfiles`;


--
-- Schema for table `craft_assetfiles`
--
CREATE TABLE `craft_assetfiles` (
  `id` int(11) NOT NULL,
  `sourceId` int(11) DEFAULT NULL,
  `folderId` int(11) NOT NULL,
  `filename` varchar(255) COLLATE utf8_unicode_ci NOT NULL,
  `kind` varchar(50) COLLATE utf8_unicode_ci NOT NULL DEFAULT 'unknown',
  `width` int(11) unsigned DEFAULT NULL,
  `height` int(11) unsigned DEFAULT NULL,
  `size` bigint(20) unsigned DEFAULT NULL,
  `dateModified` datetime DEFAULT NULL,
  `dateCreated` datetime NOT NULL,
  `dateUpdated` datetime NOT NULL,
  `uid` char(36) COLLATE utf8_unicode_ci NOT NULL DEFAULT '0',
  PRIMARY KEY (`id`),
  UNIQUE KEY `craft_assetfiles_filename_folderId_unq_idx` (`filename`,`folderId`),
  KEY `craft_assetfiles_sourceId_fk` (`sourceId`),
  KEY `craft_assetfiles_folderId_fk` (`folderId`)
) ENGINE=InnoDB DEFAULT CHARSET=utf8 COLLATE=utf8_unicode_ci;

--
-- Data for table `craft_assetfiles`
--

INSERT INTO `craft_assetfiles` (`id`, `sourceId`, `folderId`, `filename`, `kind`, `width`, `height`, `size`, `dateModified`, `dateCreated`, `dateUpdated`, `uid`) VALUES
 ('7', '1', '1', 'logo_inverse.png', 'image', '384', '210', '27647', '2018-04-02 11:34:19', '2018-04-02 11:34:19', '2018-04-02 11:34:19', '6cea7814-12e0-4158-9358-dbe1e7ebf0d3'),
 ('8', '1', '1', 'logo.png', 'image', '190', '103', '11941', '2018-04-02 11:34:19', '2018-04-02 11:34:20', '2018-04-02 11:34:20', 'b5832c6c-894a-42cb-ab07-3fd910a536d5'),
 ('22', '1', '1', 'facebook.png', 'image', '26', '26', '254', '2018-04-03 15:07:10', '2018-04-03 15:07:10', '2018-04-03 15:07:10', '8627a3ca-fe48-464e-880c-63ad46f0be4a'),
 ('23', '1', '1', 'instagram.png', 'image', '34', '34', '4726', '2018-04-03 15:07:10', '2018-04-03 15:07:11', '2018-04-03 15:07:11', '817b6f3f-d532-48f1-890b-f9cfc1959bb8'),
 ('24', '1', '1', 'twitter.png', 'image', '27', '27', '596', '2018-04-03 15:07:11', '2018-04-03 15:07:11', '2018-04-03 15:07:11', '7b5e116a-ecce-46b1-a8e9-04b53e7accfa'),
 ('25', '1', '1', 'youtube.png', 'image', '47', '19', '767', '2018-04-03 15:07:11', '2018-04-03 15:07:11', '2018-04-03 15:07:11', 'c41d5fc6-a393-4363-ab79-fbc5c9def53b'),
 ('30', '2', '2', 'art_cover_welcome_2.jpg', 'image', '1440', '440', '438585', '2018-04-03 16:29:27', '2018-04-03 16:29:27', '2018-04-03 16:29:27', 'c5f03467-9e30-447a-9155-e5257e4a733c'),
 ('31', '2', '2', 'art_cover_welcome.jpg', 'image', '1440', '440', '402540', '2018-04-03 16:29:28', '2018-04-03 16:29:28', '2018-04-03 16:29:28', 'e5e5bf29-ba61-46c3-bd99-166f7059adcf'),
 ('34', '2', '2', 'art_testimonial_1.jpg', 'image', '370', '370', '95774', '2018-04-05 10:15:06', '2018-04-05 10:15:06', '2018-04-05 10:15:06', '77e83013-1a2a-4121-9d8b-719828aa7ad0'),
 ('38', '1', '1', 'ad_background.png', 'image', '2880', '900', '2402933', '2018-04-05 10:32:43', '2018-04-05 10:32:44', '2018-04-05 10:33:14', '18413ea2-9023-4aa3-86af-e878088ffffd'),
 ('40', '1', '1', 'card_1.png', 'image', '760', '457', '491064', '2018-04-05 11:32:26', '2018-04-05 11:32:26', '2018-04-05 11:32:26', '054a0609-c245-485f-b853-660fa3846855'),
 ('41', '1', '1', 'card_3.png', 'image', '760', '458', '596224', '2018-04-05 11:32:27', '2018-04-05 11:32:27', '2018-04-05 11:32:27', '4bb9640b-2777-4c06-9bef-f6b3f17faa02'),
 ('42', '1', '1', 'card_4.png', 'image', '760', '458', '523982', '2018-04-05 11:32:28', '2018-04-05 11:32:28', '2018-04-05 11:32:28', '592313f5-bf02-4915-bfa7-a7bbf8a27a4b'),
 ('47', '3', '3', 'service_1.png', 'image', '1160', '772', '753721', '2018-04-06 07:41:01', '2018-04-06 07:41:01', '2018-04-06 07:41:01', '52cdb103-e123-494e-ba6c-5d6f88e96809'),
 ('48', '3', '3', 'service_2.png', 'image', '1160', '772', '844342', '2018-04-06 07:41:24', '2018-04-06 07:41:24', '2018-04-06 07:41:24', '2852db68-93ca-4942-bf66-f1fb87108eba'),
 ('49', '3', '3', 'service_3.png', 'image', '1160', '772', '772768', '2018-04-06 07:41:46', '2018-04-06 07:41:46', '2018-04-06 07:41:46', '28320a96-681c-42fa-a2de-842fa4881101'),
 ('50', '3', '3', 'service_4.png', 'image', '1160', '772', '988617', '2018-04-06 07:42:09', '2018-04-06 07:42:09', '2018-04-06 07:42:09', '39b6d854-760b-4303-a6d1-7de33731792c'),
 ('51', '3', '3', 'art_cover_service.jpg', 'image', '2160', '675', '233633', '2018-04-06 07:50:02', '2018-04-06 07:50:02', '2018-04-06 07:50:02', '93ac6b4d-3c93-4a25-a4dc-dc14d20013c2'),
 ('59', '4', '4', 'art_cover_about.jpg', 'image', '1440', '390', '261139', '2018-04-06 12:21:31', '2018-04-06 12:21:32', '2018-04-06 12:21:32', '5b9dd671-9d25-4be9-a6f9-fe1d9ff32f96'),
 ('60', '4', '4', 'art_cover_facilities.jpg', 'image', '2160', '675', '178365', '2018-04-06 12:21:33', '2018-04-06 12:21:33', '2018-04-06 12:21:33', '9869c3a0-cec3-4579-b12c-94bf4a82d3bb'),
 ('61', '4', '4', 'art_cover_pricing.jpg', 'image', '1440', '390', '348911', '2018-04-06 12:21:33', '2018-04-06 12:21:33', '2018-04-06 12:21:33', 'cfc7f090-2b65-4955-b3fe-f19f5f0e6d06'),
 ('63', '4', '4', 'art_cover_training.png', 'image', '2880', '900', '1680622', '2018-04-06 12:22:28', '2018-04-06 12:22:29', '2018-04-06 12:22:29', '727c6b5a-323c-4d22-b06a-21f381e9caa0'),
 ('66', '4', '4', 'art_cover_service.jpg', 'image', '2160', '675', '233633', '2018-04-06 12:21:34', '2018-04-06 12:25:08', '2018-04-06 12:25:08', 'a8204951-bb92-4441-881c-9f1df82cb19a'),
 ('67', '4', '4', 'art_cover_welcome_2.jpg', 'image', '1440', '440', '438585', '2018-04-06 12:22:30', '2018-04-06 12:25:08', '2018-04-06 12:25:08', 'ececc3d7-ce6e-47e5-9294-4af200cc5fc4'),
 ('68', '4', '4', 'art_cover_welcome.jpg', 'image', '1440', '440', '402540', '2018-04-06 12:22:31', '2018-04-06 12:25:08', '2018-04-06 12:25:08', '6c58555c-47c2-4425-b5f6-09fcafce85a7'),
 ('69', '5', '5', 'facility_1_1.png', 'image', '641', '531', '471987', '2018-04-06 12:35:06', '2018-04-06 12:35:06', '2018-04-06 12:35:06', 'ad859c76-567b-4ca4-9bf0-36d4c386313c'),
 ('70', '5', '5', 'facility_1_2.png', 'image', '200', '158', '60335', '2018-04-06 12:35:07', '2018-04-06 12:35:07', '2018-04-06 12:35:07', '70a8433e-5f1e-4765-89bf-987e3a1eaa8b'),
 ('71', '5', '5', 'facility_1_3.png', 'image', '200', '158', '64214', '2018-04-06 12:35:08', '2018-04-06 12:35:08', '2018-04-06 12:35:08', '598d9596-dfac-4569-a247-a48b6046c136'),
 ('72', '5', '5', 'facility_2_1.png', 'image', '641', '531', '585884', '2018-04-06 12:35:17', '2018-04-06 12:35:17', '2018-04-06 12:35:17', '6001802b-28b4-45ec-9d96-93029eb9772c'),
 ('73', '5', '5', 'facility_2_2.png', 'image', '200', '159', '71807', '2018-04-06 12:35:17', '2018-04-06 12:35:17', '2018-04-06 12:35:17', '95e60ce2-cdb1-4db3-9efa-e6eb35b84963'),
 ('74', '5', '5', 'facility_2_3.png', 'image', '200', '159', '55654', '2018-04-06 12:35:18', '2018-04-06 12:35:18', '2018-04-06 12:35:18', '758ed5e0-3808-4e6f-b9aa-3a9bf08274aa'),
 ('75', '5', '5', 'facility_3_1.png', 'image', '641', '531', '456971', '2018-04-06 12:35:32', '2018-04-06 12:35:33', '2018-04-06 12:35:33', 'ed0f2a04-6720-4b95-92ea-d27c4d81ea2e'),
 ('76', '5', '5', 'facility_3_2.png', 'image', '198', '158', '52928', '2018-04-06 12:35:34', '2018-04-06 12:35:34', '2018-04-06 12:35:34', '0294ce5d-60a1-4d59-8ce5-a9263534c9b9'),
 ('77', '5', '5', 'facility_3_3.png', 'image', '198', '158', '56595', '2018-04-06 12:35:35', '2018-04-06 12:35:35', '2018-04-06 12:35:35', '5741a1b0-6351-4b63-97a3-bd90b508211f'),
 ('78', '5', '5', 'facility_4_1.png', 'image', '641', '531', '673228', '2018-04-06 12:35:42', '2018-04-06 12:35:42', '2018-04-06 12:35:42', '7a9e9301-b219-4ebe-b9d9-4707cba8e373'),
 ('79', '5', '5', 'facility_4_2.png', 'image', '198', '159', '66055', '2018-04-06 12:35:43', '2018-04-06 12:35:43', '2018-04-06 12:35:43', '1636a1bd-eccb-4782-ab23-6bc653dfe790'),
 ('80', '5', '5', 'facility_4_3.png', 'image', '198', '159', '58248', '2018-04-06 12:35:44', '2018-04-06 12:35:44', '2018-04-06 12:35:44', '7dafe513-394d-4b59-b82a-054066be0f76'),
 ('81', '5', '5', 'facility_5_1.png', 'image', '641', '531', '588289', '2018-04-06 12:35:57', '2018-04-06 12:35:58', '2018-04-06 12:35:58', '38623b6e-29d5-4ccf-a7a1-f400d8fc9425'),
 ('82', '5', '5', 'facility_5_2.png', 'image', '198', '159', '51515', '2018-04-06 12:35:58', '2018-04-06 12:35:58', '2018-04-06 12:35:58', '01c072fc-d705-44d5-816a-ef829a35c4da'),
 ('83', '5', '5', 'facility_5_3.png', 'image', '198', '159', '70049', '2018-04-06 12:35:59', '2018-04-06 12:35:59', '2018-04-06 12:35:59', '1c8628d0-4fdc-4495-ad20-65b7b4eb6198'),
 ('84', '5', '5', 'facility_6_1.png', 'image', '641', '531', '469913', '2018-04-06 12:36:14', '2018-04-06 12:36:14', '2018-04-06 12:36:14', 'ba253c78-8719-4bf4-a5e5-eaf99836338e'),
 ('85', '5', '5', 'facility_6_2.png', 'image', '197', '158', '60714', '2018-04-06 12:36:15', '2018-04-06 12:36:15', '2018-04-06 12:36:15', 'c9935a7d-72ff-4b91-8ab0-30640bc58b75'),
 ('86', '5', '5', 'facility_6_3.png', 'image', '197', '158', '53148', '2018-04-06 12:36:16', '2018-04-06 12:36:16', '2018-04-06 12:36:16', '49571af2-2ac6-4dc8-81cb-833d6cf3ba95');



DROP TABLE IF EXISTS `craft_assetfolders`;


--
-- Schema for table `craft_assetfolders`
--
CREATE TABLE `craft_assetfolders` (
  `id` int(11) NOT NULL AUTO_INCREMENT,
  `parentId` int(11) DEFAULT NULL,
  `sourceId` int(11) DEFAULT NULL,
  `name` varchar(255) COLLATE utf8_unicode_ci NOT NULL,
  `path` varchar(255) COLLATE utf8_unicode_ci DEFAULT NULL,
  `dateCreated` datetime NOT NULL,
  `dateUpdated` datetime NOT NULL,
  `uid` char(36) COLLATE utf8_unicode_ci NOT NULL DEFAULT '0',
  PRIMARY KEY (`id`),
  UNIQUE KEY `craft_assetfolders_name_parentId_sourceId_unq_idx` (`name`,`parentId`,`sourceId`),
  KEY `craft_assetfolders_parentId_fk` (`parentId`),
  KEY `craft_assetfolders_sourceId_fk` (`sourceId`)
) ENGINE=InnoDB AUTO_INCREMENT=6 DEFAULT CHARSET=utf8 COLLATE=utf8_unicode_ci;

--
-- Data for table `craft_assetfolders`
--

INSERT INTO `craft_assetfolders` (`id`, `parentId`, `sourceId`, `name`, `path`, `dateCreated`, `dateUpdated`, `uid`) VALUES
 ('1', NULL, '1', 'Common Site Assets', '', '2018-04-02 10:00:46', '2018-04-02 10:00:46', '42685989-011d-401f-a8e4-ae15c6256c77'),
 ('2', NULL, '2', 'Carouseles', '', '2018-04-03 16:27:07', '2018-04-05 10:13:43', '57c57f20-bdb0-48a6-b91d-c84310540803'),
 ('3', NULL, '3', 'Services', '', '2018-04-06 07:39:29', '2018-04-06 07:39:29', '043985bb-5e61-4bda-b784-037c482c4d44'),
 ('4', NULL, '4', 'Hovers', '', '2018-04-06 12:21:02', '2018-04-06 12:21:02', 'ba0ebee7-0f8b-48da-94e4-12180f6a3262'),
 ('5', NULL, '5', 'Facilities', '', '2018-04-06 12:34:30', '2018-04-06 12:34:30', '4fdef6b2-45b3-4b33-877c-a19a09f48f64');



DROP TABLE IF EXISTS `craft_assetindexdata`;


--
-- Schema for table `craft_assetindexdata`
--
CREATE TABLE `craft_assetindexdata` (
  `id` int(11) NOT NULL AUTO_INCREMENT,
  `sessionId` varchar(36) COLLATE utf8_unicode_ci NOT NULL DEFAULT '',
  `sourceId` int(10) NOT NULL,
  `offset` int(10) NOT NULL,
  `uri` varchar(255) COLLATE utf8_unicode_ci DEFAULT NULL,
  `size` varchar(255) COLLATE utf8_unicode_ci DEFAULT NULL,
  `recordId` int(10) DEFAULT NULL,
  `dateCreated` datetime NOT NULL,
  `dateUpdated` datetime NOT NULL,
  `uid` char(36) COLLATE utf8_unicode_ci NOT NULL DEFAULT '0',
  PRIMARY KEY (`id`),
  UNIQUE KEY `craft_assetindexdata_sessionId_sourceId_offset_unq_idx` (`sessionId`,`sourceId`,`offset`),
  KEY `craft_assetindexdata_sourceId_fk` (`sourceId`)
) ENGINE=InnoDB DEFAULT CHARSET=utf8 COLLATE=utf8_unicode_ci;

DROP TABLE IF EXISTS `craft_assetsources`;


--
-- Schema for table `craft_assetsources`
--
CREATE TABLE `craft_assetsources` (
  `id` int(11) NOT NULL AUTO_INCREMENT,
  `name` varchar(255) COLLATE utf8_unicode_ci NOT NULL,
  `handle` varchar(255) COLLATE utf8_unicode_ci NOT NULL,
  `type` varchar(150) COLLATE utf8_unicode_ci NOT NULL,
  `settings` text COLLATE utf8_unicode_ci,
  `sortOrder` smallint(6) unsigned DEFAULT NULL,
  `fieldLayoutId` int(10) DEFAULT NULL,
  `dateCreated` datetime NOT NULL,
  `dateUpdated` datetime NOT NULL,
  `uid` char(36) COLLATE utf8_unicode_ci NOT NULL DEFAULT '0',
  PRIMARY KEY (`id`),
  UNIQUE KEY `craft_assetsources_name_unq_idx` (`name`),
  UNIQUE KEY `craft_assetsources_handle_unq_idx` (`handle`),
  KEY `craft_assetsources_fieldLayoutId_fk` (`fieldLayoutId`)
) ENGINE=InnoDB AUTO_INCREMENT=6 DEFAULT CHARSET=utf8 COLLATE=utf8_unicode_ci;

--
-- Data for table `craft_assetsources`
--

INSERT INTO `craft_assetsources` (`id`, `name`, `handle`, `type`, `settings`, `sortOrder`, `fieldLayoutId`, `dateCreated`, `dateUpdated`, `uid`) VALUES
 ('1', 'Common Site Assets', 'commonSiteAssets', 'Local', '{\"path\":\"{craftAssetsBasePath}\\/site\\/\",\"publicURLs\":\"1\",\"url\":\"{craftAssetsBaseUrl}\\/site\\/\"}', '1', '15', '2018-04-02 10:00:46', '2018-04-02 11:34:00', '143deac3-d41d-4320-8046-017946387849'),
 ('2', 'Carouseles', 'carouseles', 'Local', '{\"path\":\"{craftAssetsBasePath}\\/site\\/\",\"publicURLs\":\"1\",\"url\":\"{craftAssetsBaseUrl}\\/site\\/\"}', '2', '106', '2018-04-03 16:27:07', '2018-04-06 07:40:09', 'bac1ebca-1e42-4e36-a196-5bf393d2f19a'),
 ('3', 'Services', 'services', 'Local', '{\"path\":\"{craftAssetsBasePath}\\/site\\/\",\"publicURLs\":\"1\",\"url\":\"{craftAssetsBaseUrl}\\/site\\/\"}', '3', '105', '2018-04-06 07:39:28', '2018-04-06 07:39:28', 'ade0204a-4a12-4227-8a75-21e9f5da1d04'),
 ('4', 'Hovers', 'hovers', 'Local', '{\"path\":\"{craftAssetsBasePath}\\/site\\/\",\"publicURLs\":\"1\",\"url\":\"{craftAssetsBaseUrl}\\/site\\/\"}', '4', '116', '2018-04-06 12:21:02', '2018-04-06 12:21:02', '357cb6ba-5fd9-4506-94f3-e4b2a19b3f26'),
 ('5', 'Facilities', 'facilities', 'Local', '{\"path\":\"{craftAssetsBasePath}\\/site\\/\",\"publicURLs\":\"1\",\"url\":\"{craftAssetsBaseUrl}\\/site\\/\"}', '5', '120', '2018-04-06 12:34:30', '2018-04-06 12:34:30', 'b883808f-98f8-464d-bdf6-9d70ac47bf2e');



DROP TABLE IF EXISTS `craft_assettransformindex`;


--
-- Schema for table `craft_assettransformindex`
--
CREATE TABLE `craft_assettransformindex` (
  `id` int(11) NOT NULL AUTO_INCREMENT,
  `fileId` int(11) NOT NULL,
  `filename` varchar(255) COLLATE utf8_unicode_ci DEFAULT NULL,
  `format` varchar(255) COLLATE utf8_unicode_ci DEFAULT NULL,
  `location` varchar(255) COLLATE utf8_unicode_ci NOT NULL,
  `sourceId` int(11) DEFAULT NULL,
  `fileExists` tinyint(1) DEFAULT NULL,
  `inProgress` tinyint(1) DEFAULT NULL,
  `dateIndexed` datetime DEFAULT NULL,
  `dateCreated` datetime NOT NULL,
  `dateUpdated` datetime NOT NULL,
  `uid` char(36) COLLATE utf8_unicode_ci NOT NULL DEFAULT '0',
  PRIMARY KEY (`id`),
  KEY `craft_assettransformindex_sourceId_fileId_location_idx` (`sourceId`,`fileId`,`location`)
) ENGINE=InnoDB DEFAULT CHARSET=utf8 COLLATE=utf8_unicode_ci;

DROP TABLE IF EXISTS `craft_assettransforms`;


--
-- Schema for table `craft_assettransforms`
--
CREATE TABLE `craft_assettransforms` (
  `id` int(11) NOT NULL AUTO_INCREMENT,
  `name` varchar(255) COLLATE utf8_unicode_ci NOT NULL,
  `handle` varchar(255) COLLATE utf8_unicode_ci NOT NULL,
  `mode` enum('stretch','fit','crop') COLLATE utf8_unicode_ci NOT NULL DEFAULT 'crop',
  `position` enum('top-left','top-center','top-right','center-left','center-center','center-right','bottom-left','bottom-center','bottom-right') COLLATE utf8_unicode_ci NOT NULL DEFAULT 'center-center',
  `height` int(10) DEFAULT NULL,
  `width` int(10) DEFAULT NULL,
  `format` varchar(255) COLLATE utf8_unicode_ci DEFAULT NULL,
  `quality` int(10) DEFAULT NULL,
  `dimensionChangeTime` datetime DEFAULT NULL,
  `dateCreated` datetime NOT NULL,
  `dateUpdated` datetime NOT NULL,
  `uid` char(36) COLLATE utf8_unicode_ci NOT NULL DEFAULT '0',
  PRIMARY KEY (`id`),
  UNIQUE KEY `craft_assettransforms_name_unq_idx` (`name`),
  UNIQUE KEY `craft_assettransforms_handle_unq_idx` (`handle`)
) ENGINE=InnoDB DEFAULT CHARSET=utf8 COLLATE=utf8_unicode_ci;

DROP TABLE IF EXISTS `craft_categories`;


--
-- Schema for table `craft_categories`
--
CREATE TABLE `craft_categories` (
  `id` int(11) NOT NULL,
  `groupId` int(11) NOT NULL,
  `dateCreated` datetime NOT NULL,
  `dateUpdated` datetime NOT NULL,
  `uid` char(36) COLLATE utf8_unicode_ci NOT NULL DEFAULT '0',
  PRIMARY KEY (`id`),
  KEY `craft_categories_groupId_fk` (`groupId`)
) ENGINE=InnoDB DEFAULT CHARSET=utf8 COLLATE=utf8_unicode_ci;

DROP TABLE IF EXISTS `craft_categorygroups`;


--
-- Schema for table `craft_categorygroups`
--
CREATE TABLE `craft_categorygroups` (
  `id` int(11) NOT NULL AUTO_INCREMENT,
  `structureId` int(11) NOT NULL,
  `fieldLayoutId` int(11) DEFAULT NULL,
  `name` varchar(255) COLLATE utf8_unicode_ci NOT NULL,
  `handle` varchar(255) COLLATE utf8_unicode_ci NOT NULL,
  `hasUrls` tinyint(1) unsigned NOT NULL DEFAULT '1',
  `template` varchar(500) COLLATE utf8_unicode_ci DEFAULT NULL,
  `dateCreated` datetime NOT NULL,
  `dateUpdated` datetime NOT NULL,
  `uid` char(36) COLLATE utf8_unicode_ci NOT NULL DEFAULT '0',
  PRIMARY KEY (`id`),
  UNIQUE KEY `craft_categorygroups_name_unq_idx` (`name`),
  UNIQUE KEY `craft_categorygroups_handle_unq_idx` (`handle`),
  KEY `craft_categorygroups_structureId_fk` (`structureId`),
  KEY `craft_categorygroups_fieldLayoutId_fk` (`fieldLayoutId`)
) ENGINE=InnoDB DEFAULT CHARSET=utf8 COLLATE=utf8_unicode_ci;

DROP TABLE IF EXISTS `craft_categorygroups_i18n`;


--
-- Schema for table `craft_categorygroups_i18n`
--
CREATE TABLE `craft_categorygroups_i18n` (
  `id` int(11) NOT NULL AUTO_INCREMENT,
  `groupId` int(11) NOT NULL,
  `locale` char(12) COLLATE utf8_unicode_ci NOT NULL,
  `urlFormat` text COLLATE utf8_unicode_ci,
  `nestedUrlFormat` text COLLATE utf8_unicode_ci,
  `dateCreated` datetime NOT NULL,
  `dateUpdated` datetime NOT NULL,
  `uid` char(36) COLLATE utf8_unicode_ci NOT NULL DEFAULT '0',
  PRIMARY KEY (`id`),
  UNIQUE KEY `craft_categorygroups_i18n_groupId_locale_unq_idx` (`groupId`,`locale`),
  KEY `craft_categorygroups_i18n_locale_fk` (`locale`)
) ENGINE=InnoDB DEFAULT CHARSET=utf8 COLLATE=utf8_unicode_ci;

DROP TABLE IF EXISTS `craft_content`;


--
-- Schema for table `craft_content`
--
CREATE TABLE `craft_content` (
  `id` int(11) NOT NULL AUTO_INCREMENT,
  `elementId` int(11) NOT NULL,
  `locale` char(12) COLLATE utf8_unicode_ci NOT NULL,
  `title` varchar(255) COLLATE utf8_unicode_ci DEFAULT NULL,
  `field_body` text COLLATE utf8_unicode_ci,
  `field_phoneNumber` varchar(20) COLLATE utf8_unicode_ci DEFAULT NULL,
  `field_foundationYear` varchar(4) COLLATE utf8_unicode_ci DEFAULT NULL,
  `field_addressLine1` text COLLATE utf8_unicode_ci,
  `field_addressLine2` text COLLATE utf8_unicode_ci,
  `field_addressLine3` text COLLATE utf8_unicode_ci,
  `field_companyTitle` text COLLATE utf8_unicode_ci,
  `field_logocolored` text COLLATE utf8_unicode_ci,
  `field_logogreyed` text COLLATE utf8_unicode_ci,
  `field_showInMenu` tinyint(1) unsigned NOT NULL DEFAULT '0',
  `field_sortingOrder` tinyint(3) unsigned DEFAULT '0',
  `field_showInFooter` tinyint(1) unsigned NOT NULL DEFAULT '0',
  `field_footerSortingOrder` tinyint(3) unsigned DEFAULT '0',
  `field_socialLink` text COLLATE utf8_unicode_ci,
  `dateCreated` datetime NOT NULL,
  `dateUpdated` datetime NOT NULL,
  `uid` char(36) COLLATE utf8_unicode_ci NOT NULL DEFAULT '0',
  PRIMARY KEY (`id`),
  UNIQUE KEY `craft_content_elementId_locale_unq_idx` (`elementId`,`locale`),
  KEY `craft_content_title_idx` (`title`),
  KEY `craft_content_locale_fk` (`locale`)
) ENGINE=InnoDB AUTO_INCREMENT=69 DEFAULT CHARSET=utf8 COLLATE=utf8_unicode_ci;

--
-- Data for table `craft_content`
--

INSERT INTO `craft_content` (`id`, `elementId`, `locale`, `title`, `field_body`, `field_phoneNumber`, `field_foundationYear`, `field_addressLine1`, `field_addressLine2`, `field_addressLine3`, `field_companyTitle`, `field_logocolored`, `field_logogreyed`, `field_showInMenu`, `field_sortingOrder`, `field_showInFooter`, `field_footerSortingOrder`, `field_socialLink`, `dateCreated`, `dateUpdated`, `uid`) VALUES
 ('1', '1', 'en', NULL, NULL, NULL, NULL, NULL, NULL, NULL, NULL, NULL, NULL, '0', '0', '0', '0', NULL, '2018-03-28 09:59:37', '2018-03-28 14:48:51', 'f2591d2b-3295-452f-baf7-7b08738d7f71'),
 ('2', '2', 'en', 'Welcome to Localhost!', '<p>It’s true, this site doesn’t have a whole lot of content yet, but don’t worry. Our web developers have just installed the CMS, and they’re setting things up for the content editors this very moment. Soon Localhost will be an oasis of fresh perspectives, sharp analyses, and astute opinions that will keep you coming back again and again.</p>', NULL, NULL, NULL, NULL, NULL, NULL, NULL, NULL, '0', '0', '0', '0', NULL, '2018-03-28 09:59:41', '2018-04-02 08:22:04', '73fb41aa-b1f5-49fe-bc06-01fcd7890729'),
 ('3', '3', 'en', 'We just installed Craft!', '<p>Craft is the CMS that’s powering Localhost. It’s beautiful, powerful, flexible, and easy-to-use, and it’s made by Pixel &amp; Tonic. We can’t wait to dive in and see what it’s capable of!</p><!--pagebreak--><p>This is even more captivating content, which you couldn’t see on the News index page because it was entered after a Page Break, and the News index template only likes to show the content on the first page.</p><p>Craft: a nice alternative to Word, if you’re making a website.</p>', NULL, NULL, NULL, NULL, NULL, NULL, NULL, NULL, '0', '0', '0', '0', NULL, '2018-03-28 09:59:41', '2018-03-28 09:59:41', 'a5479f8d-dc1b-448e-a7ac-9c08e8e4c9ed'),
 ('4', '4', 'en', NULL, NULL, '0131  333 1222', '2017', 'Hallyards Farm House', 'Kirkliston', 'EH29 9DZ', 'Bark n’ Fly', '', '', '0', '0', '0', '0', NULL, '2018-04-02 08:37:52', '2018-04-02 09:34:36', 'bb6d9360-a1ab-4e7d-a83a-a220d215d61f'),
 ('7', '7', 'en', 'Logo Inverse', NULL, NULL, NULL, NULL, NULL, NULL, NULL, NULL, NULL, '0', '0', '0', '0', NULL, '2018-04-02 11:34:19', '2018-04-02 11:34:19', 'c7bdf9ef-98f6-4d78-8ed4-ae8dcc63168c'),
 ('8', '8', 'en', 'Logo', NULL, NULL, NULL, NULL, NULL, NULL, NULL, NULL, NULL, '0', '0', '0', '0', NULL, '2018-04-02 11:34:19', '2018-04-02 11:34:19', 'd7ac739a-ed5d-4a72-bf1a-2bddd21cf0c5'),
 ('9', '9', 'en', 'Home', NULL, NULL, NULL, NULL, NULL, NULL, NULL, NULL, NULL, '1', '0', '0', '0', NULL, '2018-04-02 15:22:42', '2018-04-05 11:41:20', '46bdc63d-556d-4519-b711-24b5b386c3eb'),
 ('10', '11', 'en', 'Services', NULL, NULL, NULL, NULL, NULL, NULL, NULL, NULL, NULL, '1', '1', '1', '1', NULL, '2018-04-02 15:32:17', '2018-04-06 09:42:52', 'd6859674-a806-4fa5-8df7-3ec6649db423'),
 ('11', '12', 'en', 'Pricing', NULL, NULL, NULL, NULL, NULL, NULL, NULL, NULL, NULL, '1', '2', '0', '0', NULL, '2018-04-02 15:33:05', '2018-04-04 08:38:45', '35cf2f11-4576-49d0-9507-b5b17d57eb44'),
 ('12', '13', 'en', 'Facilities', NULL, NULL, NULL, NULL, NULL, NULL, NULL, NULL, NULL, '1', '3', '1', '2', NULL, '2018-04-02 15:33:24', '2018-04-06 12:37:17', '84c4c20b-5a2f-4a0c-9abe-d775f5846130'),
 ('13', '14', 'en', 'Training', NULL, NULL, NULL, NULL, NULL, NULL, NULL, NULL, NULL, '1', '4', '1', '5', NULL, '2018-04-02 15:34:08', '2018-04-04 08:38:45', 'a156c025-79c1-4d38-aa15-83d10920f173'),
 ('14', '15', 'en', 'About Us', NULL, NULL, NULL, NULL, NULL, NULL, NULL, NULL, NULL, '1', '5', '1', '3', NULL, '2018-04-02 15:34:22', '2018-04-04 08:38:45', 'f11572a6-123d-45b3-93ef-12d3f33f4de6'),
 ('15', '16', 'en', 'Pupparazzi', NULL, NULL, NULL, NULL, NULL, NULL, NULL, NULL, NULL, '1', '6', '1', '4', NULL, '2018-04-02 15:34:39', '2018-04-04 08:38:45', '06194597-e823-4990-9747-40d8072c0de9'),
 ('16', '17', 'en', 'Contact Us', NULL, NULL, NULL, NULL, NULL, NULL, NULL, NULL, NULL, '1', '7', '1', '6', NULL, '2018-04-02 15:34:57', '2018-04-04 08:38:45', '0b613315-cae3-446e-8fed-071416fc0b94'),
 ('17', '18', 'en', 'Privacy Policy', NULL, NULL, NULL, NULL, NULL, NULL, NULL, NULL, NULL, '0', '0', '1', '7', NULL, '2018-04-03 12:46:49', '2018-04-04 08:38:45', '40524f66-2c3e-4e62-b5ca-46666ca14e45'),
 ('18', '19', 'en', 'Terms & Conditions', NULL, NULL, NULL, NULL, NULL, NULL, NULL, NULL, NULL, '0', '0', '1', '8', NULL, '2018-04-03 12:47:28', '2018-04-04 08:38:45', 'e1cffd2f-24b3-44d9-b498-ebecce80e901'),
 ('19', '20', 'en', 'Cookies', NULL, NULL, NULL, NULL, NULL, NULL, NULL, NULL, NULL, '0', '0', '0', '9', NULL, '2018-04-03 12:47:50', '2018-04-04 08:38:46', '85175129-dfc1-4564-892f-4f511c09baf0'),
 ('20', '21', 'en', 'VAT registration: 264563488', NULL, NULL, NULL, NULL, NULL, NULL, NULL, NULL, NULL, '0', '0', '1', '10', NULL, '2018-04-03 12:48:26', '2018-04-04 08:38:46', '58d5488c-afcc-4d40-88be-95c7da828638'),
 ('21', '22', 'en', 'Facebook', NULL, NULL, NULL, NULL, NULL, NULL, NULL, NULL, NULL, '0', '0', '0', '0', NULL, '2018-04-03 15:07:10', '2018-04-03 15:07:10', '225803f9-6345-4292-b8fc-7d9007bb4bb0'),
 ('22', '23', 'en', 'Instagram', NULL, NULL, NULL, NULL, NULL, NULL, NULL, NULL, NULL, '0', '0', '0', '0', NULL, '2018-04-03 15:07:10', '2018-04-03 15:07:10', '4d9b6806-925c-465b-ad55-0eff2be16862'),
 ('23', '24', 'en', 'Twitter', NULL, NULL, NULL, NULL, NULL, NULL, NULL, NULL, NULL, '0', '0', '0', '0', NULL, '2018-04-03 15:07:11', '2018-04-03 15:07:11', '5c138031-648f-4a2e-b31e-1ce5d0591ae1'),
 ('24', '25', 'en', 'Youtube', NULL, NULL, NULL, NULL, NULL, NULL, NULL, NULL, NULL, '0', '0', '0', '0', NULL, '2018-04-03 15:07:11', '2018-04-03 15:07:11', '1a91fe72-bc52-473d-852e-90c48eaa35f3'),
 ('25', '26', 'en', 'Twitter', NULL, NULL, NULL, NULL, NULL, NULL, NULL, NULL, NULL, '0', '0', '0', '0', 'https://twitter.com/', '2018-04-03 15:08:30', '2018-04-03 15:08:30', '2e541c0d-d99f-4ab2-b01c-dcde492dfb41'),
 ('26', '27', 'en', 'Facebook', NULL, NULL, NULL, NULL, NULL, NULL, NULL, NULL, NULL, '0', '0', '0', '0', 'https://facebook.com/', '2018-04-03 15:08:59', '2018-04-03 15:08:59', 'a40c55a5-41da-4a29-98c2-35a3eaede3dd'),
 ('27', '28', 'en', 'Youtube', NULL, NULL, NULL, NULL, NULL, NULL, NULL, NULL, NULL, '0', '0', '0', '0', 'https://youtube.com/', '2018-04-03 15:09:19', '2018-04-03 15:09:19', '8653423a-284b-4a13-af04-652e442cbb94'),
 ('28', '29', 'en', 'Instagram', NULL, NULL, NULL, NULL, NULL, NULL, NULL, NULL, NULL, '0', '0', '0', '0', 'https://instagram.com/', '2018-04-03 15:09:33', '2018-04-03 15:09:33', 'fbe341e7-0258-446c-90f9-3d3425d98703'),
 ('29', '30', 'en', 'Art Cover Welcome 2', NULL, NULL, NULL, NULL, NULL, NULL, NULL, NULL, NULL, '0', '0', '0', '0', NULL, '2018-04-03 16:29:27', '2018-04-03 16:29:27', 'e4c3c6e7-2782-4dd9-80c5-f43b7f4f9c89'),
 ('30', '31', 'en', 'Art Cover Welcome', NULL, NULL, NULL, NULL, NULL, NULL, NULL, NULL, NULL, '0', '0', '0', '0', NULL, '2018-04-03 16:29:28', '2018-04-03 16:29:28', 'e08a3375-ac98-4c55-a472-aaff60bb551e'),
 ('31', '34', 'en', 'Art Testimonial 1', NULL, NULL, NULL, NULL, NULL, NULL, NULL, NULL, NULL, '0', '0', '0', '0', NULL, '2018-04-05 10:15:06', '2018-04-05 10:15:06', '8fd07b01-680b-4223-bd1a-618d7b2abe9b'),
 ('32', '38', 'en', 'Natural Instinct', NULL, NULL, NULL, NULL, NULL, NULL, NULL, NULL, NULL, '0', '0', '0', '0', NULL, '2018-04-05 10:32:44', '2018-04-05 10:33:40', 'd4fdfb8b-bc6c-46fe-b9a0-3294ff8e5775'),
 ('33', '40', 'en', 'Card 1', NULL, NULL, NULL, NULL, NULL, NULL, NULL, NULL, NULL, '0', '0', '0', '0', NULL, '2018-04-05 11:32:26', '2018-04-05 11:32:26', '6128de9f-89ed-498d-9623-5d70f8599a26'),
 ('34', '41', 'en', 'Card 3', NULL, NULL, NULL, NULL, NULL, NULL, NULL, NULL, NULL, '0', '0', '0', '0', NULL, '2018-04-05 11:32:27', '2018-04-05 11:32:27', '84289c5a-ed8a-4663-96c3-d74a1e3c4c53'),
 ('35', '42', 'en', 'Card 4', NULL, NULL, NULL, NULL, NULL, NULL, NULL, NULL, NULL, '0', '0', '0', '0', NULL, '2018-04-05 11:32:28', '2018-04-05 11:32:28', 'f36a1ba8-eab2-4af6-b045-0263ec5986ca'),
 ('36', '47', 'en', 'Service 1', NULL, NULL, NULL, NULL, NULL, NULL, NULL, NULL, NULL, '0', '0', '0', '0', NULL, '2018-04-06 07:41:01', '2018-04-06 07:41:01', '723436b0-1886-4105-9906-27273d553d47'),
 ('37', '48', 'en', 'Service 2', NULL, NULL, NULL, NULL, NULL, NULL, NULL, NULL, NULL, '0', '0', '0', '0', NULL, '2018-04-06 07:41:24', '2018-04-06 07:41:24', '72056c6f-2666-4642-850d-bd10719d12de'),
 ('38', '49', 'en', 'Service 3', NULL, NULL, NULL, NULL, NULL, NULL, NULL, NULL, NULL, '0', '0', '0', '0', NULL, '2018-04-06 07:41:46', '2018-04-06 07:41:46', '529686c4-b4f6-413e-967a-55cd8f8a0d66'),
 ('39', '50', 'en', 'Service 4', NULL, NULL, NULL, NULL, NULL, NULL, NULL, NULL, NULL, '0', '0', '0', '0', NULL, '2018-04-06 07:42:09', '2018-04-06 07:42:09', 'c641e947-28ec-48e6-a474-5a0f3804fdf0'),
 ('40', '51', 'en', 'Art Cover Service', NULL, NULL, NULL, NULL, NULL, NULL, NULL, NULL, NULL, '0', '0', '0', '0', NULL, '2018-04-06 07:50:02', '2018-04-06 07:50:02', '0b469413-c485-44ef-afc1-bbbe99d32fbb'),
 ('41', '59', 'en', 'Art Cover About', NULL, NULL, NULL, NULL, NULL, NULL, NULL, NULL, NULL, '0', '0', '0', '0', NULL, '2018-04-06 12:21:32', '2018-04-06 12:21:32', '1b99a720-2de8-4e05-ba45-b8c0e1130c3d'),
 ('42', '60', 'en', 'Art Cover Facilities', NULL, NULL, NULL, NULL, NULL, NULL, NULL, NULL, NULL, '0', '0', '0', '0', NULL, '2018-04-06 12:21:33', '2018-04-06 12:21:33', '70e4e878-d21c-4726-af60-046097857e05'),
 ('43', '61', 'en', 'Art Cover Pricing', NULL, NULL, NULL, NULL, NULL, NULL, NULL, NULL, NULL, '0', '0', '0', '0', NULL, '2018-04-06 12:21:33', '2018-04-06 12:21:33', '11955a89-8d80-45f0-bf01-7ba94847a00f'),
 ('45', '63', 'en', 'Art Cover Training', NULL, NULL, NULL, NULL, NULL, NULL, NULL, NULL, NULL, '0', '0', '0', '0', NULL, '2018-04-06 12:22:29', '2018-04-06 12:22:29', 'ed3a9748-8660-439c-845e-bbe63bb142b7'),
 ('48', '66', 'en', 'Art Cover Service', NULL, NULL, NULL, NULL, NULL, NULL, NULL, NULL, NULL, '0', '0', '0', '0', NULL, '2018-04-06 12:25:07', '2018-04-06 12:25:08', '44f576f1-ea82-4ab9-82f2-ccfcbd4fb2f2'),
 ('49', '67', 'en', 'Art Cover Welcome 2', NULL, NULL, NULL, NULL, NULL, NULL, NULL, NULL, NULL, '0', '0', '0', '0', NULL, '2018-04-06 12:25:08', '2018-04-06 12:25:08', '6de4e454-4ba1-48ed-8763-6a211845e2c6'),
 ('50', '68', 'en', 'Art Cover Welcome', NULL, NULL, NULL, NULL, NULL, NULL, NULL, NULL, NULL, '0', '0', '0', '0', NULL, '2018-04-06 12:25:08', '2018-04-06 12:25:08', '9873b5f0-2471-4e67-9a0d-1a58e04a564f'),
 ('51', '69', 'en', 'Facility 1 1', NULL, NULL, NULL, NULL, NULL, NULL, NULL, NULL, NULL, '0', '0', '0', '0', NULL, '2018-04-06 12:35:06', '2018-04-06 12:35:06', 'b8c03e91-c632-4053-8d95-7dd210aeb97f'),
 ('52', '70', 'en', 'Facility 1 2', NULL, NULL, NULL, NULL, NULL, NULL, NULL, NULL, NULL, '0', '0', '0', '0', NULL, '2018-04-06 12:35:07', '2018-04-06 12:35:07', 'a53cad04-7ff9-4cff-8e7d-40803413bccb'),
 ('53', '71', 'en', 'Facility 1 3', NULL, NULL, NULL, NULL, NULL, NULL, NULL, NULL, NULL, '0', '0', '0', '0', NULL, '2018-04-06 12:35:08', '2018-04-06 12:35:08', 'ce73197e-5822-4794-9fb1-54ac87b63968'),
 ('54', '72', 'en', 'Facility 2 1', NULL, NULL, NULL, NULL, NULL, NULL, NULL, NULL, NULL, '0', '0', '0', '0', NULL, '2018-04-06 12:35:17', '2018-04-06 12:35:17', 'b122d9cf-8182-4adc-be56-f3f60cacca64'),
 ('55', '73', 'en', 'Facility 2 2', NULL, NULL, NULL, NULL, NULL, NULL, NULL, NULL, NULL, '0', '0', '0', '0', NULL, '2018-04-06 12:35:17', '2018-04-06 12:35:17', 'd0eeb325-ea0b-4a84-9055-8d93f5711877'),
 ('56', '74', 'en', 'Facility 2 3', NULL, NULL, NULL, NULL, NULL, NULL, NULL, NULL, NULL, '0', '0', '0', '0', NULL, '2018-04-06 12:35:18', '2018-04-06 12:35:18', '8411a377-7642-4486-8d48-f5c33f9a08ff'),
 ('57', '75', 'en', 'Facility 3 1', NULL, NULL, NULL, NULL, NULL, NULL, NULL, NULL, NULL, '0', '0', '0', '0', NULL, '2018-04-06 12:35:33', '2018-04-06 12:35:33', '4f5da060-818c-46d8-8793-dc7c145bbc99'),
 ('58', '76', 'en', 'Facility 3 2', NULL, NULL, NULL, NULL, NULL, NULL, NULL, NULL, NULL, '0', '0', '0', '0', NULL, '2018-04-06 12:35:34', '2018-04-06 12:35:34', '0449422f-23d4-4196-9b3d-02e69b448af4'),
 ('59', '77', 'en', 'Facility 3 3', NULL, NULL, NULL, NULL, NULL, NULL, NULL, NULL, NULL, '0', '0', '0', '0', NULL, '2018-04-06 12:35:35', '2018-04-06 12:35:35', '9e505462-b1e9-4e4e-90e0-e2478bfb88bc'),
 ('60', '78', 'en', 'Facility 4 1', NULL, NULL, NULL, NULL, NULL, NULL, NULL, NULL, NULL, '0', '0', '0', '0', NULL, '2018-04-06 12:35:42', '2018-04-06 12:35:42', 'ffb9dd81-a6ec-4744-a85c-f7d92e1ff2eb'),
 ('61', '79', 'en', 'Facility 4 2', NULL, NULL, NULL, NULL, NULL, NULL, NULL, NULL, NULL, '0', '0', '0', '0', NULL, '2018-04-06 12:35:43', '2018-04-06 12:35:43', '41643681-87a1-4ba2-ae7c-99a74b9c47f5'),
 ('62', '80', 'en', 'Facility 4 3', NULL, NULL, NULL, NULL, NULL, NULL, NULL, NULL, NULL, '0', '0', '0', '0', NULL, '2018-04-06 12:35:44', '2018-04-06 12:35:44', 'e1520099-886d-4b6e-846e-e0137feebc27'),
 ('63', '81', 'en', 'Facility 5 1', NULL, NULL, NULL, NULL, NULL, NULL, NULL, NULL, NULL, '0', '0', '0', '0', NULL, '2018-04-06 12:35:58', '2018-04-06 12:35:58', 'a16f9e78-1e51-45f7-8794-fefe7835224e'),
 ('64', '82', 'en', 'Facility 5 2', NULL, NULL, NULL, NULL, NULL, NULL, NULL, NULL, NULL, '0', '0', '0', '0', NULL, '2018-04-06 12:35:58', '2018-04-06 12:35:58', '02bac269-17b1-49ad-a09b-d29b616fae78'),
 ('65', '83', 'en', 'Facility 5 3', NULL, NULL, NULL, NULL, NULL, NULL, NULL, NULL, NULL, '0', '0', '0', '0', NULL, '2018-04-06 12:35:59', '2018-04-06 12:35:59', '9658c37a-f9ca-484b-98c0-ff0a990dbf15'),
 ('66', '84', 'en', 'Facility 6 1', NULL, NULL, NULL, NULL, NULL, NULL, NULL, NULL, NULL, '0', '0', '0', '0', NULL, '2018-04-06 12:36:14', '2018-04-06 12:36:14', '3a0aa6d1-1cbc-4576-91f7-fc95fddf814f'),
 ('67', '85', 'en', 'Facility 6 2', NULL, NULL, NULL, NULL, NULL, NULL, NULL, NULL, NULL, '0', '0', '0', '0', NULL, '2018-04-06 12:36:15', '2018-04-06 12:36:15', 'e80e234d-4495-4dda-a41c-7de150eddd47'),
 ('68', '86', 'en', 'Facility 6 3', NULL, NULL, NULL, NULL, NULL, NULL, NULL, NULL, NULL, '0', '0', '0', '0', NULL, '2018-04-06 12:36:16', '2018-04-06 12:36:16', '8c504a0a-b4c0-47b6-b9bb-2517e6c7fdd1');



DROP TABLE IF EXISTS `craft_deprecationerrors`;


--
-- Schema for table `craft_deprecationerrors`
--
CREATE TABLE `craft_deprecationerrors` (
  `id` int(11) NOT NULL AUTO_INCREMENT,
  `key` varchar(255) COLLATE utf8_unicode_ci NOT NULL,
  `fingerprint` varchar(255) COLLATE utf8_unicode_ci NOT NULL,
  `lastOccurrence` datetime NOT NULL,
  `file` varchar(255) COLLATE utf8_unicode_ci NOT NULL,
  `line` smallint(6) unsigned NOT NULL,
  `class` varchar(255) COLLATE utf8_unicode_ci DEFAULT NULL,
  `method` varchar(255) COLLATE utf8_unicode_ci DEFAULT NULL,
  `template` varchar(255) COLLATE utf8_unicode_ci DEFAULT NULL,
  `templateLine` smallint(6) unsigned DEFAULT NULL,
  `message` varchar(255) COLLATE utf8_unicode_ci DEFAULT NULL,
  `traces` text COLLATE utf8_unicode_ci,
  `dateCreated` datetime NOT NULL,
  `dateUpdated` datetime NOT NULL,
  `uid` char(36) COLLATE utf8_unicode_ci NOT NULL DEFAULT '0',
  PRIMARY KEY (`id`),
  UNIQUE KEY `craft_deprecationerrors_key_fingerprint_unq_idx` (`key`,`fingerprint`)
) ENGINE=InnoDB DEFAULT CHARSET=utf8 COLLATE=utf8_unicode_ci;

DROP TABLE IF EXISTS `craft_elementindexsettings`;


--
-- Schema for table `craft_elementindexsettings`
--
CREATE TABLE `craft_elementindexsettings` (
  `id` int(11) NOT NULL AUTO_INCREMENT,
  `type` varchar(150) COLLATE utf8_unicode_ci NOT NULL,
  `settings` text COLLATE utf8_unicode_ci,
  `dateCreated` datetime NOT NULL,
  `dateUpdated` datetime NOT NULL,
  `uid` char(36) COLLATE utf8_unicode_ci NOT NULL DEFAULT '0',
  PRIMARY KEY (`id`),
  UNIQUE KEY `craft_elementindexsettings_type_unq_idx` (`type`)
) ENGINE=InnoDB AUTO_INCREMENT=9 DEFAULT CHARSET=utf8 COLLATE=utf8_unicode_ci;

--
-- Data for table `craft_elementindexsettings`
--

INSERT INTO `craft_elementindexsettings` (`id`, `type`, `settings`, `dateCreated`, `dateUpdated`, `uid`) VALUES
 ('1', 'Entry', '{\"sources\":{\"section:3\":{\"tableAttributes\":{\"1\":\"link\",\"2\":\"slug\",\"3\":\"field:11\",\"4\":\"field:15\",\"5\":\"field:16\",\"6\":\"field:17\",\"7\":\"type\"}},\"section:2\":{\"tableAttributes\":{\"1\":\"postDate\",\"2\":\"expiryDate\",\"3\":\"link\"}},\"singles\":{\"tableAttributes\":{\"1\":\"link\",\"2\":\"section\"}},\"*\":{\"tableAttributes\":{\"1\":\"section\",\"2\":\"postDate\",\"3\":\"expiryDate\",\"4\":\"link\"}}}}', '2018-04-02 14:05:13', '2018-04-03 16:23:07', 'a9e1ec3a-6c51-4f56-bd38-e96691dd00a4'),
 ('8', 'Asset', '{\"sourceOrder\":[[\"key\",\"folder:1\"],[\"heading\",\"asdf\"]],\"sources\":{\"folder:1\":{\"tableAttributes\":{\"1\":\"filename\",\"2\":\"size\",\"3\":\"dateModified\"}}}}', '2018-04-03 16:24:05', '2018-04-03 16:24:44', 'facc1d5c-d48c-4011-aa0b-2e63cf6d48bd');



DROP TABLE IF EXISTS `craft_elements`;


--
-- Schema for table `craft_elements`
--
CREATE TABLE `craft_elements` (
  `id` int(11) NOT NULL AUTO_INCREMENT,
  `type` varchar(150) COLLATE utf8_unicode_ci NOT NULL,
  `enabled` tinyint(1) unsigned NOT NULL DEFAULT '1',
  `archived` tinyint(1) unsigned NOT NULL DEFAULT '0',
  `dateCreated` datetime NOT NULL,
  `dateUpdated` datetime NOT NULL,
  `uid` char(36) COLLATE utf8_unicode_ci NOT NULL DEFAULT '0',
  PRIMARY KEY (`id`),
  KEY `craft_elements_type_idx` (`type`),
  KEY `craft_elements_enabled_idx` (`enabled`),
  KEY `craft_elements_archived_dateCreated_idx` (`archived`,`dateCreated`)
) ENGINE=InnoDB AUTO_INCREMENT=94 DEFAULT CHARSET=utf8 COLLATE=utf8_unicode_ci;

--
-- Data for table `craft_elements`
--

INSERT INTO `craft_elements` (`id`, `type`, `enabled`, `archived`, `dateCreated`, `dateUpdated`, `uid`) VALUES
 ('1', 'User', '1', '0', '2018-03-28 09:59:37', '2018-03-28 14:48:51', '8df939f1-b5f6-4f1a-84d0-503a74055fa1'),
 ('2', 'Entry', '1', '0', '2018-03-28 09:59:41', '2018-04-02 08:22:04', 'a5637297-e424-49ac-8709-e8c6ef4db405'),
 ('3', 'Entry', '1', '0', '2018-03-28 09:59:41', '2018-03-28 09:59:41', '65ed17b1-ad84-48b5-9ec9-9facbcf7b1a6'),
 ('4', 'GlobalSet', '1', '0', '2018-04-02 08:37:52', '2018-04-02 09:34:36', 'a328626e-4f92-4ae4-b63e-21ffdd88c76e'),
 ('7', 'Asset', '1', '0', '2018-04-02 11:34:19', '2018-04-02 11:34:19', 'f3b477c7-3304-4c42-8d00-4bbe26c9e8a1'),
 ('8', 'Asset', '1', '0', '2018-04-02 11:34:19', '2018-04-02 11:34:19', '057f5065-4e61-462d-a8b1-285b54f1505a'),
 ('9', 'Entry', '1', '0', '2018-04-02 15:22:42', '2018-04-05 11:41:20', '02c42c26-793f-40a0-9d53-c0e2e754b704'),
 ('10', 'MatrixBlock', '1', '0', '2018-04-02 15:22:42', '2018-04-05 11:41:21', '9d008297-7305-4187-b065-e98be0239899'),
 ('11', 'Entry', '1', '0', '2018-04-02 15:32:17', '2018-04-06 09:42:52', 'a18e01e6-270a-4259-aea7-7fa5553f58c8'),
 ('12', 'Entry', '1', '0', '2018-04-02 15:33:05', '2018-04-04 08:38:45', 'fb1e5793-9493-4d97-933f-81766da355f9'),
 ('13', 'Entry', '1', '0', '2018-04-02 15:33:24', '2018-04-06 12:37:17', '8e5856fe-32fd-43e4-9524-0b34dce8296c'),
 ('14', 'Entry', '1', '0', '2018-04-02 15:34:08', '2018-04-04 08:38:45', 'b7ea500c-5d04-4781-ae33-6ffd17a0f6fe'),
 ('15', 'Entry', '1', '0', '2018-04-02 15:34:22', '2018-04-04 08:38:45', '6f3a3816-2fad-4997-b8b9-43d21267a33b'),
 ('16', 'Entry', '1', '0', '2018-04-02 15:34:39', '2018-04-04 08:38:45', 'b429bcb1-76f3-4ba1-a84e-b7f13f5afe94'),
 ('17', 'Entry', '1', '0', '2018-04-02 15:34:57', '2018-04-04 08:38:45', 'f2acb3ca-2ee3-4950-93e5-7464fb20e44b'),
 ('18', 'Entry', '1', '0', '2018-04-03 12:46:49', '2018-04-04 08:38:45', '5583398a-b086-4915-95e5-9afc6111b4ab'),
 ('19', 'Entry', '1', '0', '2018-04-03 12:47:28', '2018-04-04 08:38:45', '9559d20b-91e9-4df4-b4a5-8766d196dbfb'),
 ('20', 'Entry', '1', '0', '2018-04-03 12:47:50', '2018-04-04 08:38:46', '8545b079-5f20-4e0f-8bf0-9e1333d22fa8'),
 ('21', 'Entry', '1', '0', '2018-04-03 12:48:26', '2018-04-04 08:38:46', '166febe8-de41-4630-8936-e612318b8eb4'),
 ('22', 'Asset', '1', '0', '2018-04-03 15:07:10', '2018-04-03 15:07:10', '269b50ab-fc84-4477-b557-45c15b1e6a3d'),
 ('23', 'Asset', '1', '0', '2018-04-03 15:07:10', '2018-04-03 15:07:10', '2ba3caf2-69f7-465a-8971-4ff09802f192'),
 ('24', 'Asset', '1', '0', '2018-04-03 15:07:11', '2018-04-03 15:07:11', 'de605099-15d4-4f6e-ac67-290e9732ad10'),
 ('25', 'Asset', '1', '0', '2018-04-03 15:07:11', '2018-04-03 15:07:11', 'bc6a81ba-53d7-4aa5-b1fa-d3b55a7d6a54'),
 ('26', 'Entry', '1', '0', '2018-04-03 15:08:30', '2018-04-03 15:08:30', '3a4553e5-0178-4e97-8f5b-bb78f3e2311a'),
 ('27', 'Entry', '1', '0', '2018-04-03 15:08:59', '2018-04-03 15:08:59', '117005e4-d394-4693-b04e-3d3f7179bbf7'),
 ('28', 'Entry', '1', '0', '2018-04-03 15:09:19', '2018-04-03 15:09:19', 'ff879fe4-624f-47d7-80ef-95422db00104'),
 ('29', 'Entry', '1', '0', '2018-04-03 15:09:33', '2018-04-03 15:09:33', '53f512fe-d198-4c2d-a609-984c33ca633c'),
 ('30', 'Asset', '1', '0', '2018-04-03 16:29:27', '2018-04-03 16:29:27', 'f3b6f2e8-858f-4155-b240-2ab1c64c419a'),
 ('31', 'Asset', '1', '0', '2018-04-03 16:29:28', '2018-04-03 16:29:28', '45e4bad1-b747-4843-88be-bdfeec46c60d'),
 ('32', 'MatrixBlock', '1', '0', '2018-04-03 16:32:55', '2018-04-05 11:41:21', 'fd385cbb-ee20-4d2d-8d14-626a40e112b0'),
 ('33', 'MatrixBlock', '1', '0', '2018-04-04 11:01:27', '2018-04-05 11:41:21', '10090924-f246-4ae8-8477-6fcb0eb510c2'),
 ('34', 'Asset', '1', '0', '2018-04-05 10:15:06', '2018-04-05 10:15:06', '3c47d5b5-f107-470e-aefb-efcfd090e5e7'),
 ('35', 'MatrixBlock', '1', '0', '2018-04-05 10:19:28', '2018-04-05 11:41:21', '8dd275b2-af8d-42dc-91c3-295eb60abc69'),
 ('36', 'MatrixBlock', '1', '0', '2018-04-05 10:19:28', '2018-04-05 11:41:21', '40b3c31c-060c-47de-856e-90d2d296717c'),
 ('37', 'MatrixBlock', '1', '0', '2018-04-05 10:19:28', '2018-04-05 11:41:21', 'e633453b-c98f-487b-8244-d0c481121b0a'),
 ('38', 'Asset', '1', '0', '2018-04-05 10:32:44', '2018-04-05 10:33:40', '6a961ad1-1cc5-4e79-a837-90cf156133bc'),
 ('39', 'MatrixBlock', '1', '0', '2018-04-05 10:37:37', '2018-04-05 11:41:21', '6d127504-fc72-4b63-b4e7-889beb724eb5'),
 ('40', 'Asset', '1', '0', '2018-04-05 11:32:26', '2018-04-05 11:32:26', 'fd1c5cb6-845f-4513-b75b-403343213ee9'),
 ('41', 'Asset', '1', '0', '2018-04-05 11:32:27', '2018-04-05 11:32:27', '69741cfc-5fda-44b4-a064-023eef3431c3'),
 ('42', 'Asset', '1', '0', '2018-04-05 11:32:28', '2018-04-05 11:32:28', '7ee9d492-ac67-45dc-9c74-83b8d4c3ca1f'),
 ('43', 'MatrixBlock', '1', '0', '2018-04-05 11:34:09', '2018-04-05 11:41:21', '60d9c928-5825-4948-bea2-ddcaddead487'),
 ('44', 'MatrixBlock', '1', '0', '2018-04-05 11:35:39', '2018-04-05 11:41:21', 'd7fedc78-a8c1-4f34-b696-7ce2c997bf5e'),
 ('45', 'MatrixBlock', '1', '0', '2018-04-05 11:35:39', '2018-04-05 11:41:21', 'c182ebce-1485-4cea-8fad-a39781d5521d'),
 ('46', 'MatrixBlock', '1', '0', '2018-04-05 11:35:39', '2018-04-05 11:41:21', 'c42f8688-9f89-4dc0-9a38-390363cfc3d9'),
 ('47', 'Asset', '1', '0', '2018-04-06 07:41:01', '2018-04-06 07:41:01', '5b1f8402-eaec-442c-acda-d5a01c6e0931'),
 ('48', 'Asset', '1', '0', '2018-04-06 07:41:24', '2018-04-06 07:41:24', '226a097f-191d-4f94-8702-8588a8e04dbf'),
 ('49', 'Asset', '1', '0', '2018-04-06 07:41:46', '2018-04-06 07:41:46', '5ff97bca-0aff-44b1-9f7d-fdc3566dae17'),
 ('50', 'Asset', '1', '0', '2018-04-06 07:42:09', '2018-04-06 07:42:09', 'c3e3c312-8e33-4482-80a6-37cfd6a25799'),
 ('51', 'Asset', '1', '0', '2018-04-06 07:50:02', '2018-04-06 07:50:02', 'e1bdc17f-07f7-47af-8b16-c37264d4ab9c'),
 ('52', 'MatrixBlock', '1', '0', '2018-04-06 08:10:45', '2018-04-06 09:42:52', '129c132a-84a4-4c29-b71d-07b428df70aa'),
 ('53', 'MatrixBlock', '1', '0', '2018-04-06 08:26:49', '2018-04-06 09:42:52', '468b2ecf-76c5-47c0-802c-95f50f979e23'),
 ('54', 'MatrixBlock', '1', '0', '2018-04-06 08:55:23', '2018-04-06 09:42:52', 'b9d41b2b-2578-43be-beb6-395bc262423f'),
 ('55', 'MatrixBlock', '1', '0', '2018-04-06 08:55:23', '2018-04-06 09:42:52', '1224049a-146c-4a54-a01d-e1b0387ca767'),
 ('56', 'MatrixBlock', '1', '0', '2018-04-06 08:55:23', '2018-04-06 09:42:52', 'e514910d-fc35-4938-ba88-9e6384c67c2e'),
 ('57', 'MatrixBlock', '1', '0', '2018-04-06 08:55:23', '2018-04-06 09:42:52', '80ad890a-3e90-44f1-8529-f14d3ee76238'),
 ('58', 'MatrixBlock', '1', '0', '2018-04-06 09:42:52', '2018-04-06 09:42:52', '7b619007-e746-40d5-adef-9b23f4ac9591'),
 ('59', 'Asset', '1', '0', '2018-04-06 12:21:32', '2018-04-06 12:21:32', '6ea3eab3-9254-4bd4-a969-5f3e12811b96'),
 ('60', 'Asset', '1', '0', '2018-04-06 12:21:33', '2018-04-06 12:21:33', '47cd6ccd-b0ed-46bf-86bf-7c2e1ae586cd'),
 ('61', 'Asset', '1', '0', '2018-04-06 12:21:33', '2018-04-06 12:21:33', '57b211b9-fb56-497d-ac2f-18564a097d9d'),
 ('63', 'Asset', '1', '0', '2018-04-06 12:22:29', '2018-04-06 12:22:29', 'dd85c533-e401-4805-860f-a56c2707e8f4'),
 ('66', 'Asset', '1', '0', '2018-04-06 12:25:07', '2018-04-06 12:25:08', '5a5b082e-0ac6-46b6-81b6-5c03c7df89c1'),
 ('67', 'Asset', '1', '0', '2018-04-06 12:25:08', '2018-04-06 12:25:08', 'f8e71b53-0e4f-4d69-9322-7875bd52db65'),
 ('68', 'Asset', '1', '0', '2018-04-06 12:25:08', '2018-04-06 12:25:08', '795f7062-d9ab-4f41-b00c-7794ca685771'),
 ('69', 'Asset', '1', '0', '2018-04-06 12:35:06', '2018-04-06 12:35:06', '4e7fdc1e-24f0-4dc4-8e06-600d69109342'),
 ('70', 'Asset', '1', '0', '2018-04-06 12:35:07', '2018-04-06 12:35:07', '8b0edd1d-29a6-4739-a4e2-531606f60fbe'),
 ('71', 'Asset', '1', '0', '2018-04-06 12:35:08', '2018-04-06 12:35:08', '4fce7875-bf2b-47e5-b205-87b5e3ea176b'),
 ('72', 'Asset', '1', '0', '2018-04-06 12:35:17', '2018-04-06 12:35:17', '7b3bf300-1fc4-488d-8bfa-877c6aa027be'),
 ('73', 'Asset', '1', '0', '2018-04-06 12:35:17', '2018-04-06 12:35:17', 'ae8cfebe-784a-4162-b901-e58d977f4584'),
 ('74', 'Asset', '1', '0', '2018-04-06 12:35:18', '2018-04-06 12:35:18', '99dbc848-e435-4248-a645-d9e0788e5ab8'),
 ('75', 'Asset', '1', '0', '2018-04-06 12:35:33', '2018-04-06 12:35:33', '5b42c44a-1c01-4d08-b3b8-b103882b3d3e'),
 ('76', 'Asset', '1', '0', '2018-04-06 12:35:34', '2018-04-06 12:35:34', '33bd59ab-f1eb-48c5-9339-36f671244899'),
 ('77', 'Asset', '1', '0', '2018-04-06 12:35:35', '2018-04-06 12:35:35', '5164e5e1-0841-4f10-b863-921e6ea7020a'),
 ('78', 'Asset', '1', '0', '2018-04-06 12:35:42', '2018-04-06 12:35:42', '58e994e9-6438-4984-b025-45bcd04229c0'),
 ('79', 'Asset', '1', '0', '2018-04-06 12:35:43', '2018-04-06 12:35:43', '709528f4-19bd-4cc7-9310-6d8aad10c35d'),
 ('80', 'Asset', '1', '0', '2018-04-06 12:35:44', '2018-04-06 12:35:44', 'c54f0718-c53f-43c6-8422-909e490f3ecf'),
 ('81', 'Asset', '1', '0', '2018-04-06 12:35:58', '2018-04-06 12:35:58', 'e3ac732b-ac63-48b5-a48f-96e57636ee6b'),
 ('82', 'Asset', '1', '0', '2018-04-06 12:35:58', '2018-04-06 12:35:58', 'd5344f8f-8b56-4aad-81ca-0fefdd4205f3'),
 ('83', 'Asset', '1', '0', '2018-04-06 12:35:59', '2018-04-06 12:35:59', '75a64118-2afe-4ccc-99e3-ba27e9b3d353'),
 ('84', 'Asset', '1', '0', '2018-04-06 12:36:14', '2018-04-06 12:36:14', '1fe60327-8f4c-4e66-be11-a024c9bf05b9'),
 ('85', 'Asset', '1', '0', '2018-04-06 12:36:15', '2018-04-06 12:36:15', '4dfc556c-2951-4535-a6bf-c6ad584ce699'),
 ('86', 'Asset', '1', '0', '2018-04-06 12:36:16', '2018-04-06 12:36:16', '08729336-4821-41ff-9145-6f95688f9b91'),
 ('87', 'MatrixBlock', '1', '0', '2018-04-06 12:37:18', '2018-04-06 12:37:18', 'fdbbba72-b0de-4d29-b893-b7c622b0c29b'),
 ('88', 'MatrixBlock', '1', '0', '2018-04-06 12:37:18', '2018-04-06 12:37:18', 'f8a7d42b-3201-489e-a425-dbebf757bb23'),
 ('89', 'MatrixBlock', '1', '0', '2018-04-06 12:37:18', '2018-04-06 12:37:18', '10c0b2ef-3fe2-4df3-bcf6-bcfa0e096411'),
 ('90', 'MatrixBlock', '1', '0', '2018-04-06 12:37:18', '2018-04-06 12:37:18', 'cd0aa254-60ca-4829-b0cd-d37fb92bef9f'),
 ('91', 'MatrixBlock', '1', '0', '2018-04-06 12:37:18', '2018-04-06 12:37:18', '36deafb7-c6be-414a-a728-5dc35ccf6cb1'),
 ('92', 'MatrixBlock', '1', '0', '2018-04-06 12:37:18', '2018-04-06 12:37:18', '27f183a6-27e2-4ea0-86b3-9dbe0d9abb77'),
 ('93', 'MatrixBlock', '1', '0', '2018-04-06 12:37:18', '2018-04-06 12:37:18', '41085ca3-eac6-4512-be92-3f620345dbdf');



DROP TABLE IF EXISTS `craft_elements_i18n`;


--
-- Schema for table `craft_elements_i18n`
--
CREATE TABLE `craft_elements_i18n` (
  `id` int(11) NOT NULL AUTO_INCREMENT,
  `elementId` int(11) NOT NULL,
  `locale` char(12) COLLATE utf8_unicode_ci NOT NULL,
  `slug` varchar(255) COLLATE utf8_unicode_ci DEFAULT NULL,
  `uri` varchar(255) COLLATE utf8_unicode_ci DEFAULT NULL,
  `enabled` tinyint(1) unsigned NOT NULL DEFAULT '1',
  `dateCreated` datetime NOT NULL,
  `dateUpdated` datetime NOT NULL,
  `uid` char(36) COLLATE utf8_unicode_ci NOT NULL DEFAULT '0',
  PRIMARY KEY (`id`),
  UNIQUE KEY `craft_elements_i18n_elementId_locale_unq_idx` (`elementId`,`locale`),
  UNIQUE KEY `craft_elements_i18n_uri_locale_unq_idx` (`uri`,`locale`),
  KEY `craft_elements_i18n_slug_locale_idx` (`slug`,`locale`),
  KEY `craft_elements_i18n_enabled_idx` (`enabled`),
  KEY `craft_elements_i18n_locale_fk` (`locale`)
) ENGINE=InnoDB AUTO_INCREMENT=94 DEFAULT CHARSET=utf8 COLLATE=utf8_unicode_ci;

--
-- Data for table `craft_elements_i18n`
--

INSERT INTO `craft_elements_i18n` (`id`, `elementId`, `locale`, `slug`, `uri`, `enabled`, `dateCreated`, `dateUpdated`, `uid`) VALUES
 ('1', '1', 'en', '', NULL, '1', '2018-03-28 09:59:37', '2018-03-28 14:48:51', 'da06fe9f-d7be-411c-bd6b-0e0eefc4fef9'),
 ('2', '2', 'en', 'homepage', '__home__', '1', '2018-03-28 09:59:41', '2018-04-02 08:22:04', '9946bcf2-8dc4-4fa0-aaf0-651c51783d9c'),
 ('3', '3', 'en', 'we-just-installed-craft', 'news/2018/we-just-installed-craft', '1', '2018-03-28 09:59:41', '2018-03-28 09:59:41', 'e4b83fbc-a264-495e-9fdf-84fac1977981'),
 ('4', '4', 'en', '', NULL, '1', '2018-04-02 08:37:52', '2018-04-02 09:34:36', '55e995fb-f616-4a5a-8a45-44540d90fdc2'),
 ('7', '7', 'en', 'logo-inverse', NULL, '1', '2018-04-02 11:34:19', '2018-04-02 11:34:19', '54caca08-7fd7-4881-8bbc-7fd71bcc01a7'),
 ('8', '8', 'en', 'logo', NULL, '1', '2018-04-02 11:34:19', '2018-04-02 11:34:19', '180dc1cd-8e79-467f-8aed-825066d4077d'),
 ('9', '9', 'en', 'homepage', 'pages/homepage', '1', '2018-04-02 15:22:42', '2018-04-05 11:41:21', '3be026d8-692c-4c32-94ce-74f3537ccba5'),
 ('10', '10', 'en', '', NULL, '1', '2018-04-02 15:22:42', '2018-04-05 11:41:21', '64a0cc43-439a-4111-b12c-ba38963aee2f'),
 ('11', '11', 'en', 'services', 'pages/services', '1', '2018-04-02 15:32:17', '2018-04-06 09:42:52', '653aba2e-c547-48ce-8359-95bc69ae9184'),
 ('12', '12', 'en', 'pricing', 'pages/pricing', '1', '2018-04-02 15:33:05', '2018-04-04 08:38:45', '1bcb62cf-a5e4-4b88-a761-cba8cb0d90a2'),
 ('13', '13', 'en', 'facilities', 'pages/facilities', '1', '2018-04-02 15:33:24', '2018-04-06 12:37:18', '414e4a79-963a-4bff-81fb-75ca012c3505'),
 ('14', '14', 'en', 'training', 'pages/training', '1', '2018-04-02 15:34:08', '2018-04-04 08:38:45', '107edd4b-e5a5-400d-9977-3209531576d3'),
 ('15', '15', 'en', 'about-us', 'pages/about-us', '1', '2018-04-02 15:34:22', '2018-04-04 08:38:45', 'bdd09fab-53ae-4b84-b168-3123fea6c8d6'),
 ('16', '16', 'en', 'pupparazzi', 'pages/pupparazzi', '1', '2018-04-02 15:34:39', '2018-04-04 08:38:45', 'a788680c-1f98-4e55-a1b4-29e91660d8d1'),
 ('17', '17', 'en', 'contact-us', 'pages/contact-us', '1', '2018-04-02 15:34:57', '2018-04-04 08:38:45', '5f8c93a7-6691-4cb6-a6e0-344cbe4f028e'),
 ('18', '18', 'en', 'privacy-policy', 'pages/privacy-policy', '1', '2018-04-03 12:46:49', '2018-04-04 08:38:45', '3c3f1d10-d950-4def-b25c-5ce648fa2305'),
 ('19', '19', 'en', 'terms-conditions', 'pages/terms-conditions', '1', '2018-04-03 12:47:28', '2018-04-04 08:38:46', 'e1a84250-3fae-48f8-806e-e381ee0670a1'),
 ('20', '20', 'en', 'cookies', 'pages/cookies', '1', '2018-04-03 12:47:50', '2018-04-04 08:38:46', '18402755-7a46-4125-9610-8b855cd862ca'),
 ('21', '21', 'en', 'vat-registration-264563488', 'pages/vat-registration-264563488', '1', '2018-04-03 12:48:26', '2018-04-04 08:38:46', '15d3fcab-eabc-46c4-8bc4-bc03559bb1c6'),
 ('22', '22', 'en', 'facebook', NULL, '1', '2018-04-03 15:07:10', '2018-04-03 15:07:10', 'e9782e82-587a-4602-904f-90635e0c856b'),
 ('23', '23', 'en', 'instagram', NULL, '1', '2018-04-03 15:07:10', '2018-04-03 15:07:10', 'c4310fe3-fce1-46b9-b8c7-48654d0e36f4'),
 ('24', '24', 'en', 'twitter', NULL, '1', '2018-04-03 15:07:11', '2018-04-03 15:07:11', '4146fb33-8564-43b4-8811-0460ee7c880a'),
 ('25', '25', 'en', 'youtube', NULL, '1', '2018-04-03 15:07:11', '2018-04-03 15:07:11', 'a0fee25f-cfc9-42f5-ad6d-0f65a2fb5f5b'),
 ('26', '26', 'en', 'twitter', NULL, '1', '2018-04-03 15:08:30', '2018-04-03 15:08:30', 'c10be9cb-45d7-44e6-9e50-450201c70d68'),
 ('27', '27', 'en', 'facebook', NULL, '1', '2018-04-03 15:08:59', '2018-04-03 15:08:59', '10129301-1e7b-4e77-932a-8b5058880e29'),
 ('28', '28', 'en', 'youtube', NULL, '1', '2018-04-03 15:09:19', '2018-04-03 15:09:19', '63b5bcad-5ae6-4f3b-b590-55c65210eca0'),
 ('29', '29', 'en', 'instagram', NULL, '1', '2018-04-03 15:09:33', '2018-04-03 15:09:33', '41aa3baf-90cb-4c00-8364-4bd37d4e5863'),
 ('30', '30', 'en', 'art-cover-welcome-2', NULL, '1', '2018-04-03 16:29:27', '2018-04-03 16:29:27', '1b2e63cc-61ac-4751-b7ca-568d357b2329'),
 ('31', '31', 'en', 'art-cover-welcome', NULL, '1', '2018-04-03 16:29:28', '2018-04-03 16:29:28', '8bdd6944-266a-4720-9735-b0033d706e0a'),
 ('32', '32', 'en', '', NULL, '1', '2018-04-03 16:32:55', '2018-04-05 11:41:21', '68cd1a42-4c54-43e2-96d0-1fad291b5ace'),
 ('33', '33', 'en', '', NULL, '1', '2018-04-04 11:01:27', '2018-04-05 11:41:21', '0224e6b9-3469-4a85-985b-9a01306bde37'),
 ('34', '34', 'en', 'art-testimonial-1', NULL, '1', '2018-04-05 10:15:06', '2018-04-05 10:15:06', '82d22d0d-ecfc-485e-9019-74ca6e0d02ad'),
 ('35', '35', 'en', '', NULL, '1', '2018-04-05 10:19:28', '2018-04-05 11:41:21', 'cc453178-7671-42cf-9084-893fcb75b36f'),
 ('36', '36', 'en', '', NULL, '1', '2018-04-05 10:19:28', '2018-04-05 11:41:21', '01bc5235-f9fe-4656-a275-2f1402bd44dc'),
 ('37', '37', 'en', '', NULL, '1', '2018-04-05 10:19:28', '2018-04-05 11:41:21', 'f28eeac5-210d-4632-a196-45ce1c76023b'),
 ('38', '38', 'en', 'order-background', NULL, '1', '2018-04-05 10:32:44', '2018-04-05 10:33:40', 'a6187a76-50e9-4433-af0c-65f3b96da7c9'),
 ('39', '39', 'en', '', NULL, '1', '2018-04-05 10:37:37', '2018-04-05 11:41:21', '5cbcf34f-8050-4d4d-8a72-9c789af86672'),
 ('40', '40', 'en', 'card-1', NULL, '1', '2018-04-05 11:32:26', '2018-04-05 11:32:26', '1b0bb0b8-0148-49df-8f3e-a0cf4795b56e'),
 ('41', '41', 'en', 'card-3', NULL, '1', '2018-04-05 11:32:27', '2018-04-05 11:32:27', 'f235a0a0-5bfb-4864-8576-b79887d2d747'),
 ('42', '42', 'en', 'card-4', NULL, '1', '2018-04-05 11:32:28', '2018-04-05 11:32:28', '8513501b-87ee-4e0b-88ea-aba4f7a551f6'),
 ('43', '43', 'en', '', NULL, '1', '2018-04-05 11:34:09', '2018-04-05 11:41:21', '766f6232-1222-48b2-a8dc-61d649353de8'),
 ('44', '44', 'en', '', NULL, '1', '2018-04-05 11:35:39', '2018-04-05 11:41:21', '98525c65-12b0-4074-8002-a78ec76b4a28'),
 ('45', '45', 'en', '', NULL, '1', '2018-04-05 11:35:39', '2018-04-05 11:41:21', 'e9a217c9-db1a-4b80-9792-954371b8939c'),
 ('46', '46', 'en', '', NULL, '1', '2018-04-05 11:35:39', '2018-04-05 11:41:21', 'cf45c032-96a5-415a-b217-37732ceca926'),
 ('47', '47', 'en', 'service-1', NULL, '1', '2018-04-06 07:41:01', '2018-04-06 07:41:01', '1efd88c9-00b0-4f0e-a4d5-bf409cb23389'),
 ('48', '48', 'en', 'service-2', NULL, '1', '2018-04-06 07:41:24', '2018-04-06 07:41:24', '5fd80c98-28aa-40ec-8b24-e852828fbbfe'),
 ('49', '49', 'en', 'service-3', NULL, '1', '2018-04-06 07:41:46', '2018-04-06 07:41:46', '5a54d364-3795-4b06-ae02-628804b30728'),
 ('50', '50', 'en', 'service-4', NULL, '1', '2018-04-06 07:42:09', '2018-04-06 07:42:09', '58f8e874-e83f-4258-bd4c-d3a84d48906f'),
 ('51', '51', 'en', 'art-cover-service', NULL, '1', '2018-04-06 07:50:02', '2018-04-06 07:50:02', 'c10da559-a28e-483e-8fa2-612569a19bb0'),
 ('52', '52', 'en', '', NULL, '1', '2018-04-06 08:10:45', '2018-04-06 09:42:52', '942da23b-4c3f-41b7-abf1-bf3349378511'),
 ('53', '53', 'en', '', NULL, '1', '2018-04-06 08:26:49', '2018-04-06 09:42:52', '395a5b7b-2084-4c76-bda5-b37af208de83'),
 ('54', '54', 'en', '', NULL, '1', '2018-04-06 08:55:23', '2018-04-06 09:42:52', '886794b1-526b-433d-b25c-13ba04c5806e'),
 ('55', '55', 'en', '', NULL, '1', '2018-04-06 08:55:23', '2018-04-06 09:42:52', '61b8c95f-bca8-42f5-90e1-f29bf65a0dd1'),
 ('56', '56', 'en', '', NULL, '1', '2018-04-06 08:55:23', '2018-04-06 09:42:52', '2c8973b3-4baf-4709-9852-8d513b998916'),
 ('57', '57', 'en', '', NULL, '1', '2018-04-06 08:55:23', '2018-04-06 09:42:52', 'c7c242b8-f724-477d-ae51-78f6f166f43a'),
 ('58', '58', 'en', '', NULL, '1', '2018-04-06 09:42:52', '2018-04-06 09:42:52', '98bd6df8-6c64-40ce-84e3-aa56fc80d878'),
 ('59', '59', 'en', 'art-cover-about', NULL, '1', '2018-04-06 12:21:32', '2018-04-06 12:21:32', 'bb192865-d981-491a-bb3d-657a6c949868'),
 ('60', '60', 'en', 'art-cover-facilities', NULL, '1', '2018-04-06 12:21:33', '2018-04-06 12:21:33', '3fad1feb-edd3-40e1-88ed-fc53d20d0059'),
 ('61', '61', 'en', 'art-cover-pricing', NULL, '1', '2018-04-06 12:21:33', '2018-04-06 12:21:33', '5193631a-ac20-4412-85dd-461f417e155a'),
 ('63', '63', 'en', 'art-cover-training', NULL, '1', '2018-04-06 12:22:29', '2018-04-06 12:22:29', '0407847a-fc36-484a-8ee9-8d3f86c22536'),
 ('66', '66', 'en', 'art-cover-service', NULL, '1', '2018-04-06 12:25:07', '2018-04-06 12:25:08', '1de52430-a9f6-4394-a1d4-c5e7d3fcebcf'),
 ('67', '67', 'en', 'art-cover-welcome-2', NULL, '1', '2018-04-06 12:25:08', '2018-04-06 12:25:08', '9020bcc1-5dfc-4ae5-8f7c-db17b8fbf5d1'),
 ('68', '68', 'en', 'art-cover-welcome', NULL, '1', '2018-04-06 12:25:08', '2018-04-06 12:25:08', '705af344-01c0-4b5b-8b84-ed4229dd97ee'),
 ('69', '69', 'en', 'facility-1-1', NULL, '1', '2018-04-06 12:35:06', '2018-04-06 12:35:06', '4718981b-4bc5-4463-8203-a541d97e9384'),
 ('70', '70', 'en', 'facility-1-2', NULL, '1', '2018-04-06 12:35:07', '2018-04-06 12:35:07', '0ce3d6c2-b83f-431c-a9b7-49f12552e948'),
 ('71', '71', 'en', 'facility-1-3', NULL, '1', '2018-04-06 12:35:08', '2018-04-06 12:35:08', '19361e84-ed68-464d-b4fa-1818206f3593'),
 ('72', '72', 'en', 'facility-2-1', NULL, '1', '2018-04-06 12:35:17', '2018-04-06 12:35:17', '80c31342-da10-4faf-95d6-2686b7b0f447'),
 ('73', '73', 'en', 'facility-2-2', NULL, '1', '2018-04-06 12:35:17', '2018-04-06 12:35:17', '34030f7d-51b7-4f43-a6cb-c6c76274d290'),
 ('74', '74', 'en', 'facility-2-3', NULL, '1', '2018-04-06 12:35:18', '2018-04-06 12:35:18', 'e61972d5-f0be-4647-b728-529ff23835f9'),
 ('75', '75', 'en', 'facility-3-1', NULL, '1', '2018-04-06 12:35:33', '2018-04-06 12:35:33', '7e696042-056c-40d8-a143-597a4f047794'),
 ('76', '76', 'en', 'facility-3-2', NULL, '1', '2018-04-06 12:35:34', '2018-04-06 12:35:34', 'd0a0a7d6-1a3a-4de0-8656-203ca397f2b4'),
 ('77', '77', 'en', 'facility-3-3', NULL, '1', '2018-04-06 12:35:35', '2018-04-06 12:35:35', 'd4511127-6d7f-4b97-b4eb-290041fe0f4b'),
 ('78', '78', 'en', 'facility-4-1', NULL, '1', '2018-04-06 12:35:42', '2018-04-06 12:35:42', '69d7c533-db30-45c7-b7bc-59df78e4e96a'),
 ('79', '79', 'en', 'facility-4-2', NULL, '1', '2018-04-06 12:35:43', '2018-04-06 12:35:43', '5928d688-ac12-4b8a-8eec-4e830049ef2e'),
 ('80', '80', 'en', 'facility-4-3', NULL, '1', '2018-04-06 12:35:44', '2018-04-06 12:35:44', 'a078877b-4804-4397-8e12-324ac875cc66'),
 ('81', '81', 'en', 'facility-5-1', NULL, '1', '2018-04-06 12:35:58', '2018-04-06 12:35:58', 'b86de0f4-0af7-4f7e-a3c2-9dee1910b773'),
 ('82', '82', 'en', 'facility-5-2', NULL, '1', '2018-04-06 12:35:58', '2018-04-06 12:35:58', '3d7a4c57-0e96-4bb3-9a5f-14106e13ae6f'),
 ('83', '83', 'en', 'facility-5-3', NULL, '1', '2018-04-06 12:35:59', '2018-04-06 12:35:59', 'ee4c8bd7-519a-442e-9c9f-b76708dda88a'),
 ('84', '84', 'en', 'facility-6-1', NULL, '1', '2018-04-06 12:36:14', '2018-04-06 12:36:14', 'a4c65d41-04c3-4e19-8f5e-947cb48b7684'),
 ('85', '85', 'en', 'facility-6-2', NULL, '1', '2018-04-06 12:36:15', '2018-04-06 12:36:15', '2d4c8508-277f-462b-b2d3-f4d87226343c'),
 ('86', '86', 'en', 'facility-6-3', NULL, '1', '2018-04-06 12:36:16', '2018-04-06 12:36:16', '439bc99f-0c6d-46ca-be1a-3cdf433b248d'),
 ('87', '87', 'en', '', NULL, '1', '2018-04-06 12:37:18', '2018-04-06 12:37:18', '6af5751a-c31a-48aa-9694-bfc01a41e0f2'),
 ('88', '88', 'en', '', NULL, '1', '2018-04-06 12:37:18', '2018-04-06 12:37:18', '85f85236-bb61-4c2b-988e-df939f25d5d7'),
 ('89', '89', 'en', '', NULL, '1', '2018-04-06 12:37:18', '2018-04-06 12:37:18', '28e83c0a-396b-4343-b61f-fee0d45f07bf'),
 ('90', '90', 'en', '', NULL, '1', '2018-04-06 12:37:18', '2018-04-06 12:37:18', '74ba2ce5-4e08-4b1a-8222-1f2f27083b80'),
 ('91', '91', 'en', '', NULL, '1', '2018-04-06 12:37:18', '2018-04-06 12:37:18', '9ec48156-0b45-4a9d-96dd-cddd9a3bc6f0'),
 ('92', '92', 'en', '', NULL, '1', '2018-04-06 12:37:18', '2018-04-06 12:37:18', '9b9506a5-0a8a-4fda-bfd5-b9d4236b0b7b'),
 ('93', '93', 'en', '', NULL, '1', '2018-04-06 12:37:18', '2018-04-06 12:37:18', '7ba2b84d-af84-4ae0-a56e-67622c34a43f');



DROP TABLE IF EXISTS `craft_emailmessages`;


--
-- Schema for table `craft_emailmessages`
--
CREATE TABLE `craft_emailmessages` (
  `id` int(11) NOT NULL AUTO_INCREMENT,
  `key` char(150) COLLATE utf8_unicode_ci NOT NULL,
  `locale` char(12) COLLATE utf8_unicode_ci NOT NULL,
  `subject` varchar(1000) COLLATE utf8_unicode_ci NOT NULL,
  `body` text COLLATE utf8_unicode_ci NOT NULL,
  `dateCreated` datetime NOT NULL,
  `dateUpdated` datetime NOT NULL,
  `uid` char(36) COLLATE utf8_unicode_ci NOT NULL DEFAULT '0',
  PRIMARY KEY (`id`),
  UNIQUE KEY `craft_emailmessages_key_locale_unq_idx` (`key`,`locale`),
  KEY `craft_emailmessages_locale_fk` (`locale`)
) ENGINE=InnoDB DEFAULT CHARSET=utf8 COLLATE=utf8_unicode_ci;

DROP TABLE IF EXISTS `craft_entries`;


--
-- Schema for table `craft_entries`
--
CREATE TABLE `craft_entries` (
  `id` int(11) NOT NULL,
  `sectionId` int(11) NOT NULL,
  `typeId` int(11) DEFAULT NULL,
  `authorId` int(11) DEFAULT NULL,
  `postDate` datetime DEFAULT NULL,
  `expiryDate` datetime DEFAULT NULL,
  `dateCreated` datetime NOT NULL,
  `dateUpdated` datetime NOT NULL,
  `uid` char(36) COLLATE utf8_unicode_ci NOT NULL DEFAULT '0',
  PRIMARY KEY (`id`),
  KEY `craft_entries_sectionId_idx` (`sectionId`),
  KEY `craft_entries_typeId_idx` (`typeId`),
  KEY `craft_entries_postDate_idx` (`postDate`),
  KEY `craft_entries_expiryDate_idx` (`expiryDate`),
  KEY `craft_entries_authorId_fk` (`authorId`)
) ENGINE=InnoDB DEFAULT CHARSET=utf8 COLLATE=utf8_unicode_ci;

--
-- Data for table `craft_entries`
--

INSERT INTO `craft_entries` (`id`, `sectionId`, `typeId`, `authorId`, `postDate`, `expiryDate`, `dateCreated`, `dateUpdated`, `uid`) VALUES
 ('2', '1', '1', NULL, '2018-04-02 08:22:03', NULL, '2018-03-28 09:59:41', '2018-04-02 08:22:03', '6e905ee2-8e5b-45b5-a202-41dff1a3aeb7'),
 ('3', '2', '2', '1', '2018-03-28 09:59:41', NULL, '2018-03-28 09:59:41', '2018-03-28 09:59:41', '3ffaf3c5-bd3f-4f5c-837d-4f673b65c9a2'),
 ('9', '3', '3', '1', '2018-04-02 15:22:00', NULL, '2018-04-02 15:22:42', '2018-04-05 11:41:21', '486094ed-cf30-4a8a-a193-447f6ddd0eb6'),
 ('11', '3', '4', '1', '2018-04-02 15:32:00', NULL, '2018-04-02 15:32:17', '2018-04-06 09:42:52', 'ee4a35ef-3924-4bd8-b772-dc24f1cbccc8'),
 ('12', '3', '5', '1', '2018-04-02 15:33:00', NULL, '2018-04-02 15:33:05', '2018-04-02 15:59:36', 'b4472a92-7cc2-41be-81d9-bb9f6829b547'),
 ('13', '3', '6', '1', '2018-04-02 15:33:00', NULL, '2018-04-02 15:33:24', '2018-04-06 12:37:18', 'c0d89e5d-881b-417c-8e2e-27f27ea866cf'),
 ('14', '3', '7', '1', '2018-04-02 15:34:00', NULL, '2018-04-02 15:34:08', '2018-04-03 12:42:10', '5aa3bed3-bbcc-4792-9853-93b8ddc0ca11'),
 ('15', '3', '8', '1', '2018-04-02 15:34:00', NULL, '2018-04-02 15:34:22', '2018-04-03 12:41:53', '858ad111-6777-4dc9-94ed-8634bfdf66b9'),
 ('16', '3', '9', '1', '2018-04-02 15:34:00', NULL, '2018-04-02 15:34:39', '2018-04-03 12:42:01', '3a3bde7c-6392-41a8-99aa-5a6091af25c7'),
 ('17', '3', '10', '1', '2018-04-02 15:34:00', NULL, '2018-04-02 15:34:57', '2018-04-03 12:42:25', '3a4a99e4-cafc-4b08-8590-d7790dbe95d3'),
 ('18', '3', '11', '1', '2018-04-03 12:46:49', NULL, '2018-04-03 12:46:49', '2018-04-03 12:46:49', '9d0946f8-dc28-4d47-96e2-563b838c7cf8'),
 ('19', '3', '11', '1', '2018-04-03 12:47:28', NULL, '2018-04-03 12:47:28', '2018-04-03 12:47:28', '44c363c0-3590-4e98-80b7-0bdef97a9cf6'),
 ('20', '3', '11', '1', '2018-04-03 12:47:50', NULL, '2018-04-03 12:47:50', '2018-04-03 12:47:50', '4448818c-6d58-46c4-980f-3862cdcb5bcf'),
 ('21', '3', '11', '1', '2018-04-03 12:48:26', NULL, '2018-04-03 12:48:26', '2018-04-03 12:48:26', '3845d1a6-7586-45df-972e-a848cdfc35d2'),
 ('26', '4', '12', '1', '2018-04-03 15:07:00', NULL, '2018-04-03 15:08:30', '2018-04-03 15:08:30', '87c3b2b6-cd08-4901-a7b2-d963318c9cbb'),
 ('27', '4', '12', '1', '2018-04-03 15:08:59', NULL, '2018-04-03 15:08:59', '2018-04-03 15:08:59', '795656e0-68fb-4473-9edd-1d024d25d1ea'),
 ('28', '4', '12', '1', '2018-04-03 15:09:19', NULL, '2018-04-03 15:09:19', '2018-04-03 15:09:19', '51b81bec-11f2-45e0-bd05-1e0a5aa1efb1'),
 ('29', '4', '12', '1', '2018-04-03 15:09:33', NULL, '2018-04-03 15:09:34', '2018-04-03 15:09:34', 'c30da4d9-72d6-4ef3-83cb-a0c164617e5e');



DROP TABLE IF EXISTS `craft_entrydrafts`;


--
-- Schema for table `craft_entrydrafts`
--
CREATE TABLE `craft_entrydrafts` (
  `id` int(11) NOT NULL AUTO_INCREMENT,
  `entryId` int(11) NOT NULL,
  `sectionId` int(11) NOT NULL,
  `creatorId` int(11) NOT NULL,
  `locale` char(12) COLLATE utf8_unicode_ci NOT NULL,
  `name` varchar(255) COLLATE utf8_unicode_ci NOT NULL,
  `notes` tinytext COLLATE utf8_unicode_ci,
  `data` mediumtext COLLATE utf8_unicode_ci NOT NULL,
  `dateCreated` datetime NOT NULL,
  `dateUpdated` datetime NOT NULL,
  `uid` char(36) COLLATE utf8_unicode_ci NOT NULL DEFAULT '0',
  PRIMARY KEY (`id`),
  KEY `craft_entrydrafts_entryId_locale_idx` (`entryId`,`locale`),
  KEY `craft_entrydrafts_sectionId_fk` (`sectionId`),
  KEY `craft_entrydrafts_creatorId_fk` (`creatorId`),
  KEY `craft_entrydrafts_locale_fk` (`locale`)
) ENGINE=InnoDB DEFAULT CHARSET=utf8 COLLATE=utf8_unicode_ci;

DROP TABLE IF EXISTS `craft_entrytypes`;


--
-- Schema for table `craft_entrytypes`
--
CREATE TABLE `craft_entrytypes` (
  `id` int(11) NOT NULL AUTO_INCREMENT,
  `sectionId` int(11) NOT NULL,
  `fieldLayoutId` int(11) DEFAULT NULL,
  `name` varchar(255) COLLATE utf8_unicode_ci NOT NULL,
  `handle` varchar(255) COLLATE utf8_unicode_ci NOT NULL,
  `hasTitleField` tinyint(1) unsigned NOT NULL DEFAULT '1',
  `titleLabel` varchar(255) COLLATE utf8_unicode_ci DEFAULT 'Title',
  `titleFormat` varchar(255) COLLATE utf8_unicode_ci DEFAULT NULL,
  `sortOrder` smallint(6) unsigned DEFAULT NULL,
  `dateCreated` datetime NOT NULL,
  `dateUpdated` datetime NOT NULL,
  `uid` char(36) COLLATE utf8_unicode_ci NOT NULL DEFAULT '0',
  PRIMARY KEY (`id`),
  UNIQUE KEY `craft_entrytypes_name_sectionId_unq_idx` (`name`,`sectionId`),
  UNIQUE KEY `craft_entrytypes_handle_sectionId_unq_idx` (`handle`,`sectionId`),
  KEY `craft_entrytypes_sectionId_fk` (`sectionId`),
  KEY `craft_entrytypes_fieldLayoutId_fk` (`fieldLayoutId`)
) ENGINE=InnoDB AUTO_INCREMENT=13 DEFAULT CHARSET=utf8 COLLATE=utf8_unicode_ci;

--
-- Data for table `craft_entrytypes`
--

INSERT INTO `craft_entrytypes` (`id`, `sectionId`, `fieldLayoutId`, `name`, `handle`, `hasTitleField`, `titleLabel`, `titleFormat`, `sortOrder`, `dateCreated`, `dateUpdated`, `uid`) VALUES
 ('1', '1', '3', 'Homepage', 'homepage', '1', 'Title', NULL, '1', '2018-03-28 09:59:41', '2018-03-28 09:59:41', 'ad51f669-f2e8-4113-870c-fbf060ee9763'),
 ('2', '2', '5', 'News', 'news', '1', 'Title', NULL, '1', '2018-03-28 09:59:41', '2018-03-28 09:59:41', '8fef13a0-8955-4928-aa6c-7dd67b012300'),
 ('3', '3', '94', 'Home Page', 'homePage', '1', 'Title', NULL, '1', '2018-04-02 13:55:56', '2018-04-05 11:28:18', 'ef393d08-9c89-4382-bfe7-4e061b737000'),
 ('4', '3', '115', 'Services Page', 'servicesPage', '1', 'Title', NULL, '2', '2018-04-02 15:01:27', '2018-04-06 09:41:46', '34910f26-d3c7-488d-9193-aee2ece6843c'),
 ('5', '3', '61', 'Pricing Page', 'pricingPage', '1', 'Title', NULL, '3', '2018-04-02 15:17:20', '2018-04-03 12:39:47', 'd971b4cb-060c-4ef9-9f01-f4fc9fceab8a'),
 ('6', '3', '119', 'Facilities Page', 'facilitiesPage', '1', 'Title', NULL, '4', '2018-04-02 15:17:39', '2018-04-06 12:30:40', '725c8b10-6fa6-4fa2-8195-9de7ba3ddf7b'),
 ('7', '3', '63', 'Training Page', 'trainingPage', '1', 'Title', NULL, '5', '2018-04-02 15:19:06', '2018-04-03 12:40:14', '41d83102-ad68-41a9-8960-c6da10cc6dbd'),
 ('8', '3', '64', 'About Us Page', 'aboutUsPage', '1', 'Title', NULL, '6', '2018-04-02 15:19:28', '2018-04-03 12:40:29', '010720ac-4849-4330-a65d-6f13dab2963d'),
 ('9', '3', '65', 'Pupparazzi Page', 'pupparazziPage', '1', 'Title', NULL, '7', '2018-04-02 15:19:53', '2018-04-03 12:40:38', 'd4570480-d255-464c-bbaa-c4baf06c247b'),
 ('10', '3', '66', 'Contact Us Page', 'contactUsPage', '1', 'Title', NULL, '8', '2018-04-02 15:20:12', '2018-04-03 12:40:48', 'fff601b4-b7f1-4e4a-adf3-f8b01e4e3ecf'),
 ('11', '3', '68', 'Mere Page', 'merePage', '1', 'Title', NULL, '9', '2018-04-03 12:46:06', '2018-04-03 12:48:40', '80fc7d5c-c3c8-4905-a4c0-97f363a472d1'),
 ('12', '4', '70', 'Social Links', 'socialLinks', '1', 'Title', NULL, '1', '2018-04-03 14:57:48', '2018-04-03 15:02:07', '89cac5b8-3b86-43eb-b271-713b1e753518');



DROP TABLE IF EXISTS `craft_entryversions`;


--
-- Schema for table `craft_entryversions`
--
CREATE TABLE `craft_entryversions` (
  `id` int(11) NOT NULL AUTO_INCREMENT,
  `entryId` int(11) NOT NULL,
  `sectionId` int(11) NOT NULL,
  `creatorId` int(11) DEFAULT NULL,
  `locale` char(12) COLLATE utf8_unicode_ci NOT NULL,
  `num` smallint(6) unsigned NOT NULL,
  `notes` tinytext COLLATE utf8_unicode_ci,
  `data` mediumtext COLLATE utf8_unicode_ci NOT NULL,
  `dateCreated` datetime NOT NULL,
  `dateUpdated` datetime NOT NULL,
  `uid` char(36) COLLATE utf8_unicode_ci NOT NULL DEFAULT '0',
  PRIMARY KEY (`id`),
  KEY `craft_entryversions_entryId_locale_idx` (`entryId`,`locale`),
  KEY `craft_entryversions_sectionId_fk` (`sectionId`),
  KEY `craft_entryversions_creatorId_fk` (`creatorId`),
  KEY `craft_entryversions_locale_fk` (`locale`)
) ENGINE=InnoDB AUTO_INCREMENT=71 DEFAULT CHARSET=utf8 COLLATE=utf8_unicode_ci;

--
-- Data for table `craft_entryversions`
--

INSERT INTO `craft_entryversions` (`id`, `entryId`, `sectionId`, `creatorId`, `locale`, `num`, `notes`, `data`, `dateCreated`, `dateUpdated`, `uid`) VALUES
 ('1', '2', '1', '1', 'en', '1', NULL, '{\"typeId\":\"1\",\"authorId\":null,\"title\":\"Homepage\",\"slug\":\"homepage\",\"postDate\":1522231181,\"expiryDate\":null,\"enabled\":1,\"parentId\":null,\"fields\":[]}', '2018-03-28 09:59:41', '2018-03-28 09:59:41', '7c5f78c9-4ede-4a78-9c45-e4bbde331c07'),
 ('2', '2', '1', '1', 'en', '2', NULL, '{\"typeId\":null,\"authorId\":null,\"title\":\"Welcome to Localhost!\",\"slug\":\"homepage\",\"postDate\":1522231181,\"expiryDate\":null,\"enabled\":\"1\",\"parentId\":null,\"fields\":{\"1\":\"<p>It\\u2019s true, this site doesn\\u2019t have a whole lot of content yet, but don\\u2019t worry. Our web developers have just installed the CMS, and they\\u2019re setting things up for the content editors this very moment. Soon Localhost will be an oasis of fresh perspectives, sharp analyses, and astute opinions that will keep you coming back again and again.<\\/p>\"}}', '2018-03-28 09:59:41', '2018-03-28 09:59:41', '01a0e689-434d-49f7-b478-67602e4bfdab'),
 ('3', '3', '2', '1', 'en', '1', NULL, '{\"typeId\":\"2\",\"authorId\":\"1\",\"title\":\"We just installed Craft!\",\"slug\":\"we-just-installed-craft\",\"postDate\":1522231181,\"expiryDate\":null,\"enabled\":1,\"parentId\":null,\"fields\":[]}', '2018-03-28 09:59:41', '2018-03-28 09:59:41', 'dd9e6475-1481-4498-831f-a4ec81e81f57'),
 ('4', '9', '3', '1', 'en', '1', '', '{\"typeId\":\"3\",\"authorId\":\"1\",\"title\":\"Home\",\"slug\":\"home\",\"postDate\":1522682520,\"expiryDate\":null,\"enabled\":1,\"parentId\":null,\"fields\":{\"11\":\"1\",\"12\":{\"10\":{\"type\":\"topCarousel\",\"enabled\":\"1\",\"fields\":{\"caption\":\"At Bark n\\u2019 Fly, we treat your dog as if it were our own\",\"coverpPcture\":[\"7\"]}}}}}', '2018-04-02 15:22:42', '2018-04-02 15:22:42', '1fb50fbd-66c4-427d-8aea-9efc38de6820'),
 ('5', '9', '3', '1', 'en', '2', '', '{\"typeId\":\"3\",\"authorId\":\"1\",\"title\":\"Home\",\"slug\":\"home\",\"postDate\":1522682520,\"expiryDate\":null,\"enabled\":1,\"parentId\":null,\"fields\":{\"11\":\"1\",\"12\":{\"10\":{\"type\":\"topCarousel\",\"enabled\":\"1\",\"fields\":{\"caption\":\"At Bark n\\u2019 Fly, we treat your dog\\r\\nas if it were our own\",\"coverpPcture\":[\"7\"]}}}}}', '2018-04-02 15:23:29', '2018-04-02 15:23:29', '2f246482-3735-453d-b436-c34b4271c8a9'),
 ('6', '11', '3', '1', 'en', '1', '', '{\"typeId\":\"4\",\"authorId\":\"1\",\"title\":\"Services\",\"slug\":\"services\",\"postDate\":1522683137,\"expiryDate\":null,\"enabled\":1,\"parentId\":null,\"fields\":{\"11\":\"1\"}}', '2018-04-02 15:32:17', '2018-04-02 15:32:17', 'e3a004b3-20bc-46c7-9523-cdfaaf801976'),
 ('7', '12', '3', '1', 'en', '1', '', '{\"typeId\":\"5\",\"authorId\":\"1\",\"title\":\"Pricing\",\"slug\":\"pricing\",\"postDate\":1522683185,\"expiryDate\":null,\"enabled\":1,\"parentId\":null,\"fields\":{\"11\":\"1\"}}', '2018-04-02 15:33:05', '2018-04-02 15:33:05', 'bcf35870-934e-4aba-bd87-449d5f929c66'),
 ('8', '13', '3', '1', 'en', '1', '', '{\"typeId\":\"3\",\"authorId\":\"1\",\"title\":\"Facilities\",\"slug\":\"facilities\",\"postDate\":1522683204,\"expiryDate\":null,\"enabled\":1,\"parentId\":null,\"fields\":{\"11\":\"1\",\"12\":[]}}', '2018-04-02 15:33:24', '2018-04-02 15:33:24', 'fb7d4ace-bbdb-440f-90ed-ca844d701a08'),
 ('9', '13', '3', '1', 'en', '2', '', '{\"typeId\":\"6\",\"authorId\":\"1\",\"title\":\"Facilities\",\"slug\":\"facilities\",\"postDate\":1522683180,\"expiryDate\":null,\"enabled\":1,\"parentId\":null,\"fields\":{\"11\":\"1\"}}', '2018-04-02 15:33:34', '2018-04-02 15:33:34', '569f4a94-1b72-4110-8035-0de126496e01'),
 ('10', '14', '3', '1', 'en', '1', '', '{\"typeId\":\"7\",\"authorId\":\"1\",\"title\":\"Training\",\"slug\":\"training\",\"postDate\":1522683248,\"expiryDate\":null,\"enabled\":1,\"parentId\":null,\"fields\":{\"11\":\"1\"}}', '2018-04-02 15:34:08', '2018-04-02 15:34:08', 'cb10288b-1c77-43a0-bab1-5ff7a80a9547'),
 ('11', '15', '3', '1', 'en', '1', '', '{\"typeId\":\"8\",\"authorId\":\"1\",\"title\":\"About Us\",\"slug\":\"about-us\",\"postDate\":1522683262,\"expiryDate\":null,\"enabled\":1,\"parentId\":null,\"fields\":{\"11\":\"1\"}}', '2018-04-02 15:34:22', '2018-04-02 15:34:22', 'e66ca676-0cde-4e44-8d88-caed3f33ffc7'),
 ('12', '16', '3', '1', 'en', '1', '', '{\"typeId\":\"9\",\"authorId\":\"1\",\"title\":\"Pupparazzi\",\"slug\":\"pupparazzi\",\"postDate\":1522683279,\"expiryDate\":null,\"enabled\":1,\"parentId\":null,\"fields\":{\"11\":\"1\"}}', '2018-04-02 15:34:39', '2018-04-02 15:34:39', '984f3e74-ea3e-445e-ad5c-1879eda6ca7c'),
 ('13', '17', '3', '1', 'en', '1', '', '{\"typeId\":\"10\",\"authorId\":\"1\",\"title\":\"Contact Us\",\"slug\":\"contact-us\",\"postDate\":1522683297,\"expiryDate\":null,\"enabled\":1,\"parentId\":null,\"fields\":{\"11\":\"1\"}}', '2018-04-02 15:34:57', '2018-04-02 15:34:57', 'a7057c73-58a5-4998-896f-fac577e5990a'),
 ('14', '15', '3', '1', 'en', '2', '', '{\"typeId\":\"8\",\"authorId\":\"1\",\"title\":\"About Us\",\"slug\":\"about-us\",\"postDate\":1522683240,\"expiryDate\":null,\"enabled\":1,\"parentId\":null,\"fields\":{\"11\":\"\"}}', '2018-04-02 15:53:07', '2018-04-02 15:53:07', 'b3fa4050-bb7d-4090-81a3-4aeabd199b45'),
 ('15', '17', '3', '1', 'en', '2', '', '{\"typeId\":\"10\",\"authorId\":\"1\",\"title\":\"Contact Us\",\"slug\":\"contact-us\",\"postDate\":1522683240,\"expiryDate\":null,\"enabled\":0,\"parentId\":null,\"fields\":{\"11\":\"1\"}}', '2018-04-02 15:53:30', '2018-04-02 15:53:30', 'b8ae9b1a-75be-4230-855f-fa738da9fa28'),
 ('16', '17', '3', '1', 'en', '3', '', '{\"typeId\":\"10\",\"authorId\":\"1\",\"title\":\"Contact Us\",\"slug\":\"contact-us\",\"postDate\":1522683240,\"expiryDate\":null,\"enabled\":1,\"parentId\":null,\"fields\":{\"11\":\"1\"}}', '2018-04-02 15:53:53', '2018-04-02 15:53:53', 'db484f95-cf9f-4774-b3da-8d5007dd75c7'),
 ('17', '15', '3', '1', 'en', '3', '', '{\"typeId\":\"8\",\"authorId\":\"1\",\"title\":\"About Us\",\"slug\":\"about-us\",\"postDate\":1522683240,\"expiryDate\":null,\"enabled\":1,\"parentId\":null,\"fields\":{\"11\":\"1\"}}', '2018-04-02 15:54:02', '2018-04-02 15:54:02', 'bd0e1073-4019-419e-8567-fff06bd55d0f'),
 ('18', '11', '3', '1', 'en', '2', '', '{\"typeId\":\"4\",\"authorId\":\"1\",\"title\":\"Services\",\"slug\":\"services\",\"postDate\":1522683120,\"expiryDate\":null,\"enabled\":1,\"parentId\":null,\"fields\":{\"11\":\"1\",\"15\":\"1\"}}', '2018-04-02 15:59:28', '2018-04-02 15:59:28', '425239f0-0050-4398-970e-08f985dbec5a'),
 ('19', '12', '3', '1', 'en', '2', '', '{\"typeId\":\"5\",\"authorId\":\"1\",\"title\":\"Pricing\",\"slug\":\"pricing\",\"postDate\":1522683180,\"expiryDate\":null,\"enabled\":1,\"parentId\":null,\"fields\":{\"11\":\"1\",\"15\":\"2\"}}', '2018-04-02 15:59:36', '2018-04-02 15:59:36', 'fcde5da8-8263-45c1-9292-846f3d8a96b3'),
 ('20', '13', '3', '1', 'en', '3', '', '{\"typeId\":\"6\",\"authorId\":\"1\",\"title\":\"Facilities\",\"slug\":\"facilities\",\"postDate\":1522683180,\"expiryDate\":null,\"enabled\":1,\"parentId\":null,\"fields\":{\"11\":\"1\",\"15\":\"3\"}}', '2018-04-02 16:01:13', '2018-04-02 16:01:13', 'd97f7a86-8732-4b75-a421-76249848bf50'),
 ('21', '14', '3', '1', 'en', '2', '', '{\"typeId\":\"7\",\"authorId\":\"1\",\"title\":\"Training\",\"slug\":\"training\",\"postDate\":1522683240,\"expiryDate\":null,\"enabled\":1,\"parentId\":null,\"fields\":{\"11\":\"1\",\"15\":\"4\"}}', '2018-04-02 16:01:26', '2018-04-02 16:01:26', '02065b09-381d-47bb-a252-26b2062b8c66'),
 ('22', '15', '3', '1', 'en', '4', '', '{\"typeId\":\"8\",\"authorId\":\"1\",\"title\":\"About Us\",\"slug\":\"about-us\",\"postDate\":1522683240,\"expiryDate\":null,\"enabled\":1,\"parentId\":null,\"fields\":{\"11\":\"1\",\"15\":\"5\"}}', '2018-04-02 16:01:33', '2018-04-02 16:01:33', '3d16bcfd-38b2-4ae2-99d9-ebc2ee3de1e8'),
 ('23', '16', '3', '1', 'en', '2', '', '{\"typeId\":\"9\",\"authorId\":\"1\",\"title\":\"Pupparazzi\",\"slug\":\"pupparazzi\",\"postDate\":1522683240,\"expiryDate\":null,\"enabled\":1,\"parentId\":null,\"fields\":{\"11\":\"1\",\"15\":\"6\"}}', '2018-04-02 16:01:39', '2018-04-02 16:01:39', '20d89dcc-3314-4f60-9eea-5250538729ab'),
 ('24', '17', '3', '1', 'en', '4', '', '{\"typeId\":\"10\",\"authorId\":\"1\",\"title\":\"Contact Us\",\"slug\":\"contact-us\",\"postDate\":1522683240,\"expiryDate\":null,\"enabled\":1,\"parentId\":null,\"fields\":{\"11\":\"1\",\"15\":\"7\"}}', '2018-04-02 16:01:49', '2018-04-02 16:01:49', '9cc5b97a-1f7c-4206-bc98-b15cf054e75e'),
 ('25', '11', '3', '1', 'en', '3', '', '{\"typeId\":\"4\",\"authorId\":\"1\",\"title\":\"Services\",\"slug\":\"service\",\"postDate\":1522683120,\"expiryDate\":null,\"enabled\":1,\"parentId\":null,\"fields\":{\"11\":\"1\",\"15\":\"1\"}}', '2018-04-03 08:37:52', '2018-04-03 08:37:52', 'ad30afa9-fccb-4771-881b-41f74d16d368'),
 ('26', '9', '3', '1', 'en', '3', '', '{\"typeId\":\"3\",\"authorId\":\"1\",\"title\":\"Home\",\"slug\":\"homepage\",\"postDate\":1522682520,\"expiryDate\":null,\"enabled\":1,\"parentId\":null,\"fields\":{\"11\":\"1\",\"15\":\"0\",\"12\":{\"10\":{\"type\":\"topCarousel\",\"enabled\":\"1\",\"fields\":{\"caption\":\"At Bark n\\u2019 Fly, we treat your dog\\r\\nas if it were our own\",\"coverpPcture\":[\"7\"]}}}}}', '2018-04-03 08:38:13', '2018-04-03 08:38:13', '27c47eb0-1318-4fa7-bc50-2e92cb100c6d'),
 ('27', '11', '3', '1', 'en', '4', '', '{\"typeId\":\"4\",\"authorId\":\"1\",\"title\":\"Services\",\"slug\":\"services\",\"postDate\":1522683120,\"expiryDate\":null,\"enabled\":1,\"parentId\":null,\"fields\":{\"11\":\"1\",\"15\":\"1\"}}', '2018-04-03 09:38:24', '2018-04-03 09:38:24', 'c557ea7f-2097-4783-b5ec-ac39e24ae99e'),
 ('28', '14', '3', '1', 'en', '3', '', '{\"typeId\":\"7\",\"authorId\":\"1\",\"title\":\"Training\",\"slug\":\"training\",\"postDate\":1522683240,\"expiryDate\":null,\"enabled\":1,\"parentId\":null,\"fields\":{\"16\":\"1\",\"11\":\"1\",\"15\":\"4\"}}', '2018-04-03 11:34:23', '2018-04-03 11:34:23', '8db2dc06-04ef-4a8a-b146-f2da0410d529'),
 ('29', '11', '3', '1', 'en', '5', '', '{\"typeId\":\"4\",\"authorId\":\"1\",\"title\":\"Services\",\"slug\":\"services\",\"postDate\":1522683120,\"expiryDate\":null,\"enabled\":1,\"parentId\":null,\"fields\":{\"16\":\"1\",\"11\":\"1\",\"15\":\"1\"}}', '2018-04-03 11:34:29', '2018-04-03 11:34:29', '0d44aff3-0f68-4c24-8734-8af03b96119d'),
 ('30', '16', '3', '1', 'en', '3', '', '{\"typeId\":\"9\",\"authorId\":\"1\",\"title\":\"Pupparazzi\",\"slug\":\"pupparazzi\",\"postDate\":1522683240,\"expiryDate\":null,\"enabled\":1,\"parentId\":null,\"fields\":{\"16\":\"1\",\"11\":\"1\",\"15\":\"6\"}}', '2018-04-03 11:34:34', '2018-04-03 11:34:34', '71154874-9375-4a34-a2cf-e1107c6396ee'),
 ('31', '13', '3', '1', 'en', '4', '', '{\"typeId\":\"6\",\"authorId\":\"1\",\"title\":\"Facilities\",\"slug\":\"facilities\",\"postDate\":1522683180,\"expiryDate\":null,\"enabled\":1,\"parentId\":null,\"fields\":{\"16\":\"1\",\"11\":\"1\",\"15\":\"3\"}}', '2018-04-03 11:34:42', '2018-04-03 11:34:42', 'c8053e89-11ab-4bdc-a583-58623431e476'),
 ('32', '15', '3', '1', 'en', '5', '', '{\"typeId\":\"8\",\"authorId\":\"1\",\"title\":\"About Us\",\"slug\":\"about-us\",\"postDate\":1522683240,\"expiryDate\":null,\"enabled\":1,\"parentId\":null,\"fields\":{\"16\":\"1\",\"11\":\"1\",\"15\":\"5\"}}', '2018-04-03 11:34:48', '2018-04-03 11:34:48', '80e9f620-c860-45c9-abe5-59d9dd7ed38d'),
 ('33', '17', '3', '1', 'en', '5', '', '{\"typeId\":\"10\",\"authorId\":\"1\",\"title\":\"Contact Us\",\"slug\":\"contact-us\",\"postDate\":1522683240,\"expiryDate\":null,\"enabled\":1,\"parentId\":null,\"fields\":{\"16\":\"1\",\"11\":\"1\",\"15\":\"7\"}}', '2018-04-03 11:35:04', '2018-04-03 11:35:04', 'c71d83f4-8d0d-4127-b2ab-c6d60aa90d69'),
 ('34', '11', '3', '1', 'en', '6', '', '{\"typeId\":\"4\",\"authorId\":\"1\",\"title\":\"Services\",\"slug\":\"services\",\"postDate\":1522683120,\"expiryDate\":null,\"enabled\":1,\"parentId\":null,\"fields\":{\"17\":\"1\",\"15\":\"1\",\"16\":\"1\",\"11\":\"1\"}}', '2018-04-03 12:41:34', '2018-04-03 12:41:34', 'c4925fd4-b775-4f7b-ba54-abbf368ba267'),
 ('35', '13', '3', '1', 'en', '5', '', '{\"typeId\":\"6\",\"authorId\":\"1\",\"title\":\"Facilities\",\"slug\":\"facilities\",\"postDate\":1522683180,\"expiryDate\":null,\"enabled\":1,\"parentId\":null,\"fields\":{\"17\":\"2\",\"15\":\"3\",\"16\":\"1\",\"11\":\"1\"}}', '2018-04-03 12:41:45', '2018-04-03 12:41:45', 'ea05baa0-6b4f-4de6-bb24-0f12c0485469'),
 ('36', '15', '3', '1', 'en', '6', '', '{\"typeId\":\"8\",\"authorId\":\"1\",\"title\":\"About Us\",\"slug\":\"about-us\",\"postDate\":1522683240,\"expiryDate\":null,\"enabled\":1,\"parentId\":null,\"fields\":{\"17\":\"3\",\"15\":\"5\",\"16\":\"1\",\"11\":\"1\"}}', '2018-04-03 12:41:53', '2018-04-03 12:41:53', '372c9903-c721-4d00-a745-d1d1d1789e24'),
 ('37', '16', '3', '1', 'en', '4', '', '{\"typeId\":\"9\",\"authorId\":\"1\",\"title\":\"Pupparazzi\",\"slug\":\"pupparazzi\",\"postDate\":1522683240,\"expiryDate\":null,\"enabled\":1,\"parentId\":null,\"fields\":{\"17\":\"4\",\"15\":\"6\",\"16\":\"1\",\"11\":\"1\"}}', '2018-04-03 12:42:01', '2018-04-03 12:42:01', '3070ddc3-a4d3-42fc-82ab-b47f7de53884'),
 ('38', '14', '3', '1', 'en', '4', '', '{\"typeId\":\"7\",\"authorId\":\"1\",\"title\":\"Training\",\"slug\":\"training\",\"postDate\":1522683240,\"expiryDate\":null,\"enabled\":1,\"parentId\":null,\"fields\":{\"17\":\"5\",\"15\":\"4\",\"16\":\"1\",\"11\":\"1\"}}', '2018-04-03 12:42:10', '2018-04-03 12:42:10', '273ff863-cd5c-4148-903c-e7372c3abdb5'),
 ('39', '17', '3', '1', 'en', '6', '', '{\"typeId\":\"10\",\"authorId\":\"1\",\"title\":\"Contact Us\",\"slug\":\"contact-us\",\"postDate\":1522683240,\"expiryDate\":null,\"enabled\":1,\"parentId\":null,\"fields\":{\"17\":\"6\",\"15\":\"7\",\"16\":\"1\",\"11\":\"1\"}}', '2018-04-03 12:42:25', '2018-04-03 12:42:25', 'f2ba4d0f-8aad-4068-8654-86ab30fcba41'),
 ('40', '18', '3', '1', 'en', '1', '', '{\"typeId\":\"11\",\"authorId\":\"1\",\"title\":\"Privacy Policy\",\"slug\":\"privacy-policy\",\"postDate\":1522759609,\"expiryDate\":null,\"enabled\":1,\"parentId\":null,\"fields\":{\"17\":\"7\",\"15\":\"0\",\"16\":\"1\",\"11\":\"\"}}', '2018-04-03 12:46:49', '2018-04-03 12:46:49', '218cde1e-6f6b-45f1-8594-cbfa65b100ca'),
 ('41', '19', '3', '1', 'en', '1', '', '{\"typeId\":\"11\",\"authorId\":\"1\",\"title\":\"Terms & Conditions\",\"slug\":\"terms-conditions\",\"postDate\":1522759648,\"expiryDate\":null,\"enabled\":1,\"parentId\":null,\"fields\":{\"17\":\"8\",\"15\":\"0\",\"16\":\"1\",\"11\":\"\"}}', '2018-04-03 12:47:28', '2018-04-03 12:47:28', '831a8a0a-efd5-4d45-a40a-5fafbdce1a4f'),
 ('42', '20', '3', '1', 'en', '1', '', '{\"typeId\":\"11\",\"authorId\":\"1\",\"title\":\"Cookies\",\"slug\":\"cookies\",\"postDate\":1522759670,\"expiryDate\":null,\"enabled\":1,\"parentId\":null,\"fields\":{\"17\":\"9\",\"15\":\"0\",\"16\":\"\",\"11\":\"\"}}', '2018-04-03 12:47:50', '2018-04-03 12:47:50', '619d8905-4514-4848-9bd5-1565cc55ab4b'),
 ('43', '21', '3', '1', 'en', '1', '', '{\"typeId\":\"11\",\"authorId\":\"1\",\"title\":\"VAT registration: 264563488\",\"slug\":\"vat-registration-264563488\",\"postDate\":1522759706,\"expiryDate\":null,\"enabled\":1,\"parentId\":null,\"fields\":{\"17\":\"10\",\"15\":\"0\",\"16\":\"1\",\"11\":\"\"}}', '2018-04-03 12:48:26', '2018-04-03 12:48:26', '7a2f9628-ed14-4af0-8816-0f6bcdcf9354'),
 ('44', '26', '4', '1', 'en', '1', '', '{\"typeId\":null,\"authorId\":\"1\",\"title\":\"Twitter\",\"slug\":\"twitter\",\"postDate\":1522768020,\"expiryDate\":null,\"enabled\":1,\"parentId\":null,\"fields\":{\"19\":[\"24\"],\"18\":\"https:\\/\\/twitter.com\\/\"}}', '2018-04-03 15:08:30', '2018-04-03 15:08:30', '07953874-8e1e-4b8b-97cf-abeee6699ac8'),
 ('45', '27', '4', '1', 'en', '1', '', '{\"typeId\":null,\"authorId\":\"1\",\"title\":\"Facebook\",\"slug\":\"facebook\",\"postDate\":1522768139,\"expiryDate\":null,\"enabled\":1,\"parentId\":null,\"fields\":{\"19\":[\"22\"],\"18\":\"https:\\/\\/facebook.com\\/\"}}', '2018-04-03 15:08:59', '2018-04-03 15:08:59', '8ddd9b76-176b-4607-8da2-b318702a2266'),
 ('46', '28', '4', '1', 'en', '1', '', '{\"typeId\":null,\"authorId\":\"1\",\"title\":\"Youtube\",\"slug\":\"youtube\",\"postDate\":1522768159,\"expiryDate\":null,\"enabled\":1,\"parentId\":null,\"fields\":{\"19\":[\"25\"],\"18\":\"https:\\/\\/youtube.com\\/\"}}', '2018-04-03 15:09:19', '2018-04-03 15:09:19', 'd75c7c4f-68e9-45d2-a7b0-fbba6ec0ffe2'),
 ('47', '29', '4', '1', 'en', '1', '', '{\"typeId\":null,\"authorId\":\"1\",\"title\":\"Instagram\",\"slug\":\"instagram\",\"postDate\":1522768173,\"expiryDate\":null,\"enabled\":1,\"parentId\":null,\"fields\":{\"19\":[\"23\"],\"18\":\"https:\\/\\/instagram.com\\/\"}}', '2018-04-03 15:09:34', '2018-04-03 15:09:34', 'a69424d4-578a-4094-ac94-f70b3f1b20d2'),
 ('48', '9', '3', '1', 'en', '4', '', '{\"typeId\":\"3\",\"authorId\":\"1\",\"title\":\"Home\",\"slug\":\"homepage\",\"postDate\":1522682520,\"expiryDate\":null,\"enabled\":1,\"parentId\":null,\"fields\":{\"17\":\"0\",\"15\":\"0\",\"16\":\"\",\"11\":\"1\",\"12\":{\"10\":{\"type\":\"topCarousel\",\"enabled\":\"1\",\"fields\":{\"caption\":\"At Bark n\\u2019 Fly, we treat your dog\\r\\nas if it were our own\",\"coverpPcture\":[\"31\"]}},\"32\":{\"type\":\"topCarousel\",\"enabled\":\"1\",\"fields\":{\"caption\":\"At Bark n\\u2019 Fly, we treat your dog\\r\\nas if it were our own\",\"coverpPcture\":[\"30\"]}}}}}', '2018-04-03 16:32:55', '2018-04-03 16:32:55', '359279a8-9962-40b1-94f5-2fa5acaa8a12'),
 ('49', '9', '3', '1', 'en', '5', '', '{\"typeId\":\"3\",\"authorId\":\"1\",\"title\":\"Home\",\"slug\":\"homepage\",\"postDate\":1522682520,\"expiryDate\":null,\"enabled\":1,\"parentId\":null,\"fields\":{\"17\":\"0\",\"15\":\"0\",\"16\":\"\",\"11\":\"1\",\"12\":{\"10\":{\"type\":\"carouselBlock\",\"enabled\":\"\",\"fields\":{\"caption\":\"At Bark n\\u2019 Fly, we treat your dog\\r\\nas if it were our own\",\"coverPicture\":[\"31\"]}},\"32\":{\"type\":\"carouselBlock\",\"enabled\":\"\",\"fields\":{\"caption\":\"At Bark n\\u2019 Fly, we treat your dog\\r\\nas if it were our own\",\"coverPicture\":[\"30\"]}}}}}', '2018-04-04 08:48:32', '2018-04-04 08:48:32', '7ae2aed6-c304-494a-9099-98fedb9939c8'),
 ('50', '9', '3', '1', 'en', '6', '', '{\"typeId\":\"3\",\"authorId\":\"1\",\"title\":\"Home\",\"slug\":\"homepage\",\"postDate\":1522682520,\"expiryDate\":null,\"enabled\":1,\"parentId\":null,\"fields\":{\"17\":\"0\",\"15\":\"0\",\"16\":\"\",\"11\":\"1\",\"12\":{\"10\":{\"type\":\"carouselBlock\",\"enabled\":\"1\",\"fields\":{\"caption\":\"At Bark n\\u2019 Fly, we treat your dog\\r\\nas if it were our own\",\"coverPicture\":[\"31\"]}},\"32\":{\"type\":\"carouselBlock\",\"enabled\":\"1\",\"fields\":{\"caption\":\"At Bark n\\u2019 Fly, we treat your dog\\r\\nas if it were our own\",\"coverPicture\":[\"30\"]}}}}}', '2018-04-04 08:49:07', '2018-04-04 08:49:07', '5398a0f5-308f-4622-9aa2-3b60ee02e5e1'),
 ('51', '9', '3', '1', 'en', '7', '', '{\"typeId\":\"3\",\"authorId\":\"1\",\"title\":\"Home\",\"slug\":\"homepage\",\"postDate\":1522682520,\"expiryDate\":null,\"enabled\":1,\"parentId\":null,\"fields\":{\"20\":{\"33\":{\"type\":\"panel\",\"enabled\":\"1\",\"fields\":{\"topCaption\":\"Start your booking\",\"tab1Title\":\"Dog Boarding\",\"tab1Input1Caption\":\"Start\",\"tab1Input2Caption\":\"End\",\"tab1SubmitButtonCaption\":\"Book now\",\"tab2Title\":\"Dog Day Care \"}}},\"17\":\"0\",\"15\":\"0\",\"16\":\"\",\"11\":\"1\",\"12\":{\"10\":{\"type\":\"carouselBlock\",\"enabled\":\"1\",\"fields\":{\"caption\":\"At Bark n\\u2019 Fly, we treat your dog\\r\\nas if it were our own\",\"coverPicture\":[\"31\"]}},\"32\":{\"type\":\"carouselBlock\",\"enabled\":\"1\",\"fields\":{\"caption\":\"At Bark n\\u2019 Fly, we treat your dog\\r\\nas if it were our own\",\"coverPicture\":[\"30\"]}}}}}', '2018-04-04 11:01:27', '2018-04-04 11:01:27', '6fc1f244-199c-46c9-ac97-1b40ce0190e7'),
 ('52', '9', '3', '1', 'en', '8', '', '{\"typeId\":\"3\",\"authorId\":\"1\",\"title\":\"Home\",\"slug\":\"homepage\",\"postDate\":1522682520,\"expiryDate\":null,\"enabled\":1,\"parentId\":null,\"fields\":{\"20\":{\"33\":{\"type\":\"panel\",\"enabled\":\"1\",\"fields\":{\"topCaption\":\"Start your booking\",\"tab1Title\":\"Dog Boarding\",\"tab1Input1Caption\":\"Start\",\"tab1Input2Caption\":\"End\",\"tab1SubmitButtonCaption\":\"Book now\",\"tab2Title\":\"Dog Day Care \"}}},\"17\":\"0\",\"15\":\"0\",\"16\":\"\",\"11\":\"1\",\"12\":{\"10\":{\"type\":\"carouselBlock\",\"enabled\":\"1\",\"fields\":{\"caption\":\"At Bark n\\u2019 Fly, we treat your dog\\r\\nas if it were our own\",\"coverPicture\":[\"31\"]}},\"32\":{\"type\":\"carouselBlock\",\"enabled\":\"1\",\"fields\":{\"caption\":\"At Bark n\\u2019 Fly, we treat your dog\\r\\nas if it were our own\",\"coverPicture\":[\"30\"]}}}}}', '2018-04-04 11:01:59', '2018-04-04 11:01:59', 'c0835b32-9ea0-471c-a9e6-650f664a3dd7'),
 ('53', '9', '3', '1', 'en', '9', '', '{\"typeId\":\"3\",\"authorId\":\"1\",\"title\":\"Home\",\"slug\":\"homepage\",\"postDate\":1522682520,\"expiryDate\":null,\"enabled\":1,\"parentId\":null,\"fields\":{\"20\":{\"33\":{\"type\":\"panel\",\"enabled\":\"\",\"fields\":{\"topCaption\":\"Start your booking\",\"tab1Title\":\"Dog Boarding\",\"tab1Input1Caption\":\"Start\",\"tab1Input2Caption\":\"End\",\"tab1SubmitButtonCaption\":\"Book now\",\"tab2Title\":\"Dog Day Care \"}}},\"17\":\"0\",\"15\":\"0\",\"16\":\"\",\"11\":\"1\",\"12\":{\"10\":{\"type\":\"carouselBlock\",\"enabled\":\"1\",\"fields\":{\"caption\":\"At Bark n\\u2019 Fly, we treat your dog\\r\\nas if it were our own\",\"coverPicture\":[\"31\"]}},\"32\":{\"type\":\"carouselBlock\",\"enabled\":\"1\",\"fields\":{\"caption\":\"At Bark n\\u2019 Fly, we treat your dog\\r\\nas if it were our own\",\"coverPicture\":[\"30\"]}}}}}', '2018-04-04 11:27:09', '2018-04-04 11:27:09', '55865b76-f3bb-48f9-9bac-d8fa8411330c'),
 ('54', '9', '3', '1', 'en', '10', '', '{\"typeId\":\"3\",\"authorId\":\"1\",\"title\":\"Home\",\"slug\":\"homepage\",\"postDate\":1522682520,\"expiryDate\":null,\"enabled\":1,\"parentId\":null,\"fields\":{\"20\":{\"33\":{\"type\":\"panel\",\"enabled\":\"1\",\"fields\":{\"topCaption\":\"Start your booking\",\"tab1Title\":\"Dog Boarding\",\"tab1Input1Caption\":\"Start\",\"tab1Input2Caption\":\"End\",\"tab1SubmitButtonCaption\":\"Book now\",\"tab2Title\":\"Dog Day Care \"}}},\"17\":\"0\",\"15\":\"0\",\"16\":\"\",\"11\":\"1\",\"12\":{\"10\":{\"type\":\"carouselBlock\",\"enabled\":\"1\",\"fields\":{\"caption\":\"At Bark n\\u2019 Fly, we treat your dog\\r\\nas if it were our own\",\"coverPicture\":[\"31\"]}},\"32\":{\"type\":\"carouselBlock\",\"enabled\":\"1\",\"fields\":{\"caption\":\"At Bark n\\u2019 Fly, we treat your dog\\r\\nas if it were our own\",\"coverPicture\":[\"30\"]}}}}}', '2018-04-04 11:28:18', '2018-04-04 11:28:18', 'b77d43bf-7e85-439d-8fac-2e03fc21a090'),
 ('55', '9', '3', '1', 'en', '11', '', '{\"typeId\":\"3\",\"authorId\":\"1\",\"title\":\"Home\",\"slug\":\"homepage\",\"postDate\":1522682520,\"expiryDate\":null,\"enabled\":1,\"parentId\":null,\"fields\":{\"20\":{\"33\":{\"type\":\"panel\",\"enabled\":\"1\",\"fields\":{\"topCaption\":\"Start your booking\",\"tab1Title\":\"Dog Boarding\",\"tab1Input1Caption\":\"Start\",\"tab1Input2Caption\":\"End\",\"tab1SubmitButtonCaption\":\"Book now\",\"tab2Title\":\"Dog Day Care \"}}},\"27\":{\"35\":{\"type\":\"carouselBlock\",\"enabled\":\"1\",\"fields\":{\"picture\":[\"34\"],\"text\":\"I love coming to Bark n\\u2019 Fly every school day. I get to see all my friends, run about the big field chasing butterflies and sometimes my tail too. The human helpers here are very kind to me and give me delicious healthy treats if I\\u2019m a good boy. In the afternoon I get to play indoors and by the time I see my human friend at home time, I\\u2019m ready for cuddles and belly rubs!\\r\\n\\r\\n                            \",\"author\":\"Eddie\",\"signature\":\"Border Collie & Day Care Guest.\\r\\nHuman friend: Frances\"}},\"36\":{\"type\":\"carouselBlock\",\"enabled\":\"1\",\"fields\":{\"picture\":[\"34\"],\"text\":\"I love coming to Bark n\\u2019 Fly every school day. I get to see all my friends, run about the big field chasing butterflies and sometimes my tail too. The human helpers here are very kind to me and give me delicious healthy treats if I\\u2019m a good boy. In the afternoon I get to play indoors and by the time I see my human friend at home time, I\\u2019m ready for cuddles and belly rubs!\",\"author\":\"Eddie\",\"signature\":\"Border Collie & Day Care Guest.\\r\\nHuman friend: Frances\"}},\"37\":{\"type\":\"carouselBlock\",\"enabled\":\"1\",\"fields\":{\"picture\":[\"34\"],\"text\":\"I love coming to Bark n\\u2019 Fly every school day. I get to see all my friends, run about the big field chasing butterflies and sometimes my tail too. The human helpers here are very kind to me and give me delicious healthy treats if I\\u2019m a good boy. In the afternoon I get to play indoors and by the time I see my human friend at home time, I\\u2019m ready for cuddles and belly rubs!\",\"author\":\"Eddie\",\"signature\":\"Border Collie & Day Care Guest.\\r\\nHuman friend: Frances\"}}},\"17\":\"0\",\"15\":\"0\",\"16\":\"\",\"11\":\"1\",\"12\":{\"10\":{\"type\":\"carouselBlock\",\"enabled\":\"1\",\"fields\":{\"caption\":\"At Bark n\\u2019 Fly, we treat your dog\\r\\nas if it were our own\",\"coverPicture\":[\"31\"]}},\"32\":{\"type\":\"carouselBlock\",\"enabled\":\"1\",\"fields\":{\"caption\":\"At Bark n\\u2019 Fly, we treat your dog\\r\\nas if it were our own\",\"coverPicture\":[\"30\"]}}}}}', '2018-04-05 10:19:28', '2018-04-05 10:19:28', '0dcb0732-1e51-4ed5-b520-93d136a80e48'),
 ('56', '9', '3', '1', 'en', '12', '', '{\"typeId\":\"3\",\"authorId\":\"1\",\"title\":\"Home\",\"slug\":\"homepage\",\"postDate\":1522682520,\"expiryDate\":null,\"enabled\":1,\"parentId\":null,\"fields\":{\"32\":{\"39\":{\"type\":\"adBlock\",\"enabled\":\"1\",\"fields\":{\"coverPicture\":[\"38\"],\"caption\":\"Call us today: 01234 567 890\",\"buttonText\":\"Order form\"}}},\"20\":{\"33\":{\"type\":\"panel\",\"enabled\":\"1\",\"fields\":{\"topCaption\":\"Start your booking\",\"tab1Title\":\"Dog Boarding\",\"tab1Input1Caption\":\"Start\",\"tab1Input2Caption\":\"End\",\"tab1SubmitButtonCaption\":\"Book now\",\"tab2Title\":\"Dog Day Care \"}}},\"27\":{\"35\":{\"type\":\"carouselBlock\",\"enabled\":\"1\",\"fields\":{\"picture\":[\"34\"],\"text\":\"I love coming to Bark n\\u2019 Fly every school day. I get to see all my friends, run about the big field chasing butterflies and sometimes my tail too. The human helpers here are very kind to me and give me delicious healthy treats if I\\u2019m a good boy. In the afternoon I get to play indoors and by the time I see my human friend at home time, I\\u2019m ready for cuddles and belly rubs!\\r\\n\\r\\n                            \",\"author\":\"Eddie\",\"signature\":\"Border Collie & Day Care Guest.\\r\\nHuman friend: Frances\"}},\"36\":{\"type\":\"carouselBlock\",\"enabled\":\"1\",\"fields\":{\"picture\":[\"34\"],\"text\":\"I love coming to Bark n\\u2019 Fly every school day. I get to see all my friends, run about the big field chasing butterflies and sometimes my tail too. The human helpers here are very kind to me and give me delicious healthy treats if I\\u2019m a good boy. In the afternoon I get to play indoors and by the time I see my human friend at home time, I\\u2019m ready for cuddles and belly rubs!\",\"author\":\"Eddie\",\"signature\":\"Border Collie & Day Care Guest.\\r\\nHuman friend: Frances\"}},\"37\":{\"type\":\"carouselBlock\",\"enabled\":\"1\",\"fields\":{\"picture\":[\"34\"],\"text\":\"I love coming to Bark n\\u2019 Fly every school day. I get to see all my friends, run about the big field chasing butterflies and sometimes my tail too. The human helpers here are very kind to me and give me delicious healthy treats if I\\u2019m a good boy. In the afternoon I get to play indoors and by the time I see my human friend at home time, I\\u2019m ready for cuddles and belly rubs!\",\"author\":\"Eddie\",\"signature\":\"Border Collie & Day Care Guest.\\r\\nHuman friend: Frances\"}}},\"17\":\"0\",\"15\":\"0\",\"16\":\"\",\"11\":\"1\",\"12\":{\"10\":{\"type\":\"carouselBlock\",\"enabled\":\"1\",\"fields\":{\"caption\":\"At Bark n\\u2019 Fly, we treat your dog\\r\\nas if it were our own\",\"coverPicture\":[\"31\"]}},\"32\":{\"type\":\"carouselBlock\",\"enabled\":\"1\",\"fields\":{\"caption\":\"At Bark n\\u2019 Fly, we treat your dog\\r\\nas if it were our own\",\"coverPicture\":[\"30\"]}}}}}', '2018-04-05 10:37:37', '2018-04-05 10:37:37', '5d0c69e1-6abb-46fa-9244-49c0b5cf33ed'),
 ('57', '9', '3', '1', 'en', '13', '', '{\"typeId\":\"3\",\"authorId\":\"1\",\"title\":\"Home\",\"slug\":\"homepage\",\"postDate\":1522682520,\"expiryDate\":null,\"enabled\":1,\"parentId\":null,\"fields\":{\"32\":{\"39\":{\"type\":\"adBlock\",\"enabled\":\"1\",\"fields\":{\"coverPicture\":[\"38\"],\"caption\":\"Call us today: 01234 567 890\",\"buttonText\":\"Order form\",\"targetUrl\":\"https:\\/\\/google.com\"}}},\"20\":{\"33\":{\"type\":\"panel\",\"enabled\":\"1\",\"fields\":{\"topCaption\":\"Start your booking\",\"tab1Title\":\"Dog Boarding\",\"tab1Input1Caption\":\"Start\",\"tab1Input2Caption\":\"End\",\"tab1SubmitButtonCaption\":\"Book now\",\"tab2Title\":\"Dog Day Care \"}}},\"27\":{\"35\":{\"type\":\"carouselBlock\",\"enabled\":\"1\",\"fields\":{\"picture\":[\"34\"],\"text\":\"I love coming to Bark n\\u2019 Fly every school day. I get to see all my friends, run about the big field chasing butterflies and sometimes my tail too. The human helpers here are very kind to me and give me delicious healthy treats if I\\u2019m a good boy. In the afternoon I get to play indoors and by the time I see my human friend at home time, I\\u2019m ready for cuddles and belly rubs!\\r\\n\\r\\n                            \",\"author\":\"Eddie\",\"signature\":\"Border Collie & Day Care Guest.\\r\\nHuman friend: Frances\"}},\"36\":{\"type\":\"carouselBlock\",\"enabled\":\"1\",\"fields\":{\"picture\":[\"34\"],\"text\":\"I love coming to Bark n\\u2019 Fly every school day. I get to see all my friends, run about the big field chasing butterflies and sometimes my tail too. The human helpers here are very kind to me and give me delicious healthy treats if I\\u2019m a good boy. In the afternoon I get to play indoors and by the time I see my human friend at home time, I\\u2019m ready for cuddles and belly rubs!\",\"author\":\"Eddie\",\"signature\":\"Border Collie & Day Care Guest.\\r\\nHuman friend: Frances\"}},\"37\":{\"type\":\"carouselBlock\",\"enabled\":\"1\",\"fields\":{\"picture\":[\"34\"],\"text\":\"I love coming to Bark n\\u2019 Fly every school day. I get to see all my friends, run about the big field chasing butterflies and sometimes my tail too. The human helpers here are very kind to me and give me delicious healthy treats if I\\u2019m a good boy. In the afternoon I get to play indoors and by the time I see my human friend at home time, I\\u2019m ready for cuddles and belly rubs!\",\"author\":\"Eddie\",\"signature\":\"Border Collie & Day Care Guest.\\r\\nHuman friend: Frances\"}}},\"17\":\"0\",\"15\":\"0\",\"16\":\"\",\"11\":\"1\",\"12\":{\"10\":{\"type\":\"carouselBlock\",\"enabled\":\"1\",\"fields\":{\"caption\":\"At Bark n\\u2019 Fly, we treat your dog\\r\\nas if it were our own\",\"coverPicture\":[\"31\"]}},\"32\":{\"type\":\"carouselBlock\",\"enabled\":\"1\",\"fields\":{\"caption\":\"At Bark n\\u2019 Fly, we treat your dog\\r\\nas if it were our own\",\"coverPicture\":[\"30\"]}}}}}', '2018-04-05 10:40:02', '2018-04-05 10:40:02', 'c2274098-5d7c-4ca1-b7bf-61b2e7ad3257'),
 ('58', '9', '3', '1', 'en', '14', '', '{\"typeId\":\"3\",\"authorId\":\"1\",\"title\":\"Home\",\"slug\":\"homepage\",\"postDate\":1522682520,\"expiryDate\":null,\"enabled\":1,\"parentId\":null,\"fields\":{\"32\":{\"39\":{\"type\":\"adBlock\",\"enabled\":\"1\",\"fields\":{\"coverPicture\":[\"38\"],\"caption\":\"Call us today: 01234 567 890\",\"buttonText\":\"Order form asdf asd f\",\"targetUrl\":\"https:\\/\\/google.com\"}}},\"20\":{\"33\":{\"type\":\"panel\",\"enabled\":\"1\",\"fields\":{\"topCaption\":\"Start your booking\",\"tab1Title\":\"Dog Boarding\",\"tab1Input1Caption\":\"Start\",\"tab1Input2Caption\":\"End\",\"tab1SubmitButtonCaption\":\"Book now\",\"tab2Title\":\"Dog Day Care \"}}},\"27\":{\"35\":{\"type\":\"carouselBlock\",\"enabled\":\"1\",\"fields\":{\"picture\":[\"34\"],\"text\":\"I love coming to Bark n\\u2019 Fly every school day. I get to see all my friends, run about the big field chasing butterflies and sometimes my tail too. The human helpers here are very kind to me and give me delicious healthy treats if I\\u2019m a good boy. In the afternoon I get to play indoors and by the time I see my human friend at home time, I\\u2019m ready for cuddles and belly rubs!\\r\\n\\r\\n                            \",\"author\":\"Eddie\",\"signature\":\"Border Collie & Day Care Guest.\\r\\nHuman friend: Frances\"}},\"36\":{\"type\":\"carouselBlock\",\"enabled\":\"1\",\"fields\":{\"picture\":[\"34\"],\"text\":\"I love coming to Bark n\\u2019 Fly every school day. I get to see all my friends, run about the big field chasing butterflies and sometimes my tail too. The human helpers here are very kind to me and give me delicious healthy treats if I\\u2019m a good boy. In the afternoon I get to play indoors and by the time I see my human friend at home time, I\\u2019m ready for cuddles and belly rubs!\",\"author\":\"Eddie\",\"signature\":\"Border Collie & Day Care Guest.\\r\\nHuman friend: Frances\"}},\"37\":{\"type\":\"carouselBlock\",\"enabled\":\"1\",\"fields\":{\"picture\":[\"34\"],\"text\":\"I love coming to Bark n\\u2019 Fly every school day. I get to see all my friends, run about the big field chasing butterflies and sometimes my tail too. The human helpers here are very kind to me and give me delicious healthy treats if I\\u2019m a good boy. In the afternoon I get to play indoors and by the time I see my human friend at home time, I\\u2019m ready for cuddles and belly rubs!\",\"author\":\"Eddie\",\"signature\":\"Border Collie & Day Care Guest.\\r\\nHuman friend: Frances\"}}},\"17\":\"0\",\"15\":\"0\",\"16\":\"\",\"11\":\"1\",\"12\":{\"10\":{\"type\":\"carouselBlock\",\"enabled\":\"1\",\"fields\":{\"caption\":\"At Bark n\\u2019 Fly, we treat your dog\\r\\nas if it were our own\",\"coverPicture\":[\"31\"]}},\"32\":{\"type\":\"carouselBlock\",\"enabled\":\"1\",\"fields\":{\"caption\":\"At Bark n\\u2019 Fly, we treat your dog\\r\\nas if it were our own\",\"coverPicture\":[\"30\"]}}}}}', '2018-04-05 11:09:25', '2018-04-05 11:09:25', '8ccd79c7-e0a5-477c-89a5-a33bc10d9b70'),
 ('59', '9', '3', '1', 'en', '15', '', '{\"typeId\":\"3\",\"authorId\":\"1\",\"title\":\"Home\",\"slug\":\"homepage\",\"postDate\":1522682520,\"expiryDate\":null,\"enabled\":1,\"parentId\":null,\"fields\":{\"32\":{\"39\":{\"type\":\"adBlock\",\"enabled\":\"1\",\"fields\":{\"coverPicture\":[\"38\"],\"caption\":\"Call us today: 01234 567 890\",\"buttonText\":\"Order form\",\"targetUrl\":\"https:\\/\\/google.com\"}}},\"20\":{\"33\":{\"type\":\"panel\",\"enabled\":\"1\",\"fields\":{\"topCaption\":\"Start your booking\",\"tab1Title\":\"Dog Boarding\",\"tab1Input1Caption\":\"Start\",\"tab1Input2Caption\":\"End\",\"tab1SubmitButtonCaption\":\"Book now\",\"tab2Title\":\"Dog Day Care \"}}},\"27\":{\"35\":{\"type\":\"carouselBlock\",\"enabled\":\"1\",\"fields\":{\"picture\":[\"34\"],\"text\":\"I love coming to Bark n\\u2019 Fly every school day. I get to see all my friends, run about the big field chasing butterflies and sometimes my tail too. The human helpers here are very kind to me and give me delicious healthy treats if I\\u2019m a good boy. In the afternoon I get to play indoors and by the time I see my human friend at home time, I\\u2019m ready for cuddles and belly rubs!\\r\\n\\r\\n                            \",\"author\":\"Eddie\",\"signature\":\"Border Collie & Day Care Guest.\\r\\nHuman friend: Frances\"}},\"36\":{\"type\":\"carouselBlock\",\"enabled\":\"1\",\"fields\":{\"picture\":[\"34\"],\"text\":\"I love coming to Bark n\\u2019 Fly every school day. I get to see all my friends, run about the big field chasing butterflies and sometimes my tail too. The human helpers here are very kind to me and give me delicious healthy treats if I\\u2019m a good boy. In the afternoon I get to play indoors and by the time I see my human friend at home time, I\\u2019m ready for cuddles and belly rubs!\",\"author\":\"Eddie\",\"signature\":\"Border Collie & Day Care Guest.\\r\\nHuman friend: Frances\"}},\"37\":{\"type\":\"carouselBlock\",\"enabled\":\"1\",\"fields\":{\"picture\":[\"34\"],\"text\":\"I love coming to Bark n\\u2019 Fly every school day. I get to see all my friends, run about the big field chasing butterflies and sometimes my tail too. The human helpers here are very kind to me and give me delicious healthy treats if I\\u2019m a good boy. In the afternoon I get to play indoors and by the time I see my human friend at home time, I\\u2019m ready for cuddles and belly rubs!\",\"author\":\"Eddie\",\"signature\":\"Border Collie & Day Care Guest.\\r\\nHuman friend: Frances\"}}},\"17\":\"0\",\"15\":\"0\",\"16\":\"\",\"11\":\"1\",\"12\":{\"10\":{\"type\":\"carouselBlock\",\"enabled\":\"1\",\"fields\":{\"caption\":\"At Bark n\\u2019 Fly, we treat your dog\\r\\nas if it were our own\",\"coverPicture\":[\"31\"]}},\"32\":{\"type\":\"carouselBlock\",\"enabled\":\"1\",\"fields\":{\"caption\":\"At Bark n\\u2019 Fly, we treat your dog\\r\\nas if it were our own\",\"coverPicture\":[\"30\"]}}}}}', '2018-04-05 11:09:46', '2018-04-05 11:09:46', 'f81d04e0-fd3c-4ed8-99e5-057a98ad464d'),
 ('60', '9', '3', '1', 'en', '16', '', '{\"typeId\":\"3\",\"authorId\":\"1\",\"title\":\"Home\",\"slug\":\"homepage\",\"postDate\":1522682520,\"expiryDate\":null,\"enabled\":1,\"parentId\":null,\"fields\":{\"32\":{\"39\":{\"type\":\"adBlock\",\"enabled\":\"\",\"fields\":{\"coverPicture\":[\"38\"],\"caption\":\"Call us today: 01234 567 890\",\"buttonText\":\"Order form\",\"targetUrl\":\"https:\\/\\/google.com\"}}},\"20\":{\"33\":{\"type\":\"panel\",\"enabled\":\"1\",\"fields\":{\"topCaption\":\"Start your booking\",\"tab1Title\":\"Dog Boarding\",\"tab1Input1Caption\":\"Start\",\"tab1Input2Caption\":\"End\",\"tab1SubmitButtonCaption\":\"Book now\",\"tab2Title\":\"Dog Day Care \"}}},\"27\":{\"35\":{\"type\":\"carouselBlock\",\"enabled\":\"1\",\"fields\":{\"picture\":[\"34\"],\"text\":\"I love coming to Bark n\\u2019 Fly every school day. I get to see all my friends, run about the big field chasing butterflies and sometimes my tail too. The human helpers here are very kind to me and give me delicious healthy treats if I\\u2019m a good boy. In the afternoon I get to play indoors and by the time I see my human friend at home time, I\\u2019m ready for cuddles and belly rubs!\\r\\n\\r\\n                            \",\"author\":\"Eddie\",\"signature\":\"Border Collie & Day Care Guest.\\r\\nHuman friend: Frances\"}},\"36\":{\"type\":\"carouselBlock\",\"enabled\":\"1\",\"fields\":{\"picture\":[\"34\"],\"text\":\"I love coming to Bark n\\u2019 Fly every school day. I get to see all my friends, run about the big field chasing butterflies and sometimes my tail too. The human helpers here are very kind to me and give me delicious healthy treats if I\\u2019m a good boy. In the afternoon I get to play indoors and by the time I see my human friend at home time, I\\u2019m ready for cuddles and belly rubs!\",\"author\":\"Eddie\",\"signature\":\"Border Collie & Day Care Guest.\\r\\nHuman friend: Frances\"}},\"37\":{\"type\":\"carouselBlock\",\"enabled\":\"1\",\"fields\":{\"picture\":[\"34\"],\"text\":\"I love coming to Bark n\\u2019 Fly every school day. I get to see all my friends, run about the big field chasing butterflies and sometimes my tail too. The human helpers here are very kind to me and give me delicious healthy treats if I\\u2019m a good boy. In the afternoon I get to play indoors and by the time I see my human friend at home time, I\\u2019m ready for cuddles and belly rubs!\",\"author\":\"Eddie\",\"signature\":\"Border Collie & Day Care Guest.\\r\\nHuman friend: Frances\"}}},\"17\":\"0\",\"15\":\"0\",\"16\":\"\",\"11\":\"1\",\"12\":{\"10\":{\"type\":\"carouselBlock\",\"enabled\":\"1\",\"fields\":{\"caption\":\"At Bark n\\u2019 Fly, we treat your dog\\r\\nas if it were our own\",\"coverPicture\":[\"31\"]}},\"32\":{\"type\":\"carouselBlock\",\"enabled\":\"1\",\"fields\":{\"caption\":\"At Bark n\\u2019 Fly, we treat your dog\\r\\nas if it were our own\",\"coverPicture\":[\"30\"]}}}}}', '2018-04-05 11:12:19', '2018-04-05 11:12:19', 'd14a0bea-cb9a-42fe-a0fc-90b73b8de1e0'),
 ('61', '9', '3', '1', 'en', '17', '', '{\"typeId\":\"3\",\"authorId\":\"1\",\"title\":\"Home\",\"slug\":\"homepage\",\"postDate\":1522682520,\"expiryDate\":null,\"enabled\":1,\"parentId\":null,\"fields\":{\"32\":{\"39\":{\"type\":\"adBlock\",\"enabled\":\"1\",\"fields\":{\"coverPicture\":[\"38\"],\"caption\":\"Call us today: 01234 567 890\",\"buttonText\":\"Order form\",\"targetUrl\":\"https:\\/\\/google.com\"}}},\"20\":{\"33\":{\"type\":\"panel\",\"enabled\":\"1\",\"fields\":{\"topCaption\":\"Start your booking\",\"tab1Title\":\"Dog Boarding\",\"tab1Input1Caption\":\"Start\",\"tab1Input2Caption\":\"End\",\"tab1SubmitButtonCaption\":\"Book now\",\"tab2Title\":\"Dog Day Care \"}}},\"27\":{\"35\":{\"type\":\"carouselBlock\",\"enabled\":\"1\",\"fields\":{\"picture\":[\"34\"],\"text\":\"I love coming to Bark n\\u2019 Fly every school day. I get to see all my friends, run about the big field chasing butterflies and sometimes my tail too. The human helpers here are very kind to me and give me delicious healthy treats if I\\u2019m a good boy. In the afternoon I get to play indoors and by the time I see my human friend at home time, I\\u2019m ready for cuddles and belly rubs!\\r\\n\\r\\n                            \",\"author\":\"Eddie\",\"signature\":\"Border Collie & Day Care Guest.\\r\\nHuman friend: Frances\"}},\"36\":{\"type\":\"carouselBlock\",\"enabled\":\"1\",\"fields\":{\"picture\":[\"34\"],\"text\":\"I love coming to Bark n\\u2019 Fly every school day. I get to see all my friends, run about the big field chasing butterflies and sometimes my tail too. The human helpers here are very kind to me and give me delicious healthy treats if I\\u2019m a good boy. In the afternoon I get to play indoors and by the time I see my human friend at home time, I\\u2019m ready for cuddles and belly rubs!\",\"author\":\"Eddie\",\"signature\":\"Border Collie & Day Care Guest.\\r\\nHuman friend: Frances\"}},\"37\":{\"type\":\"carouselBlock\",\"enabled\":\"1\",\"fields\":{\"picture\":[\"34\"],\"text\":\"I love coming to Bark n\\u2019 Fly every school day. I get to see all my friends, run about the big field chasing butterflies and sometimes my tail too. The human helpers here are very kind to me and give me delicious healthy treats if I\\u2019m a good boy. In the afternoon I get to play indoors and by the time I see my human friend at home time, I\\u2019m ready for cuddles and belly rubs!\",\"author\":\"Eddie\",\"signature\":\"Border Collie & Day Care Guest.\\r\\nHuman friend: Frances\"}}},\"17\":\"0\",\"15\":\"0\",\"16\":\"\",\"11\":\"1\",\"12\":{\"10\":{\"type\":\"carouselBlock\",\"enabled\":\"1\",\"fields\":{\"caption\":\"At Bark n\\u2019 Fly, we treat your dog\\r\\nas if it were our own\",\"coverPicture\":[\"31\"]}},\"32\":{\"type\":\"carouselBlock\",\"enabled\":\"1\",\"fields\":{\"caption\":\"At Bark n\\u2019 Fly, we treat your dog\\r\\nas if it were our own\",\"coverPicture\":[\"30\"]}}}}}', '2018-04-05 11:12:35', '2018-04-05 11:12:35', 'c763d5d0-ad9e-46b7-86af-06c537e7fde4'),
 ('62', '9', '3', '1', 'en', '18', '', '{\"typeId\":\"3\",\"authorId\":\"1\",\"title\":\"Home\",\"slug\":\"homepage\",\"postDate\":1522682520,\"expiryDate\":null,\"enabled\":1,\"parentId\":null,\"fields\":{\"32\":{\"39\":{\"type\":\"adBlock\",\"enabled\":\"1\",\"fields\":{\"coverPicture\":[\"38\"],\"caption\":\"Call us today: 01234 567 890\",\"buttonText\":\"Order form\",\"targetUrl\":\"https:\\/\\/google.com\"}}},\"20\":{\"33\":{\"type\":\"panel\",\"enabled\":\"1\",\"fields\":{\"topCaption\":\"Start your booking\",\"tab1Title\":\"Dog Boarding\",\"tab1Input1Caption\":\"Start\",\"tab1Input2Caption\":\"End\",\"tab1SubmitButtonCaption\":\"Book now\",\"tab2Title\":\"Dog Day Care \"}}},\"37\":{\"43\":{\"type\":\"servicesBlock\",\"enabled\":\"1\",\"fields\":{\"blockTitle\":\"Your best friend deserves the best care.\",\"caption\":\"At Bark n\\u2019 Fly we specialise in giving dogs more. Established in 2009 we provide premium dog boarding and dog day care throughout Edinburgh & the surrounding area.\",\"backgroundColor\":\"#6cb55a\"}}},\"27\":{\"35\":{\"type\":\"carouselBlock\",\"enabled\":\"1\",\"fields\":{\"picture\":[\"34\"],\"text\":\"I love coming to Bark n\\u2019 Fly every school day. I get to see all my friends, run about the big field chasing butterflies and sometimes my tail too. The human helpers here are very kind to me and give me delicious healthy treats if I\\u2019m a good boy. In the afternoon I get to play indoors and by the time I see my human friend at home time, I\\u2019m ready for cuddles and belly rubs!\\r\\n\\r\\n                            \",\"author\":\"Eddie\",\"signature\":\"Border Collie & Day Care Guest.\\r\\nHuman friend: Frances\"}},\"36\":{\"type\":\"carouselBlock\",\"enabled\":\"1\",\"fields\":{\"picture\":[\"34\"],\"text\":\"I love coming to Bark n\\u2019 Fly every school day. I get to see all my friends, run about the big field chasing butterflies and sometimes my tail too. The human helpers here are very kind to me and give me delicious healthy treats if I\\u2019m a good boy. In the afternoon I get to play indoors and by the time I see my human friend at home time, I\\u2019m ready for cuddles and belly rubs!\",\"author\":\"Eddie\",\"signature\":\"Border Collie & Day Care Guest.\\r\\nHuman friend: Frances\"}},\"37\":{\"type\":\"carouselBlock\",\"enabled\":\"1\",\"fields\":{\"picture\":[\"34\"],\"text\":\"I love coming to Bark n\\u2019 Fly every school day. I get to see all my friends, run about the big field chasing butterflies and sometimes my tail too. The human helpers here are very kind to me and give me delicious healthy treats if I\\u2019m a good boy. In the afternoon I get to play indoors and by the time I see my human friend at home time, I\\u2019m ready for cuddles and belly rubs!\",\"author\":\"Eddie\",\"signature\":\"Border Collie & Day Care Guest.\\r\\nHuman friend: Frances\"}}},\"17\":\"0\",\"15\":\"0\",\"16\":\"\",\"11\":\"1\",\"12\":{\"10\":{\"type\":\"carouselBlock\",\"enabled\":\"1\",\"fields\":{\"caption\":\"At Bark n\\u2019 Fly, we treat your dog\\r\\nas if it were our own\",\"coverPicture\":[\"31\"]}},\"32\":{\"type\":\"carouselBlock\",\"enabled\":\"1\",\"fields\":{\"caption\":\"At Bark n\\u2019 Fly, we treat your dog\\r\\nas if it were our own\",\"coverPicture\":[\"30\"]}}}}}', '2018-04-05 11:34:09', '2018-04-05 11:34:09', '1bd525a1-49a8-47e8-a986-5cd6dec2dbf5'),
 ('63', '9', '3', '1', 'en', '19', '', '{\"typeId\":\"3\",\"authorId\":\"1\",\"title\":\"Home\",\"slug\":\"homepage\",\"postDate\":1522682520,\"expiryDate\":null,\"enabled\":1,\"parentId\":null,\"fields\":{\"32\":{\"39\":{\"type\":\"adBlock\",\"enabled\":\"1\",\"fields\":{\"coverPicture\":[\"38\"],\"caption\":\"Call us today: 01234 567 890\",\"buttonText\":\"Order form\",\"targetUrl\":\"https:\\/\\/google.com\"}}},\"20\":{\"33\":{\"type\":\"panel\",\"enabled\":\"1\",\"fields\":{\"topCaption\":\"Start your booking\",\"tab1Title\":\"Dog Boarding\",\"tab1Input1Caption\":\"Start\",\"tab1Input2Caption\":\"End\",\"tab1SubmitButtonCaption\":\"Book now\",\"tab2Title\":\"Dog Day Care \"}}},\"37\":{\"43\":{\"type\":\"servicesBlock\",\"enabled\":\"1\",\"fields\":{\"blockTitle\":\"Your best friend deserves the best care.\",\"caption\":\"At Bark n\\u2019 Fly we specialise in giving dogs more. Established in 2009 we provide premium dog boarding and dog day care throughout Edinburgh & the surrounding area.\",\"backgroundColor\":\"#6cb55a\"}},\"44\":{\"type\":\"serviceItem\",\"enabled\":\"1\",\"fields\":{\"picture\":[\"40\"],\"caption\":\"Pick ups and Drop Offs\",\"text\":\"We can safely and securely collect or return your furry friend. We even have a handy SMS service, notifying you directly to your mobile phone about pick ups or drop offs if you\\u2019re away from home.\"}},\"45\":{\"type\":\"serviceItem\",\"enabled\":\"1\",\"fields\":{\"picture\":\"\",\"caption\":\"Spacious & Safe Playareas\",\"text\":\"Under the watchful eye of our experienced, fully insured and police vetted staff, your dog will love running around in our two outdoor exercise areas and dry indoor arena, keeping paws busy and tails wagging!\"}},\"46\":{\"type\":\"serviceItem\",\"enabled\":\"1\",\"fields\":{\"picture\":[\"41\"],\"caption\":\"Dog Training\",\"text\":\"Our dog training service is there to help with any problems you might be experiencing with your dog. From every day obedience to behaviour issues, all the way to competition training and other specialised types of work.\"}}},\"27\":{\"35\":{\"type\":\"carouselBlock\",\"enabled\":\"1\",\"fields\":{\"picture\":[\"34\"],\"text\":\"I love coming to Bark n\\u2019 Fly every school day. I get to see all my friends, run about the big field chasing butterflies and sometimes my tail too. The human helpers here are very kind to me and give me delicious healthy treats if I\\u2019m a good boy. In the afternoon I get to play indoors and by the time I see my human friend at home time, I\\u2019m ready for cuddles and belly rubs!\\r\\n\\r\\n                            \",\"author\":\"Eddie\",\"signature\":\"Border Collie & Day Care Guest.\\r\\nHuman friend: Frances\"}},\"36\":{\"type\":\"carouselBlock\",\"enabled\":\"1\",\"fields\":{\"picture\":[\"34\"],\"text\":\"I love coming to Bark n\\u2019 Fly every school day. I get to see all my friends, run about the big field chasing butterflies and sometimes my tail too. The human helpers here are very kind to me and give me delicious healthy treats if I\\u2019m a good boy. In the afternoon I get to play indoors and by the time I see my human friend at home time, I\\u2019m ready for cuddles and belly rubs!\",\"author\":\"Eddie\",\"signature\":\"Border Collie & Day Care Guest.\\r\\nHuman friend: Frances\"}},\"37\":{\"type\":\"carouselBlock\",\"enabled\":\"1\",\"fields\":{\"picture\":[\"34\"],\"text\":\"I love coming to Bark n\\u2019 Fly every school day. I get to see all my friends, run about the big field chasing butterflies and sometimes my tail too. The human helpers here are very kind to me and give me delicious healthy treats if I\\u2019m a good boy. In the afternoon I get to play indoors and by the time I see my human friend at home time, I\\u2019m ready for cuddles and belly rubs!\",\"author\":\"Eddie\",\"signature\":\"Border Collie & Day Care Guest.\\r\\nHuman friend: Frances\"}}},\"17\":\"0\",\"15\":\"0\",\"16\":\"\",\"11\":\"1\",\"12\":{\"10\":{\"type\":\"carouselBlock\",\"enabled\":\"1\",\"fields\":{\"caption\":\"At Bark n\\u2019 Fly, we treat your dog\\r\\nas if it were our own\",\"coverPicture\":[\"31\"]}},\"32\":{\"type\":\"carouselBlock\",\"enabled\":\"1\",\"fields\":{\"caption\":\"At Bark n\\u2019 Fly, we treat your dog\\r\\nas if it were our own\",\"coverPicture\":[\"30\"]}}}}}', '2018-04-05 11:35:39', '2018-04-05 11:35:39', '24fe553d-f784-467e-991c-badcc233008e'),
 ('64', '9', '3', '1', 'en', '20', '', '{\"typeId\":\"3\",\"authorId\":\"1\",\"title\":\"Home\",\"slug\":\"homepage\",\"postDate\":1522682520,\"expiryDate\":null,\"enabled\":1,\"parentId\":null,\"fields\":{\"32\":{\"39\":{\"type\":\"adBlock\",\"enabled\":\"1\",\"fields\":{\"coverPicture\":[\"38\"],\"caption\":\"Call us today: 01234 567 890\",\"buttonText\":\"Order form\",\"targetUrl\":\"https:\\/\\/google.com\"}}},\"20\":{\"33\":{\"type\":\"panel\",\"enabled\":\"1\",\"fields\":{\"topCaption\":\"Start your booking\",\"tab1Title\":\"Dog Boarding\",\"tab1Input1Caption\":\"Start\",\"tab1Input2Caption\":\"End\",\"tab1SubmitButtonCaption\":\"Book now\",\"tab2Title\":\"Dog Day Care \"}}},\"37\":{\"43\":{\"type\":\"servicesBlock\",\"enabled\":\"1\",\"fields\":{\"blockTitle\":\"Your best friend deserves the best care\",\"caption\":\"At Bark n\\u2019 Fly we specialise in giving dogs more. Established in 2009 we provide premium dog boarding and dog day care throughout Edinburgh & the surrounding area.\",\"backgroundColor\":\"#6cb55a\"}},\"44\":{\"type\":\"serviceItem\",\"enabled\":\"1\",\"fields\":{\"picture\":[\"40\"],\"caption\":\"Pick ups and Drop Offs\",\"text\":\"We can safely and securely collect or return your furry friend. We even have a handy SMS service, notifying you directly to your mobile phone about pick ups or drop offs if you\\u2019re away from home.\"}},\"45\":{\"type\":\"serviceItem\",\"enabled\":\"1\",\"fields\":{\"picture\":\"\",\"caption\":\"Spacious & Safe Playareas\",\"text\":\"Under the watchful eye of our experienced, fully insured and police vetted staff, your dog will love running around in our two outdoor exercise areas and dry indoor arena, keeping paws busy and tails wagging!\"}},\"46\":{\"type\":\"serviceItem\",\"enabled\":\"1\",\"fields\":{\"picture\":[\"41\"],\"caption\":\"Dog Training\",\"text\":\"Our dog training service is there to help with any problems you might be experiencing with your dog. From every day obedience to behaviour issues, all the way to competition training and other specialised types of work.\"}}},\"27\":{\"35\":{\"type\":\"carouselBlock\",\"enabled\":\"1\",\"fields\":{\"picture\":[\"34\"],\"text\":\"I love coming to Bark n\\u2019 Fly every school day. I get to see all my friends, run about the big field chasing butterflies and sometimes my tail too. The human helpers here are very kind to me and give me delicious healthy treats if I\\u2019m a good boy. In the afternoon I get to play indoors and by the time I see my human friend at home time, I\\u2019m ready for cuddles and belly rubs!\\r\\n\\r\\n                            \",\"author\":\"Eddie\",\"signature\":\"Border Collie & Day Care Guest.\\r\\nHuman friend: Frances\"}},\"36\":{\"type\":\"carouselBlock\",\"enabled\":\"1\",\"fields\":{\"picture\":[\"34\"],\"text\":\"I love coming to Bark n\\u2019 Fly every school day. I get to see all my friends, run about the big field chasing butterflies and sometimes my tail too. The human helpers here are very kind to me and give me delicious healthy treats if I\\u2019m a good boy. In the afternoon I get to play indoors and by the time I see my human friend at home time, I\\u2019m ready for cuddles and belly rubs!\",\"author\":\"Eddie\",\"signature\":\"Border Collie & Day Care Guest.\\r\\nHuman friend: Frances\"}},\"37\":{\"type\":\"carouselBlock\",\"enabled\":\"1\",\"fields\":{\"picture\":[\"34\"],\"text\":\"I love coming to Bark n\\u2019 Fly every school day. I get to see all my friends, run about the big field chasing butterflies and sometimes my tail too. The human helpers here are very kind to me and give me delicious healthy treats if I\\u2019m a good boy. In the afternoon I get to play indoors and by the time I see my human friend at home time, I\\u2019m ready for cuddles and belly rubs!\",\"author\":\"Eddie\",\"signature\":\"Border Collie & Day Care Guest.\\r\\nHuman friend: Frances\"}}},\"17\":\"0\",\"15\":\"0\",\"16\":\"\",\"11\":\"1\",\"12\":{\"10\":{\"type\":\"carouselBlock\",\"enabled\":\"1\",\"fields\":{\"caption\":\"At Bark n\\u2019 Fly, we treat your dog\\r\\nas if it were our own\",\"coverPicture\":[\"31\"]}},\"32\":{\"type\":\"carouselBlock\",\"enabled\":\"1\",\"fields\":{\"caption\":\"At Bark n\\u2019 Fly, we treat your dog\\r\\nas if it were our own\",\"coverPicture\":[\"30\"]}}}}}', '2018-04-05 11:40:56', '2018-04-05 11:40:56', 'f8db661c-d3c8-4ed2-a5bf-1fe500be789f'),
 ('65', '9', '3', '1', 'en', '21', '', '{\"typeId\":\"3\",\"authorId\":\"1\",\"title\":\"Home\",\"slug\":\"homepage\",\"postDate\":1522682520,\"expiryDate\":null,\"enabled\":1,\"parentId\":null,\"fields\":{\"32\":{\"39\":{\"type\":\"adBlock\",\"enabled\":\"1\",\"fields\":{\"coverPicture\":[\"38\"],\"caption\":\"Call us today: 01234 567 890\",\"buttonText\":\"Order form\",\"targetUrl\":\"https:\\/\\/google.com\"}}},\"20\":{\"33\":{\"type\":\"panel\",\"enabled\":\"1\",\"fields\":{\"topCaption\":\"Start your booking\",\"tab1Title\":\"Dog Boarding\",\"tab1Input1Caption\":\"Start\",\"tab1Input2Caption\":\"End\",\"tab1SubmitButtonCaption\":\"Book now\",\"tab2Title\":\"Dog Day Care \"}}},\"37\":{\"43\":{\"type\":\"servicesBlock\",\"enabled\":\"1\",\"fields\":{\"blockTitle\":\"Your best friend deserves the best care.\",\"caption\":\"At Bark n\\u2019 Fly we specialise in giving dogs more. Established in 2009 we provide premium dog boarding and dog day care throughout Edinburgh & the surrounding area.\",\"backgroundColor\":\"#6cb55a\"}},\"44\":{\"type\":\"serviceItem\",\"enabled\":\"1\",\"fields\":{\"picture\":[\"40\"],\"caption\":\"Pick ups and Drop Offs\",\"text\":\"We can safely and securely collect or return your furry friend. We even have a handy SMS service, notifying you directly to your mobile phone about pick ups or drop offs if you\\u2019re away from home.\"}},\"45\":{\"type\":\"serviceItem\",\"enabled\":\"1\",\"fields\":{\"picture\":\"\",\"caption\":\"Spacious & Safe Playareas\",\"text\":\"Under the watchful eye of our experienced, fully insured and police vetted staff, your dog will love running around in our two outdoor exercise areas and dry indoor arena, keeping paws busy and tails wagging!\"}},\"46\":{\"type\":\"serviceItem\",\"enabled\":\"1\",\"fields\":{\"picture\":[\"41\"],\"caption\":\"Dog Training\",\"text\":\"Our dog training service is there to help with any problems you might be experiencing with your dog. From every day obedience to behaviour issues, all the way to competition training and other specialised types of work.\"}}},\"27\":{\"35\":{\"type\":\"carouselBlock\",\"enabled\":\"1\",\"fields\":{\"picture\":[\"34\"],\"text\":\"I love coming to Bark n\\u2019 Fly every school day. I get to see all my friends, run about the big field chasing butterflies and sometimes my tail too. The human helpers here are very kind to me and give me delicious healthy treats if I\\u2019m a good boy. In the afternoon I get to play indoors and by the time I see my human friend at home time, I\\u2019m ready for cuddles and belly rubs!\\r\\n\\r\\n                            \",\"author\":\"Eddie\",\"signature\":\"Border Collie & Day Care Guest.\\r\\nHuman friend: Frances\"}},\"36\":{\"type\":\"carouselBlock\",\"enabled\":\"1\",\"fields\":{\"picture\":[\"34\"],\"text\":\"I love coming to Bark n\\u2019 Fly every school day. I get to see all my friends, run about the big field chasing butterflies and sometimes my tail too. The human helpers here are very kind to me and give me delicious healthy treats if I\\u2019m a good boy. In the afternoon I get to play indoors and by the time I see my human friend at home time, I\\u2019m ready for cuddles and belly rubs!\",\"author\":\"Eddie\",\"signature\":\"Border Collie & Day Care Guest.\\r\\nHuman friend: Frances\"}},\"37\":{\"type\":\"carouselBlock\",\"enabled\":\"1\",\"fields\":{\"picture\":[\"34\"],\"text\":\"I love coming to Bark n\\u2019 Fly every school day. I get to see all my friends, run about the big field chasing butterflies and sometimes my tail too. The human helpers here are very kind to me and give me delicious healthy treats if I\\u2019m a good boy. In the afternoon I get to play indoors and by the time I see my human friend at home time, I\\u2019m ready for cuddles and belly rubs!\",\"author\":\"Eddie\",\"signature\":\"Border Collie & Day Care Guest.\\r\\nHuman friend: Frances\"}}},\"17\":\"0\",\"15\":\"0\",\"16\":\"\",\"11\":\"1\",\"12\":{\"10\":{\"type\":\"carouselBlock\",\"enabled\":\"1\",\"fields\":{\"caption\":\"At Bark n\\u2019 Fly, we treat your dog\\r\\nas if it were our own\",\"coverPicture\":[\"31\"]}},\"32\":{\"type\":\"carouselBlock\",\"enabled\":\"1\",\"fields\":{\"caption\":\"At Bark n\\u2019 Fly, we treat your dog\\r\\nas if it were our own\",\"coverPicture\":[\"30\"]}}}}}', '2018-04-05 11:41:21', '2018-04-05 11:41:21', 'a73cd2af-02cf-411e-a8e8-94a321d58beb'),
 ('66', '11', '3', '1', 'en', '7', '', '{\"typeId\":\"4\",\"authorId\":\"1\",\"title\":\"Services\",\"slug\":\"services\",\"postDate\":1522683120,\"expiryDate\":null,\"enabled\":1,\"parentId\":null,\"fields\":{\"44\":[\"51\"],\"17\":\"1\",\"15\":\"1\",\"45\":{\"52\":{\"type\":\"generalBlock\",\"enabled\":\"1\",\"fields\":{\"callUsTodayCaption\":\"Call us today: 01234 567 890\"}}},\"16\":\"1\",\"11\":\"1\"}}', '2018-04-06 08:10:45', '2018-04-06 08:10:45', '6e0c3783-a9a3-44f7-8110-3781ec7591dc'),
 ('67', '11', '3', '1', 'en', '8', '', '{\"typeId\":\"4\",\"authorId\":\"1\",\"title\":\"Services\",\"slug\":\"services\",\"postDate\":1522683120,\"expiryDate\":null,\"enabled\":1,\"parentId\":null,\"fields\":{\"17\":\"1\",\"15\":\"1\",\"44\":{\"53\":{\"type\":\"coverblock\",\"enabled\":\"1\",\"fields\":{\"caption\":\"Our Services\",\"picture\":[\"51\"]}}},\"45\":{\"52\":{\"type\":\"generalBlock\",\"enabled\":\"1\",\"fields\":{\"callUsTodayCaption\":\"Call us today: 01234 567 890\"}}},\"16\":\"1\",\"11\":\"1\"}}', '2018-04-06 08:26:49', '2018-04-06 08:26:49', 'b2151442-3378-411a-965f-2db702ab3446'),
 ('68', '11', '3', '1', 'en', '9', '', '{\"typeId\":\"4\",\"authorId\":\"1\",\"title\":\"Services\",\"slug\":\"services\",\"postDate\":1522683120,\"expiryDate\":null,\"enabled\":1,\"parentId\":null,\"fields\":{\"17\":\"1\",\"15\":\"1\",\"44\":{\"53\":{\"type\":\"coverblock\",\"enabled\":\"1\",\"fields\":{\"caption\":\"Our Services\",\"picture\":[\"51\"]}}},\"45\":{\"52\":{\"type\":\"generalBlock\",\"enabled\":\"1\",\"fields\":{\"callUsTodayCaption\":\"Call us today: 01234 567 890\"}},\"54\":{\"type\":\"serviceBlock\",\"enabled\":\"1\",\"fields\":{\"picture\":[\"47\"],\"caption\":\"Dog Day Care\",\"text\":\"Lorem ipsum dolor sit amet, consectetur adipiscing elit. Vestibulum viverra diam a nisi vestibulum porta ac eget mi. Fusce risus ipsum, tempor at leo nec, laoreet blandit ligula. Pellentesque tincidunt nibh et neque eleifend convallis. Fusce nisi orci, tincidunt at libero et, molestie gravida ex.\\r\\n\\r\\nFusce viverra, mauris eu pulvinar mattis, ligula justo viverra purus, non tristique ante ipsum a justo. Donec nec porta sapien. Maecenas pulvinar porttitor tincidunt. Ut arcu tellus, ornare sed magna sit amet, eleifend pulvinar erat. Vivamus suscipit, nulla eu pharetra placerat, leo leo semper ligula, vel gravida erat justo quis dui.\"}},\"55\":{\"type\":\"serviceBlock\",\"enabled\":\"1\",\"fields\":{\"picture\":[\"48\"],\"caption\":\"Dog Boarding\",\"text\":\"Lorem ipsum dolor sit amet, consectetur adipiscing elit. Vestibulum viverra diam a nisi vestibulum porta ac eget mi. Fusce risus ipsum, tempor at leo nec, laoreet blandit ligula. Pellentesque tincidunt nibh et neque eleifend convallis. Fusce nisi orci, tincidunt at libero et, molestie gravida ex.\\r\\n\\r\\nFusce viverra, mauris eu pulvinar mattis, ligula justo viverra purus, non tristique ante ipsum a justo. Donec nec porta sapien. Maecenas pulvinar porttitor tincidunt. Ut arcu tellus, ornare sed magna sit amet, eleifend pulvinar erat. Vivamus suscipit, nulla eu pharetra placerat, leo leo semper ligula, vel gravida erat justo quis dui.\"}},\"56\":{\"type\":\"serviceBlock\",\"enabled\":\"1\",\"fields\":{\"picture\":[\"49\"],\"caption\":\"Pick up & Drop off\",\"text\":\"Lorem ipsum dolor sit amet, consectetur adipiscing elit. Vestibulum viverra diam a nisi vestibulum porta ac eget mi. Fusce risus ipsum, tempor at leo nec, laoreet blandit ligula. Pellentesque tincidunt nibh et neque eleifend convallis. Fusce nisi orci, tincidunt at libero et, molestie gravida ex.\\r\\n\\r\\nFusce viverra, mauris eu pulvinar mattis, ligula justo viverra purus, non tristique ante ipsum a justo. Donec nec porta sapien. Maecenas pulvinar porttitor tincidunt. Ut arcu tellus, ornare sed magna sit amet, eleifend pulvinar erat. Vivamus suscipit, nulla eu pharetra placerat, leo leo semper ligula, vel gravida erat justo quis dui.\"}},\"57\":{\"type\":\"serviceBlock\",\"enabled\":\"1\",\"fields\":{\"picture\":[\"50\"],\"caption\":\"Dog Training\",\"text\":\"Lorem ipsum dolor sit amet, consectetur adipiscing elit. Vestibulum viverra diam a nisi vestibulum porta ac eget mi. Fusce risus ipsum, tempor at leo nec, laoreet blandit ligula. Pellentesque tincidunt nibh et neque eleifend convallis. Fusce nisi orci, tincidunt at libero et, molestie gravida ex.\\r\\n\\r\\nFusce viverra, mauris eu pulvinar mattis, ligula justo viverra purus, non tristique ante ipsum a justo. Donec nec porta sapien. Maecenas pulvinar porttitor tincidunt. Ut arcu tellus, ornare sed magna sit amet, eleifend pulvinar erat. Vivamus suscipit, nulla eu pharetra placerat, leo leo semper ligula, vel gravida erat justo quis dui.\"}}},\"16\":\"1\",\"11\":\"1\"}}', '2018-04-06 08:55:23', '2018-04-06 08:55:23', '043a8054-ae8f-44ec-8b65-85b0573d22a4'),
 ('69', '11', '3', '1', 'en', '10', '', '{\"typeId\":\"4\",\"authorId\":\"1\",\"title\":\"Services\",\"slug\":\"services\",\"postDate\":1522683120,\"expiryDate\":null,\"enabled\":1,\"parentId\":null,\"fields\":{\"32\":{\"58\":{\"type\":\"adBlock\",\"enabled\":\"1\",\"fields\":{\"coverPicture\":[\"38\"],\"caption\":\"Call us today: 01234 567 890\",\"buttonText\":\"Order form\",\"targetUrl\":\"https:\\/\\/google.com\"}}},\"17\":\"1\",\"15\":\"1\",\"44\":{\"53\":{\"type\":\"coverblock\",\"enabled\":\"1\",\"fields\":{\"caption\":\"Our Services\",\"picture\":[\"51\"]}}},\"45\":{\"52\":{\"type\":\"generalBlock\",\"enabled\":\"1\",\"fields\":{\"callUsTodayCaption\":\"Call us today: 01234 567 890\"}},\"54\":{\"type\":\"serviceBlock\",\"enabled\":\"1\",\"fields\":{\"picture\":[\"47\"],\"caption\":\"Dog Day Care\",\"text\":\"Lorem ipsum dolor sit amet, consectetur adipiscing elit. Vestibulum viverra diam a nisi vestibulum porta ac eget mi. Fusce risus ipsum, tempor at leo nec, laoreet blandit ligula. Pellentesque tincidunt nibh et neque eleifend convallis. Fusce nisi orci, tincidunt at libero et, molestie gravida ex.\\r\\n\\r\\nFusce viverra, mauris eu pulvinar mattis, ligula justo viverra purus, non tristique ante ipsum a justo. Donec nec porta sapien. Maecenas pulvinar porttitor tincidunt. Ut arcu tellus, ornare sed magna sit amet, eleifend pulvinar erat. Vivamus suscipit, nulla eu pharetra placerat, leo leo semper ligula, vel gravida erat justo quis dui.\"}},\"55\":{\"type\":\"serviceBlock\",\"enabled\":\"1\",\"fields\":{\"picture\":[\"48\"],\"caption\":\"Dog Boarding\",\"text\":\"Lorem ipsum dolor sit amet, consectetur adipiscing elit. Vestibulum viverra diam a nisi vestibulum porta ac eget mi. Fusce risus ipsum, tempor at leo nec, laoreet blandit ligula. Pellentesque tincidunt nibh et neque eleifend convallis. Fusce nisi orci, tincidunt at libero et, molestie gravida ex.\\r\\n\\r\\nFusce viverra, mauris eu pulvinar mattis, ligula justo viverra purus, non tristique ante ipsum a justo. Donec nec porta sapien. Maecenas pulvinar porttitor tincidunt. Ut arcu tellus, ornare sed magna sit amet, eleifend pulvinar erat. Vivamus suscipit, nulla eu pharetra placerat, leo leo semper ligula, vel gravida erat justo quis dui.\"}},\"56\":{\"type\":\"serviceBlock\",\"enabled\":\"1\",\"fields\":{\"picture\":[\"49\"],\"caption\":\"Pick up & Drop off\",\"text\":\"Lorem ipsum dolor sit amet, consectetur adipiscing elit. Vestibulum viverra diam a nisi vestibulum porta ac eget mi. Fusce risus ipsum, tempor at leo nec, laoreet blandit ligula. Pellentesque tincidunt nibh et neque eleifend convallis. Fusce nisi orci, tincidunt at libero et, molestie gravida ex.\\r\\n\\r\\nFusce viverra, mauris eu pulvinar mattis, ligula justo viverra purus, non tristique ante ipsum a justo. Donec nec porta sapien. Maecenas pulvinar porttitor tincidunt. Ut arcu tellus, ornare sed magna sit amet, eleifend pulvinar erat. Vivamus suscipit, nulla eu pharetra placerat, leo leo semper ligula, vel gravida erat justo quis dui.\"}},\"57\":{\"type\":\"serviceBlock\",\"enabled\":\"1\",\"fields\":{\"picture\":[\"50\"],\"caption\":\"Dog Training\",\"text\":\"Lorem ipsum dolor sit amet, consectetur adipiscing elit. Vestibulum viverra diam a nisi vestibulum porta ac eget mi. Fusce risus ipsum, tempor at leo nec, laoreet blandit ligula. Pellentesque tincidunt nibh et neque eleifend convallis. Fusce nisi orci, tincidunt at libero et, molestie gravida ex.\\r\\n\\r\\nFusce viverra, mauris eu pulvinar mattis, ligula justo viverra purus, non tristique ante ipsum a justo. Donec nec porta sapien. Maecenas pulvinar porttitor tincidunt. Ut arcu tellus, ornare sed magna sit amet, eleifend pulvinar erat. Vivamus suscipit, nulla eu pharetra placerat, leo leo semper ligula, vel gravida erat justo quis dui.\"}}},\"16\":\"1\",\"11\":\"1\"}}', '2018-04-06 09:42:52', '2018-04-06 09:42:52', '1ff4d722-e319-420c-bc79-416a3276963f'),
 ('70', '13', '3', '1', 'en', '6', '', '{\"typeId\":\"6\",\"authorId\":\"1\",\"title\":\"Facilities\",\"slug\":\"facilities\",\"postDate\":1522683180,\"expiryDate\":null,\"enabled\":1,\"parentId\":null,\"fields\":{\"52\":{\"88\":{\"type\":\"facilityBlock\",\"enabled\":\"1\",\"fields\":{\"caption\":\"Little Dog Pen\",\"text\":\"Lorem ipsum dolor sit amet, consectetur adipiscing elit. Vestibulum viverra diam a nisi vestibulum porta ac eget mi. Fusce risus ipsum, tempor at leo nec, laoreet blandit ligula. Pellentesque tincidunt nibh et neque eleifend convallis. Fusce nisi orci, tincidunt at libero et, molestie gravida ex.\\r\\n\\r\\nFusce viverra, mauris eu pulvinar mattis, ligula justo viverra purus, non tristique ante ipsum a justo. Donec nec porta sapien. Maecenas pulvinar porttitor tincidunt. Ut arcu tellus, ornare sed magna sit amet, eleifend pulvinar erat. Vivamus suscipit, nulla eu pharetra placerat, leo leo semper ligula, vel gravida erat justo quis dui. Vestibulum tellus magna, pretium ut congue sit amet, tristique sit amet leo. Mauris eros enim, vestibulum at mollis at, tempor ut libero.\",\"images\":[\"69\",\"70\",\"71\"]}},\"89\":{\"type\":\"facilityBlock\",\"enabled\":\"1\",\"fields\":{\"caption\":\"Big Dog Pen\",\"text\":\"Lorem ipsum dolor sit amet, consectetur adipiscing elit. Vestibulum viverra diam a nisi vestibulum porta ac eget mi. Fusce risus ipsum, tempor at leo nec, laoreet blandit ligula. Pellentesque tincidunt nibh et neque eleifend convallis. Fusce nisi orci, tincidunt at libero et, molestie gravida ex.\\r\\n\\r\\nFusce viverra, mauris eu pulvinar mattis, ligula justo viverra purus, non tristique ante ipsum a justo. Donec nec porta sapien. Maecenas pulvinar porttitor tincidunt. Ut arcu tellus, ornare sed magna sit amet, eleifend pulvinar erat. Vivamus suscipit, nulla eu pharetra placerat, leo leo semper ligula, vel gravida erat justo quis dui. Vestibulum tellus magna, pretium ut congue sit amet, tristique sit amet leo. Mauris eros enim, vestibulum at mollis at, tempor ut libero.\",\"images\":[\"72\",\"73\",\"74\"]}},\"90\":{\"type\":\"facilityBlock\",\"enabled\":\"1\",\"fields\":{\"caption\":\"Indoor Arena\",\"text\":\"Lorem ipsum dolor sit amet, consectetur adipiscing elit. Vestibulum viverra diam a nisi vestibulum porta ac eget mi. Fusce risus ipsum, tempor at leo nec, laoreet blandit ligula. Pellentesque tincidunt nibh et neque eleifend convallis. Fusce nisi orci, tincidunt at libero et, molestie gravida ex.\\r\\n\\r\\nFusce viverra, mauris eu pulvinar mattis, ligula justo viverra purus, non tristique ante ipsum a justo. Donec nec porta sapien. Maecenas pulvinar porttitor tincidunt. Ut arcu tellus, ornare sed magna sit amet, eleifend pulvinar erat. Vivamus suscipit, nulla eu pharetra placerat, leo leo semper ligula, vel gravida erat justo quis dui. Vestibulum tellus magna, pretium ut congue sit amet, tristique sit amet leo. Mauris eros enim, vestibulum at mollis at, tempor ut libero.\",\"images\":[\"75\",\"76\",\"77\"]}},\"91\":{\"type\":\"facilityBlock\",\"enabled\":\"1\",\"fields\":{\"caption\":\"Little Dog Field\",\"text\":\"Lorem ipsum dolor sit amet, consectetur adipiscing elit. Vestibulum viverra diam a nisi vestibulum porta ac eget mi. Fusce risus ipsum, tempor at leo nec, laoreet blandit ligula. Pellentesque tincidunt nibh et neque eleifend convallis. Fusce nisi orci, tincidunt at libero et, molestie gravida ex.\\r\\n\\r\\nFusce viverra, mauris eu pulvinar mattis, ligula justo viverra purus, non tristique ante ipsum a justo. Donec nec porta sapien. Maecenas pulvinar porttitor tincidunt. Ut arcu tellus, ornare sed magna sit amet, eleifend pulvinar erat. Vivamus suscipit, nulla eu pharetra placerat, leo leo semper ligula, vel gravida erat justo quis dui. Vestibulum tellus magna, pretium ut congue sit amet, tristique sit amet leo. Mauris eros enim, vestibulum at mollis at, tempor ut libero.\",\"images\":[\"78\",\"79\",\"80\"]}},\"92\":{\"type\":\"facilityBlock\",\"enabled\":\"1\",\"fields\":{\"caption\":\"Big Dog Field\",\"text\":\"Lorem ipsum dolor sit amet, consectetur adipiscing elit. Vestibulum viverra diam a nisi vestibulum porta ac eget mi. Fusce risus ipsum, tempor at leo nec, laoreet blandit ligula. Pellentesque tincidunt nibh et neque eleifend convallis. Fusce nisi orci, tincidunt at libero et, molestie gravida ex.\\r\\n\\r\\nFusce viverra, mauris eu pulvinar mattis, ligula justo viverra purus, non tristique ante ipsum a justo. Donec nec porta sapien. Maecenas pulvinar porttitor tincidunt. Ut arcu tellus, ornare sed magna sit amet, eleifend pulvinar erat. Vivamus suscipit, nulla eu pharetra placerat, leo leo semper ligula, vel gravida erat justo quis dui. Vestibulum tellus magna, pretium ut congue sit amet, tristique sit amet leo. Mauris eros enim, vestibulum at mollis at, tempor ut libero.\",\"images\":[\"81\",\"82\",\"83\"]}},\"93\":{\"type\":\"facilityBlock\",\"enabled\":\"1\",\"fields\":{\"caption\":\"Boarding Kennel\",\"text\":\"Lorem ipsum dolor sit amet, consectetur adipiscing elit. Vestibulum viverra diam a nisi vestibulum porta ac eget mi. Fusce risus ipsum, tempor at leo nec, laoreet blandit ligula. Pellentesque tincidunt nibh et neque eleifend convallis. Fusce nisi orci, tincidunt at libero et, molestie gravida ex.\\r\\n\\r\\nFusce viverra, mauris eu pulvinar mattis, ligula justo viverra purus, non tristique ante ipsum a justo. Donec nec porta sapien. Maecenas pulvinar porttitor tincidunt. Ut arcu tellus, ornare sed magna sit amet, eleifend pulvinar erat. Vivamus suscipit, nulla eu pharetra placerat, leo leo semper ligula, vel gravida erat justo quis dui. Vestibulum tellus magna, pretium ut congue sit amet, tristique sit amet leo. Mauris eros enim, vestibulum at mollis at, tempor ut libero.\",\"images\":[\"84\",\"85\",\"86\"]}}},\"17\":\"2\",\"15\":\"3\",\"44\":{\"87\":{\"type\":\"coverblock\",\"enabled\":\"1\",\"fields\":{\"caption\":\"Our Facilities\",\"picture\":[\"60\"]}}},\"16\":\"1\",\"11\":\"1\"}}', '2018-04-06 12:37:18', '2018-04-06 12:37:18', '6fcaefc9-6a87-4267-9294-fcd7b1bf2eae');



DROP TABLE IF EXISTS `craft_fieldgroups`;


--
-- Schema for table `craft_fieldgroups`
--
CREATE TABLE `craft_fieldgroups` (
  `id` int(11) NOT NULL AUTO_INCREMENT,
  `name` varchar(255) COLLATE utf8_unicode_ci NOT NULL,
  `dateCreated` datetime NOT NULL,
  `dateUpdated` datetime NOT NULL,
  `uid` char(36) COLLATE utf8_unicode_ci NOT NULL DEFAULT '0',
  PRIMARY KEY (`id`),
  UNIQUE KEY `craft_fieldgroups_name_unq_idx` (`name`)
) ENGINE=InnoDB AUTO_INCREMENT=6 DEFAULT CHARSET=utf8 COLLATE=utf8_unicode_ci;

--
-- Data for table `craft_fieldgroups`
--

INSERT INTO `craft_fieldgroups` (`id`, `name`, `dateCreated`, `dateUpdated`, `uid`) VALUES
 ('1', 'Default', '2018-03-28 09:59:41', '2018-03-28 09:59:41', '8053dfdf-2e1d-42cc-8959-c3bc07892dd0'),
 ('2', 'Company Info', '2018-04-02 08:51:35', '2018-04-02 08:51:40', '8b0fa1a8-33ef-44d2-86ce-fbe010e2a195'),
 ('3', 'HomePage', '2018-04-02 13:59:16', '2018-04-05 08:25:06', '8ec5bc95-7fce-4669-bce7-ca1c846fbff4'),
 ('4', 'Social Links', '2018-04-03 14:59:27', '2018-04-03 14:59:27', '52e66305-4f52-447f-a0e8-62f5f105ff94'),
 ('5', 'Layout', '2018-04-05 08:25:21', '2018-04-05 08:25:21', 'fed08f29-7f0d-4d6c-8498-c76e00359935');



DROP TABLE IF EXISTS `craft_fieldlayoutfields`;


--
-- Schema for table `craft_fieldlayoutfields`
--
CREATE TABLE `craft_fieldlayoutfields` (
  `id` int(11) NOT NULL AUTO_INCREMENT,
  `layoutId` int(11) NOT NULL,
  `tabId` int(11) NOT NULL,
  `fieldId` int(11) NOT NULL,
  `required` tinyint(1) unsigned NOT NULL DEFAULT '0',
  `sortOrder` smallint(6) unsigned DEFAULT NULL,
  `dateCreated` datetime NOT NULL,
  `dateUpdated` datetime NOT NULL,
  `uid` char(36) COLLATE utf8_unicode_ci NOT NULL DEFAULT '0',
  PRIMARY KEY (`id`),
  UNIQUE KEY `craft_fieldlayoutfields_layoutId_fieldId_unq_idx` (`layoutId`,`fieldId`),
  KEY `craft_fieldlayoutfields_sortOrder_idx` (`sortOrder`),
  KEY `craft_fieldlayoutfields_tabId_fk` (`tabId`),
  KEY `craft_fieldlayoutfields_fieldId_fk` (`fieldId`)
) ENGINE=InnoDB AUTO_INCREMENT=314 DEFAULT CHARSET=utf8 COLLATE=utf8_unicode_ci;

--
-- Data for table `craft_fieldlayoutfields`
--

INSERT INTO `craft_fieldlayoutfields` (`id`, `layoutId`, `tabId`, `fieldId`, `required`, `sortOrder`, `dateCreated`, `dateUpdated`, `uid`) VALUES
 ('1', '3', '1', '1', '1', '1', '2018-03-28 09:59:41', '2018-03-28 09:59:41', 'c6266157-bebb-499b-a26f-e143010a3097'),
 ('2', '5', '2', '1', '1', '1', '2018-03-28 09:59:41', '2018-03-28 09:59:41', '6db552f4-167a-4286-b316-8f772a01e58b'),
 ('3', '5', '2', '2', '0', '2', '2018-03-28 09:59:41', '2018-03-28 09:59:41', '380bc603-34a4-4384-a0c0-8268c090899c'),
 ('7', '11', '6', '8', '0', '1', '2018-04-02 09:15:42', '2018-04-02 09:15:42', '9d307a05-2b4c-4c29-a129-e5b5491f756f'),
 ('8', '11', '6', '4', '0', '2', '2018-04-02 09:15:42', '2018-04-02 09:15:42', 'ea3a147d-358a-4d20-b9b6-e299a63c129a'),
 ('9', '11', '6', '3', '1', '3', '2018-04-02 09:15:42', '2018-04-02 09:15:42', 'e51510e1-727b-49f8-bcc5-c42a9901f465'),
 ('10', '11', '6', '5', '0', '4', '2018-04-02 09:15:42', '2018-04-02 09:15:42', '071568da-6952-49a6-b50e-f34024ec987d'),
 ('11', '11', '6', '6', '0', '5', '2018-04-02 09:15:42', '2018-04-02 09:15:42', 'f3bcf009-9be2-4ed9-b310-f29fe13c6563'),
 ('12', '11', '6', '7', '0', '6', '2018-04-02 09:15:42', '2018-04-02 09:15:42', 'f4a58a05-c973-4119-95e8-c6b85f1373ad'),
 ('13', '11', '6', '9', '0', '7', '2018-04-02 09:15:42', '2018-04-02 09:15:42', '87b3fac0-d511-4ac0-9a31-c396b523d2d1'),
 ('14', '11', '6', '10', '0', '8', '2018-04-02 09:15:42', '2018-04-02 09:15:42', 'd38c7e78-3ed1-4a5f-bbe9-fea490d1bc1d'),
 ('114', '61', '50', '11', '0', '1', '2018-04-03 12:39:47', '2018-04-03 12:39:47', '6b926193-4230-4fca-8a9b-dcfd3f03e1ac'),
 ('115', '61', '50', '15', '1', '2', '2018-04-03 12:39:47', '2018-04-03 12:39:47', '6a1c7367-d0ce-4c25-a77d-93c2f5478b49'),
 ('116', '61', '50', '16', '0', '3', '2018-04-03 12:39:47', '2018-04-03 12:39:47', 'aedfb584-c8e5-4efb-be2f-fd56486950f2'),
 ('117', '61', '50', '17', '1', '4', '2018-04-03 12:39:47', '2018-04-03 12:39:47', '717d654b-9777-4ab2-be34-6c2ce5505dbd'),
 ('122', '63', '52', '11', '0', '1', '2018-04-03 12:40:14', '2018-04-03 12:40:14', 'b2dfc3eb-5a64-4634-b71e-970c8c7e0988'),
 ('123', '63', '52', '15', '1', '2', '2018-04-03 12:40:14', '2018-04-03 12:40:14', '193b525f-9aba-43d5-b95c-88ed1b80d2e0'),
 ('124', '63', '52', '16', '0', '3', '2018-04-03 12:40:14', '2018-04-03 12:40:14', '775b0265-8909-42b7-8ce2-76658f65b482'),
 ('125', '63', '52', '17', '1', '4', '2018-04-03 12:40:14', '2018-04-03 12:40:14', 'fcdf9a01-6bdf-4eec-b497-81a6a7f56144'),
 ('126', '64', '53', '11', '0', '1', '2018-04-03 12:40:29', '2018-04-03 12:40:29', 'b84415cb-7cb3-4692-bc7d-e5cccdf7b9b8'),
 ('127', '64', '53', '15', '1', '2', '2018-04-03 12:40:29', '2018-04-03 12:40:29', '0cf23e4a-c3b6-4f7f-aee6-8df983d0d828'),
 ('128', '64', '53', '16', '0', '3', '2018-04-03 12:40:29', '2018-04-03 12:40:29', '12499d6c-53f5-4fd9-b8f8-80644b531454'),
 ('129', '64', '53', '17', '1', '4', '2018-04-03 12:40:29', '2018-04-03 12:40:29', '57d2ff43-2b82-437f-9c19-7cb6559ef467'),
 ('130', '65', '54', '11', '0', '1', '2018-04-03 12:40:38', '2018-04-03 12:40:38', '4c17b588-41ba-45c3-98a3-200b81f0de14'),
 ('131', '65', '54', '15', '1', '2', '2018-04-03 12:40:38', '2018-04-03 12:40:38', '903d6702-962d-4e8b-b1ea-467b88e904eb'),
 ('132', '65', '54', '16', '0', '3', '2018-04-03 12:40:38', '2018-04-03 12:40:38', '53d2384e-5e3f-4167-b135-3b6b7ca2181b'),
 ('133', '65', '54', '17', '1', '4', '2018-04-03 12:40:38', '2018-04-03 12:40:38', '6c2da683-a4d2-4b82-8e7e-caf8fabfa8f1'),
 ('134', '66', '55', '11', '0', '1', '2018-04-03 12:40:48', '2018-04-03 12:40:48', '38f2be04-a23a-4281-aca5-cdb94a5a5aae'),
 ('135', '66', '55', '15', '1', '2', '2018-04-03 12:40:48', '2018-04-03 12:40:48', 'f3dc7bb0-c16d-4a2c-8123-613a8931b2b9'),
 ('136', '66', '55', '16', '0', '3', '2018-04-03 12:40:48', '2018-04-03 12:40:48', '18cedd04-3e29-410c-97e7-a7644272e771'),
 ('137', '66', '55', '17', '1', '4', '2018-04-03 12:40:48', '2018-04-03 12:40:48', '9b51146e-ad9b-4250-a5dd-5ba0a420b55e'),
 ('142', '68', '57', '11', '0', '1', '2018-04-03 12:48:40', '2018-04-03 12:48:40', '6faa9f59-aaa5-4446-be1a-87d360d11033'),
 ('143', '68', '57', '15', '1', '2', '2018-04-03 12:48:40', '2018-04-03 12:48:40', 'bce9a0cd-755c-41ec-94e8-5e60ce6d7e99'),
 ('144', '68', '57', '16', '0', '3', '2018-04-03 12:48:40', '2018-04-03 12:48:40', '927d4db5-af2a-4398-ae0e-ae1b81448809'),
 ('145', '68', '57', '17', '1', '4', '2018-04-03 12:48:40', '2018-04-03 12:48:40', '677ffa11-bfae-49d4-a6ac-c70366638089'),
 ('146', '70', '58', '19', '1', '1', '2018-04-03 15:02:07', '2018-04-03 15:02:07', 'c5a3519e-5e29-475a-ab06-29e8fadff460'),
 ('147', '70', '58', '18', '1', '2', '2018-04-03 15:02:07', '2018-04-03 15:02:07', '3a5abe56-9a07-41e0-8387-b92cf659f2f0'),
 ('152', '74', '61', '13', '1', '1', '2018-04-04 08:20:04', '2018-04-04 08:20:04', '9d4ad93d-0bce-4135-8ef7-4aa1abf3ab52'),
 ('153', '74', '61', '14', '1', '2', '2018-04-04 08:20:04', '2018-04-04 08:20:04', '1d18d971-b112-4eb6-96a9-3f8064c21275'),
 ('177', '82', '66', '28', '0', '1', '2018-04-05 10:32:44', '2018-04-05 10:32:44', '67b76949-0707-43e0-ac5d-11cb2ffc4563'),
 ('178', '82', '66', '29', '0', '2', '2018-04-05 10:32:44', '2018-04-05 10:32:44', '561bc4f6-1916-45a7-8a3c-e99e7fa0f04d'),
 ('179', '82', '66', '30', '0', '3', '2018-04-05 10:32:44', '2018-04-05 10:32:44', '1e297fd2-b53b-4c88-a545-e357f7f01dfc'),
 ('180', '82', '66', '31', '0', '4', '2018-04-05 10:32:44', '2018-04-05 10:32:44', '8d35a242-5dc0-46b8-a49e-9726609247e5'),
 ('218', '90', '74', '33', '1', '1', '2018-04-05 11:14:48', '2018-04-05 11:14:48', '4546e1bf-e49d-4359-81eb-9773b1068f0e'),
 ('219', '90', '74', '34', '0', '2', '2018-04-05 11:14:48', '2018-04-05 11:14:48', '57b2f8e4-fc72-4d85-9896-91ae65dff2a2'),
 ('220', '90', '74', '35', '0', '3', '2018-04-05 11:14:48', '2018-04-05 11:14:48', 'e746a02c-3100-4f99-ad6a-46e3491f8e2e'),
 ('221', '90', '74', '36', '0', '4', '2018-04-05 11:14:48', '2018-04-05 11:14:48', '3664c3a6-825f-4041-bf40-7879c42f45fb'),
 ('222', '91', '75', '21', '0', '1', '2018-04-05 11:16:58', '2018-04-05 11:16:58', '982122a3-122f-4d53-b21b-f39b33b97d3a'),
 ('223', '91', '75', '22', '0', '2', '2018-04-05 11:16:58', '2018-04-05 11:16:58', '40575fb8-89d8-4573-a0c3-3fce67589bbd'),
 ('224', '91', '75', '23', '0', '3', '2018-04-05 11:16:58', '2018-04-05 11:16:58', 'c00d7261-f7be-437a-8887-07504c364b2b'),
 ('225', '91', '75', '24', '0', '4', '2018-04-05 11:16:58', '2018-04-05 11:16:58', '8aedfae9-a4d6-4633-ac1a-7dc8288e46c5'),
 ('226', '91', '75', '25', '0', '5', '2018-04-05 11:16:58', '2018-04-05 11:16:58', '8d1e6701-9997-49dd-8752-b851677b7dde'),
 ('227', '91', '75', '26', '0', '6', '2018-04-05 11:16:58', '2018-04-05 11:16:58', '0da21241-7f65-4a4d-809d-25fe71e83f9b'),
 ('234', '94', '78', '11', '0', '1', '2018-04-05 11:28:18', '2018-04-05 11:28:18', 'f4ea145f-af37-47df-a556-c201d0305951'),
 ('235', '94', '78', '15', '1', '2', '2018-04-05 11:28:18', '2018-04-05 11:28:18', '150834b1-95c3-4ec5-815e-aeae0971d80e'),
 ('236', '94', '78', '16', '0', '3', '2018-04-05 11:28:18', '2018-04-05 11:28:18', '9d267a50-a149-48cd-af79-ea3c8d75e944'),
 ('237', '94', '78', '17', '1', '4', '2018-04-05 11:28:18', '2018-04-05 11:28:18', 'efdf2c76-4e6d-4efe-868d-259133b321d7'),
 ('238', '94', '78', '12', '0', '5', '2018-04-05 11:28:18', '2018-04-05 11:28:18', 'f429152c-f178-40cb-9041-47019a4ed4b5'),
 ('239', '94', '78', '20', '0', '6', '2018-04-05 11:28:18', '2018-04-05 11:28:18', '673d81b2-39ac-43f3-92a5-28d67803a434'),
 ('240', '94', '78', '27', '0', '7', '2018-04-05 11:28:18', '2018-04-05 11:28:18', '290b8154-c5ca-48c3-81b4-fd4d478db1db'),
 ('241', '94', '78', '32', '0', '8', '2018-04-05 11:28:18', '2018-04-05 11:28:18', '2bb70e57-43c4-4f33-8fe0-c9f48ffc06e6'),
 ('242', '94', '78', '37', '0', '9', '2018-04-05 11:28:18', '2018-04-05 11:28:18', '1f0d343f-107d-4952-8afd-9358396e5bf5'),
 ('267', '103', '87', '38', '0', '1', '2018-04-05 11:45:24', '2018-04-05 11:45:24', '21e40a99-f55d-435f-9f9a-0fd8ef1a3778'),
 ('268', '103', '87', '39', '0', '2', '2018-04-05 11:45:24', '2018-04-05 11:45:24', '1e9d43a0-2ef4-42b0-b6f8-3570920c7bc1'),
 ('269', '103', '87', '40', '0', '3', '2018-04-05 11:45:24', '2018-04-05 11:45:24', '4cb72589-b7b0-4a79-a4b2-eef698435e8b'),
 ('270', '104', '88', '41', '0', '1', '2018-04-05 11:45:24', '2018-04-05 11:45:24', '6a6228f3-be31-43f5-af14-14251c1aa562'),
 ('271', '104', '88', '42', '0', '2', '2018-04-05 11:45:24', '2018-04-05 11:45:24', '781fe63f-f051-4dc9-9109-97a2d807ab54'),
 ('272', '104', '88', '43', '0', '3', '2018-04-05 11:45:24', '2018-04-05 11:45:24', 'b1525a64-92af-4aa0-890b-b0d0a38169b6'),
 ('287', '112', '94', '46', '0', '1', '2018-04-06 08:11:19', '2018-04-06 08:11:19', '7e274770-12b7-4c61-b769-fe5efabd50b5'),
 ('288', '113', '95', '47', '0', '1', '2018-04-06 08:11:19', '2018-04-06 08:11:19', '88895e23-3185-4503-8b1d-13370e4d542f'),
 ('289', '113', '95', '48', '0', '2', '2018-04-06 08:11:19', '2018-04-06 08:11:19', '449f3cc8-156e-4f54-a472-425407a54c7b'),
 ('290', '113', '95', '49', '0', '3', '2018-04-06 08:11:19', '2018-04-06 08:11:19', 'a0a7e398-5591-4bdf-bf6f-4635b3f30eaf'),
 ('291', '114', '96', '50', '0', '1', '2018-04-06 08:26:23', '2018-04-06 08:26:23', '0c49f43c-febf-41c4-965c-50caaa5120ee'),
 ('292', '114', '96', '51', '0', '2', '2018-04-06 08:26:23', '2018-04-06 08:26:23', 'b180ff26-a8bc-4df6-82cb-4cf1434bda61'),
 ('293', '115', '97', '11', '0', '1', '2018-04-06 09:41:46', '2018-04-06 09:41:46', '5617d1cb-b939-44ce-8029-4962f80ea312'),
 ('294', '115', '97', '15', '1', '2', '2018-04-06 09:41:46', '2018-04-06 09:41:46', '4273ce80-44dc-4ef7-88f5-b86813b40223'),
 ('295', '115', '97', '16', '0', '3', '2018-04-06 09:41:46', '2018-04-06 09:41:46', 'e23ba28c-ffbe-401b-8cb7-84c83469402f'),
 ('296', '115', '97', '17', '1', '4', '2018-04-06 09:41:46', '2018-04-06 09:41:46', 'e2b0907c-19c0-4bc0-801d-ef0a8be0ae72'),
 ('297', '115', '97', '44', '0', '5', '2018-04-06 09:41:46', '2018-04-06 09:41:46', '00765e53-79b6-4310-91f5-2d05421021b3'),
 ('298', '115', '97', '45', '0', '6', '2018-04-06 09:41:46', '2018-04-06 09:41:46', '26a10348-216d-475c-816b-bb7cf80bb74d'),
 ('299', '115', '97', '32', '0', '7', '2018-04-06 09:41:46', '2018-04-06 09:41:46', '122c8263-3207-4fb0-abb6-b641f7b43598'),
 ('305', '118', '99', '53', '0', '1', '2018-04-06 12:30:25', '2018-04-06 12:30:25', 'eb247565-7e55-4302-ba33-31370f6164e4'),
 ('306', '118', '99', '54', '0', '2', '2018-04-06 12:30:25', '2018-04-06 12:30:25', '4f90e377-baf9-43b4-aea1-390f973a150b'),
 ('307', '118', '99', '55', '0', '3', '2018-04-06 12:30:25', '2018-04-06 12:30:25', '7e1fc71a-8cab-4643-b937-625827d26ab1'),
 ('308', '119', '100', '11', '0', '1', '2018-04-06 12:30:40', '2018-04-06 12:30:40', '91ad4f9c-3de2-4314-b1af-679839fbe7aa'),
 ('309', '119', '100', '15', '1', '2', '2018-04-06 12:30:40', '2018-04-06 12:30:40', '319bb3ff-cf24-48b1-b5ec-da5c5dba7ac6'),
 ('310', '119', '100', '16', '0', '3', '2018-04-06 12:30:40', '2018-04-06 12:30:40', '0443617b-3d1d-4d0a-9760-fd3394a5cd6c'),
 ('311', '119', '100', '17', '1', '4', '2018-04-06 12:30:40', '2018-04-06 12:30:40', '06049c5c-466c-45f7-aee2-b47a700bb454'),
 ('312', '119', '100', '44', '0', '5', '2018-04-06 12:30:40', '2018-04-06 12:30:40', '814d4033-633d-4d2d-b13f-ff12e0059aab'),
 ('313', '119', '100', '52', '0', '6', '2018-04-06 12:30:40', '2018-04-06 12:30:40', '61f3424d-c6d2-413a-83a5-a9a8198cf94e');



DROP TABLE IF EXISTS `craft_fieldlayouts`;


--
-- Schema for table `craft_fieldlayouts`
--
CREATE TABLE `craft_fieldlayouts` (
  `id` int(11) NOT NULL AUTO_INCREMENT,
  `type` varchar(150) COLLATE utf8_unicode_ci NOT NULL,
  `dateCreated` datetime NOT NULL,
  `dateUpdated` datetime NOT NULL,
  `uid` char(36) COLLATE utf8_unicode_ci NOT NULL DEFAULT '0',
  PRIMARY KEY (`id`),
  KEY `craft_fieldlayouts_type_idx` (`type`)
) ENGINE=InnoDB AUTO_INCREMENT=121 DEFAULT CHARSET=utf8 COLLATE=utf8_unicode_ci;

--
-- Data for table `craft_fieldlayouts`
--

INSERT INTO `craft_fieldlayouts` (`id`, `type`, `dateCreated`, `dateUpdated`, `uid`) VALUES
 ('1', 'Tag', '2018-03-28 09:59:41', '2018-03-28 09:59:41', 'a5a46eca-3c1e-40c3-9c3a-a72ddeb9b2bf'),
 ('3', 'Entry', '2018-03-28 09:59:41', '2018-03-28 09:59:41', '665e42dd-eaa1-44e1-9a29-a0bfa0fe92aa'),
 ('5', 'Entry', '2018-03-28 09:59:41', '2018-03-28 09:59:41', '7ade4c51-3e19-42bf-9c43-cbc8f58baa6e'),
 ('11', 'GlobalSet', '2018-04-02 09:15:42', '2018-04-02 09:15:42', 'f81c1dff-d318-4448-9e4f-7ee7bc221208'),
 ('15', 'Asset', '2018-04-02 11:34:00', '2018-04-02 11:34:00', '98374c94-13ab-4bf9-86a0-1f9bc2173381'),
 ('61', 'Entry', '2018-04-03 12:39:47', '2018-04-03 12:39:47', '8ab5d766-0503-4237-bd6a-7c663e94d981'),
 ('63', 'Entry', '2018-04-03 12:40:14', '2018-04-03 12:40:14', 'f6907042-3232-40e8-a56b-b5168f94f68c'),
 ('64', 'Entry', '2018-04-03 12:40:29', '2018-04-03 12:40:29', '78dff35f-9c7a-491a-8e1c-240c5fc9fad0'),
 ('65', 'Entry', '2018-04-03 12:40:38', '2018-04-03 12:40:38', '5ca4c8a6-0f27-4da9-ab69-d4f88b531999'),
 ('66', 'Entry', '2018-04-03 12:40:48', '2018-04-03 12:40:48', '9d1e5e69-223d-4857-a909-11de94939349'),
 ('68', 'Entry', '2018-04-03 12:48:40', '2018-04-03 12:48:40', 'b344f5c1-f898-4fac-809d-469b050ca83a'),
 ('70', 'Entry', '2018-04-03 15:02:07', '2018-04-03 15:02:07', '4b029768-22aa-4279-b176-3dd885f1fa0a'),
 ('74', 'MatrixBlock', '2018-04-04 08:20:04', '2018-04-04 08:20:04', '39c49c80-da19-4b52-8f3d-681f1077df22'),
 ('82', 'MatrixBlock', '2018-04-05 10:32:44', '2018-04-05 10:32:44', 'b1e263ac-7947-4b5a-81ca-2286afbdcfa7'),
 ('90', 'MatrixBlock', '2018-04-05 11:14:48', '2018-04-05 11:14:48', '32896349-d58f-439b-b0f4-26cac99fd302'),
 ('91', 'MatrixBlock', '2018-04-05 11:16:58', '2018-04-05 11:16:58', '983cb8ba-9655-4f60-b8f9-3a90a5cf7cf6'),
 ('94', 'Entry', '2018-04-05 11:28:18', '2018-04-05 11:28:18', '06f4da01-0981-4567-a9f0-f06287e95fab'),
 ('103', 'MatrixBlock', '2018-04-05 11:45:24', '2018-04-05 11:45:24', 'a2f2e380-252b-42e2-a9ba-3cc5359bcc49'),
 ('104', 'MatrixBlock', '2018-04-05 11:45:24', '2018-04-05 11:45:24', '0a270821-faa5-4e8d-8dd5-d3e4711e7649'),
 ('105', 'Asset', '2018-04-06 07:39:28', '2018-04-06 07:39:28', '6bd63c8b-2119-4a96-95db-aba643ca0b7f'),
 ('106', 'Asset', '2018-04-06 07:40:09', '2018-04-06 07:40:09', '165d5787-7a6c-4325-853e-75f820e1da48'),
 ('112', 'MatrixBlock', '2018-04-06 08:11:19', '2018-04-06 08:11:19', 'ea32e6ef-fa58-456d-9b05-bdbcfe27b18f'),
 ('113', 'MatrixBlock', '2018-04-06 08:11:19', '2018-04-06 08:11:19', '0ffd479b-62b9-4327-a432-f4bfbcbb5107'),
 ('114', 'MatrixBlock', '2018-04-06 08:26:23', '2018-04-06 08:26:23', 'd3b1d3c6-d1e2-46e1-9d07-482e67576caa'),
 ('115', 'Entry', '2018-04-06 09:41:46', '2018-04-06 09:41:46', 'a681657a-5a37-411e-b411-a2a90cb96d11'),
 ('116', 'Asset', '2018-04-06 12:21:02', '2018-04-06 12:21:02', '6bc876ad-153e-4939-b14b-3ecc9afc37c1'),
 ('118', 'MatrixBlock', '2018-04-06 12:30:25', '2018-04-06 12:30:25', '283db487-19f4-4468-bca9-182a3ae6ba60'),
 ('119', 'Entry', '2018-04-06 12:30:40', '2018-04-06 12:30:40', 'd34832c3-ee45-4c88-92bd-cf0a09468b5e'),
 ('120', 'Asset', '2018-04-06 12:34:30', '2018-04-06 12:34:30', '50a4d971-c815-44a9-b845-d78d6360ebb7');



DROP TABLE IF EXISTS `craft_fieldlayouttabs`;


--
-- Schema for table `craft_fieldlayouttabs`
--
CREATE TABLE `craft_fieldlayouttabs` (
  `id` int(11) NOT NULL AUTO_INCREMENT,
  `layoutId` int(11) NOT NULL,
  `name` varchar(255) COLLATE utf8_unicode_ci NOT NULL,
  `sortOrder` smallint(6) unsigned DEFAULT NULL,
  `dateCreated` datetime NOT NULL,
  `dateUpdated` datetime NOT NULL,
  `uid` char(36) COLLATE utf8_unicode_ci NOT NULL DEFAULT '0',
  PRIMARY KEY (`id`),
  KEY `craft_fieldlayouttabs_sortOrder_idx` (`sortOrder`),
  KEY `craft_fieldlayouttabs_layoutId_fk` (`layoutId`)
) ENGINE=InnoDB AUTO_INCREMENT=101 DEFAULT CHARSET=utf8 COLLATE=utf8_unicode_ci;

--
-- Data for table `craft_fieldlayouttabs`
--

INSERT INTO `craft_fieldlayouttabs` (`id`, `layoutId`, `name`, `sortOrder`, `dateCreated`, `dateUpdated`, `uid`) VALUES
 ('1', '3', 'Content', '1', '2018-03-28 09:59:41', '2018-03-28 09:59:41', '019d205a-67eb-4f94-86f1-96daed977ac7'),
 ('2', '5', 'Content', '1', '2018-03-28 09:59:41', '2018-03-28 09:59:41', '42a2a584-1c4c-4fb0-ac81-1a625a8ee549'),
 ('6', '11', 'Content', '1', '2018-04-02 09:15:42', '2018-04-02 09:15:42', '0a10fdc6-a45a-42ab-8643-cc69c69687f4'),
 ('50', '61', 'Page', '1', '2018-04-03 12:39:47', '2018-04-03 12:39:47', '08816eec-d47b-42ef-820b-d0793521e57d'),
 ('52', '63', 'Page', '1', '2018-04-03 12:40:14', '2018-04-03 12:40:14', '0bb41075-bd37-4aff-b214-d57e133b2634'),
 ('53', '64', 'Page', '1', '2018-04-03 12:40:29', '2018-04-03 12:40:29', '5cfc4562-9ed7-4d3c-ab97-a3b9e25f2ebb'),
 ('54', '65', 'Page', '1', '2018-04-03 12:40:38', '2018-04-03 12:40:38', '80ace79a-b8e7-4e3a-b4dd-cd3734f6fb97'),
 ('55', '66', 'Page', '1', '2018-04-03 12:40:48', '2018-04-03 12:40:48', '88f9c53a-6803-42ca-a0f1-e7b31ef51086'),
 ('57', '68', 'Page', '1', '2018-04-03 12:48:40', '2018-04-03 12:48:40', '5c50150e-7a3b-42e9-8bf0-0ad172853331'),
 ('58', '70', 'Social Links', '1', '2018-04-03 15:02:07', '2018-04-03 15:02:07', 'ade6d5fd-daf4-4a60-8567-adf36d676253'),
 ('61', '74', 'Content', '1', '2018-04-04 08:20:04', '2018-04-04 08:20:04', 'fb4c6309-ef50-4815-8016-9e4bf3eff313'),
 ('66', '82', 'Content', '1', '2018-04-05 10:32:44', '2018-04-05 10:32:44', '5af2283b-77db-4162-81e1-5a72407eb078'),
 ('74', '90', 'Content', '1', '2018-04-05 11:14:48', '2018-04-05 11:14:48', 'b4f6ea9e-fdb3-49f0-a689-53afcdd5f967'),
 ('75', '91', 'Content', '1', '2018-04-05 11:16:58', '2018-04-05 11:16:58', 'ba747634-6264-4c7c-a426-043e509444e3'),
 ('78', '94', 'Page', '1', '2018-04-05 11:28:18', '2018-04-05 11:28:18', '20044149-eeaf-40e2-86b6-f46d061b9830'),
 ('87', '103', 'Content', '1', '2018-04-05 11:45:24', '2018-04-05 11:45:24', 'a92b8d85-4384-4066-94cb-568a819f758f'),
 ('88', '104', 'Content', '1', '2018-04-05 11:45:24', '2018-04-05 11:45:24', '936c440e-2c5a-44f1-8934-280d37cc93a0'),
 ('94', '112', 'Content', '1', '2018-04-06 08:11:19', '2018-04-06 08:11:19', '80b2a063-669b-4f12-9930-f6d15de256a8'),
 ('95', '113', 'Content', '1', '2018-04-06 08:11:19', '2018-04-06 08:11:19', '7dc34dc5-3bdf-4fd8-8475-9075bdd5bbf5'),
 ('96', '114', 'Content', '1', '2018-04-06 08:26:23', '2018-04-06 08:26:23', 'fed72504-eb91-4e82-a9b1-ff8d406c1a70'),
 ('97', '115', 'Services', '1', '2018-04-06 09:41:46', '2018-04-06 09:41:46', '1c915e13-7507-46a7-acca-33e68f962f45'),
 ('99', '118', 'Content', '1', '2018-04-06 12:30:25', '2018-04-06 12:30:25', '5b1e56ff-4c26-4d89-8a1e-4446a16c320b'),
 ('100', '119', 'Page', '1', '2018-04-06 12:30:40', '2018-04-06 12:30:40', 'a8cb6528-f90e-4d85-abfd-b86686757c59');



DROP TABLE IF EXISTS `craft_fields`;


--
-- Schema for table `craft_fields`
--
CREATE TABLE `craft_fields` (
  `id` int(11) NOT NULL AUTO_INCREMENT,
  `groupId` int(11) DEFAULT NULL,
  `name` varchar(255) COLLATE utf8_unicode_ci NOT NULL,
  `handle` varchar(58) COLLATE utf8_unicode_ci NOT NULL,
  `context` varchar(255) COLLATE utf8_unicode_ci NOT NULL DEFAULT 'global',
  `instructions` text COLLATE utf8_unicode_ci,
  `translatable` tinyint(1) unsigned NOT NULL DEFAULT '0',
  `type` varchar(150) COLLATE utf8_unicode_ci NOT NULL,
  `settings` text COLLATE utf8_unicode_ci,
  `dateCreated` datetime NOT NULL,
  `dateUpdated` datetime NOT NULL,
  `uid` char(36) COLLATE utf8_unicode_ci NOT NULL DEFAULT '0',
  PRIMARY KEY (`id`),
  UNIQUE KEY `craft_fields_handle_context_unq_idx` (`handle`,`context`),
  KEY `craft_fields_context_idx` (`context`),
  KEY `craft_fields_groupId_fk` (`groupId`)
) ENGINE=InnoDB AUTO_INCREMENT=56 DEFAULT CHARSET=utf8 COLLATE=utf8_unicode_ci;

--
-- Data for table `craft_fields`
--

INSERT INTO `craft_fields` (`id`, `groupId`, `name`, `handle`, `context`, `instructions`, `translatable`, `type`, `settings`, `dateCreated`, `dateUpdated`, `uid`) VALUES
 ('1', '1', 'Body', 'body', 'global', NULL, '1', 'RichText', '{\"configFile\":\"Standard.json\",\"columnType\":\"text\"}', '2018-03-28 09:59:41', '2018-03-28 09:59:41', 'a41a66b9-640b-46bf-8c12-80e63d7bee8c'),
 ('2', '1', 'Tags', 'tags', 'global', NULL, '0', 'Tags', '{\"source\":\"taggroup:1\"}', '2018-03-28 09:59:41', '2018-03-28 09:59:41', '7ed3468d-f027-4e0c-ba9c-6dd588c552e2'),
 ('3', '2', 'Phone Number', 'phoneNumber', 'global', '', '0', 'PlainText', '{\"placeholder\":\"\",\"maxLength\":\"20\",\"multiline\":\"\",\"initialRows\":\"4\"}', '2018-04-02 08:52:54', '2018-04-02 08:52:54', '5f7dacf3-ba0d-4458-8bcb-fb42b506291b'),
 ('4', '2', 'Foundation Year', 'foundationYear', 'global', 'Year which is displayed in footer', '0', 'PlainText', '{\"placeholder\":\"2017\",\"maxLength\":\"4\",\"multiline\":\"\",\"initialRows\":\"4\"}', '2018-04-02 09:07:39', '2018-04-02 09:07:39', '47f43a50-f7bf-4d56-b715-dec95325026e'),
 ('5', '2', 'Address Line 1', 'addressLine1', 'global', '', '0', 'PlainText', '{\"placeholder\":\"Hallyards Farm House\",\"maxLength\":\"\",\"multiline\":\"\",\"initialRows\":\"4\"}', '2018-04-02 09:11:07', '2018-04-02 09:11:55', 'd3661d62-93ec-4889-aa6b-97fcf259db43'),
 ('6', '2', 'Address Line 2', 'addressLine2', 'global', '', '0', 'PlainText', '{\"placeholder\":\"Kirkliston\",\"maxLength\":\"\",\"multiline\":\"\",\"initialRows\":\"4\"}', '2018-04-02 09:11:41', '2018-04-02 09:11:41', 'f7bd6431-6622-482a-a440-9c1f5d2af57d'),
 ('7', '2', 'Address Line 3', 'addressLine3', 'global', '', '0', 'PlainText', '{\"placeholder\":\"EH29 9DZ\",\"maxLength\":\"\",\"multiline\":\"\",\"initialRows\":\"4\"}', '2018-04-02 09:12:15', '2018-04-02 09:12:15', 'ea6298e4-11d1-41bc-8820-352f88df9e19'),
 ('8', '2', 'Company Title', 'companyTitle', 'global', '', '0', 'PlainText', '{\"placeholder\":\"Bark n\\u2019 Fly \",\"maxLength\":\"\",\"multiline\":\"\",\"initialRows\":\"4\"}', '2018-04-02 09:13:40', '2018-04-02 09:13:40', '36a31050-ed2b-476d-8dad-288e2198ccf2'),
 ('9', '2', 'LogoColored', 'logocolored', 'global', '', '0', 'PlainText', '{\"placeholder\":\"\",\"maxLength\":\"\",\"multiline\":\"\",\"initialRows\":\"4\"}', '2018-04-02 09:14:35', '2018-04-02 09:14:35', 'ef6df268-ddf4-4f46-97e7-cab6b7dbd4dd'),
 ('10', '2', 'LogoGreyed', 'logogreyed', 'global', '', '0', 'PlainText', '{\"placeholder\":\"\",\"maxLength\":\"\",\"multiline\":\"\",\"initialRows\":\"4\"}', '2018-04-02 09:14:44', '2018-04-02 09:14:44', '179e21ef-58d3-4d46-bb2a-2020a939ae83'),
 ('11', '5', 'Show In Menu', 'showInMenu', 'global', 'Indicates whether page should be presented in site header menu', '0', 'Lightswitch', '{\"default\":\"\"}', '2018-04-02 14:01:43', '2018-04-05 08:26:27', '3a606e4e-27dd-4051-9bc9-05d5ae43777a'),
 ('12', '3', 'Top Carousel', 'topCarousel', 'global', 'that one is located right under the main menu', '0', 'Matrix', '{\"maxBlocks\":null}', '2018-04-02 14:51:43', '2018-04-04 08:20:04', 'a2913f5b-dba0-447f-99c9-4db4d59e0a7c'),
 ('13', NULL, 'Caption', 'caption', 'matrixBlockType:1', '', '0', 'PlainText', '{\"placeholder\":\"\",\"maxLength\":\"\",\"multiline\":\"1\",\"initialRows\":\"4\"}', '2018-04-02 14:51:43', '2018-04-04 08:20:04', '8e57fbc3-0b84-4732-b42b-eea4d4b6ccd1'),
 ('14', NULL, 'Cover Picture', 'coverPicture', 'matrixBlockType:1', '', '0', 'Assets', '{\"useSingleFolder\":\"\",\"sources\":\"*\",\"defaultUploadLocationSource\":\"1\",\"defaultUploadLocationSubpath\":\"\",\"singleUploadLocationSource\":\"1\",\"singleUploadLocationSubpath\":\"\",\"restrictFiles\":\"\",\"limit\":\"\",\"viewMode\":\"list\",\"selectionLabel\":\"\"}', '2018-04-02 14:51:43', '2018-04-04 08:20:04', '0f486a15-b64d-4587-aade-f659d3b893c1'),
 ('15', '5', 'Menu Sorting Order', 'sortingOrder', 'global', '', '0', 'Number', '{\"min\":\"0\",\"max\":\"100\",\"decimals\":\"0\"}', '2018-04-02 15:57:21', '2018-04-05 08:26:12', '501ce91c-92f3-41c8-9592-bbc8731446f3'),
 ('16', '5', 'Show In Footer', 'showInFooter', 'global', '', '0', 'Lightswitch', '{\"default\":\"\"}', '2018-04-03 11:29:22', '2018-04-05 08:26:19', '5053982d-b6ae-48ba-afa1-24f40b8e74fa'),
 ('17', '5', 'Footer Sorting Order', 'footerSortingOrder', 'global', '', '0', 'Number', '{\"min\":\"0\",\"max\":\"100\",\"decimals\":\"0\"}', '2018-04-03 12:38:36', '2018-04-05 08:26:02', 'e82306e7-586c-4e50-b9ee-963e49aff9f1'),
 ('18', '4', 'Social Link', 'socialLink', 'global', 'URL to social network page', '0', 'PlainText', '{\"placeholder\":\"\",\"maxLength\":\"\",\"multiline\":\"\",\"initialRows\":\"4\"}', '2018-04-03 15:00:51', '2018-04-03 15:00:51', '73c160cd-5b60-40ec-91d6-4bc889dd1d9c'),
 ('19', '4', 'Icon', 'icon', 'global', '', '0', 'Assets', '{\"useSingleFolder\":\"\",\"sources\":\"*\",\"defaultUploadLocationSource\":\"1\",\"defaultUploadLocationSubpath\":\"\",\"singleUploadLocationSource\":\"1\",\"singleUploadLocationSubpath\":\"\",\"restrictFiles\":\"\",\"limit\":\"\",\"viewMode\":\"large\",\"selectionLabel\":\"\"}', '2018-04-03 15:01:41', '2018-04-03 15:01:41', 'bd18d24b-6682-437c-8b67-776b907d1445'),
 ('20', '3', 'Booking Panel', 'bookingPanel', 'global', 'Originally supposed to be placed at homepage', '0', 'Matrix', '{\"maxBlocks\":null}', '2018-04-04 09:17:09', '2018-04-05 11:16:58', 'b6a85192-9f35-4030-b674-0b7110a8397a'),
 ('21', NULL, 'Top Caption', 'topCaption', 'matrixBlockType:2', '', '0', 'PlainText', '{\"placeholder\":\"\",\"maxLength\":\"100\",\"multiline\":\"\",\"initialRows\":\"4\"}', '2018-04-04 09:17:09', '2018-04-05 11:16:58', '9a3907bc-54e7-45a7-9d7f-27a6a241c24e'),
 ('22', NULL, 'Tab-1 Title', 'tab1Title', 'matrixBlockType:2', '', '0', 'PlainText', '{\"placeholder\":\"\",\"maxLength\":\"50\",\"multiline\":\"\",\"initialRows\":\"4\"}', '2018-04-04 09:17:09', '2018-04-05 11:16:58', 'd4129f14-59c0-475a-a16f-595c4d8e4028'),
 ('23', NULL, 'Tab-1 Input-1 Caption', 'tab1Input1Caption', 'matrixBlockType:2', '', '0', 'PlainText', '{\"placeholder\":\"\",\"maxLength\":\"50\",\"multiline\":\"\",\"initialRows\":\"4\"}', '2018-04-04 09:17:09', '2018-04-05 11:16:58', 'ade307a3-4575-477c-98ca-2e23870dbabc'),
 ('24', NULL, 'Tab-1 Input-2 Caption', 'tab1Input2Caption', 'matrixBlockType:2', '', '0', 'PlainText', '{\"placeholder\":\"\",\"maxLength\":\"50\",\"multiline\":\"\",\"initialRows\":\"4\"}', '2018-04-04 09:17:09', '2018-04-05 11:16:58', 'c4b5ce47-34c0-4020-9bef-c8dafdeae1b4'),
 ('25', NULL, 'Tab-1 Submit Button Caption', 'tab1SubmitButtonCaption', 'matrixBlockType:2', '', '0', 'PlainText', '{\"placeholder\":\"\",\"maxLength\":\"50\",\"multiline\":\"\",\"initialRows\":\"4\"}', '2018-04-04 09:17:09', '2018-04-05 11:16:58', '8d5f890f-b022-498e-ba50-e9374348f880'),
 ('26', NULL, 'Tab-2 Title', 'tab2Title', 'matrixBlockType:2', '', '0', 'PlainText', '{\"placeholder\":\"\",\"maxLength\":\"50\",\"multiline\":\"\",\"initialRows\":\"4\"}', '2018-04-04 09:17:09', '2018-04-05 11:16:58', 'd27ce76f-ae54-4e87-ae16-6dd31051d0d0'),
 ('27', '3', 'Feedback Carousel', 'feedbackCarousel', 'global', '', '0', 'Matrix', '{\"maxBlocks\":null}', '2018-04-05 08:29:56', '2018-04-05 10:32:44', '780d0d2e-7185-4cd5-90bc-d80decd301a2'),
 ('28', NULL, 'Picture', 'picture', 'matrixBlockType:3', '', '0', 'Assets', '{\"useSingleFolder\":\"\",\"sources\":\"*\",\"defaultUploadLocationSource\":\"1\",\"defaultUploadLocationSubpath\":\"\",\"singleUploadLocationSource\":\"1\",\"singleUploadLocationSubpath\":\"\",\"restrictFiles\":\"\",\"limit\":\"\",\"viewMode\":\"list\",\"selectionLabel\":\"\"}', '2018-04-05 08:29:57', '2018-04-05 10:32:44', '85032468-d74b-497e-87f9-748bb2c3c2a7'),
 ('29', NULL, 'Text', 'text', 'matrixBlockType:3', '', '0', 'PlainText', '{\"placeholder\":\"\",\"maxLength\":\"\",\"multiline\":\"1\",\"initialRows\":\"4\"}', '2018-04-05 08:29:57', '2018-04-05 10:32:44', '4de4c1b9-5733-4ed7-86e2-d9e70c173897'),
 ('30', NULL, 'Author', 'author', 'matrixBlockType:3', '', '0', 'PlainText', '{\"placeholder\":\"\",\"maxLength\":\"50\",\"multiline\":\"\",\"initialRows\":\"4\"}', '2018-04-05 08:29:57', '2018-04-05 10:32:44', 'f96a60d0-84e1-403b-afda-05abc2e12e12'),
 ('31', NULL, 'Signature', 'signature', 'matrixBlockType:3', '', '0', 'PlainText', '{\"placeholder\":\"\",\"maxLength\":\"200\",\"multiline\":\"1\",\"initialRows\":\"4\"}', '2018-04-05 08:29:57', '2018-04-05 10:32:44', '9e838a63-faea-470d-826c-b19c9ebe1f4d'),
 ('32', '3', 'Advertisement', 'advertisement', 'global', '', '0', 'Matrix', '{\"maxBlocks\":null}', '2018-04-05 10:36:40', '2018-04-05 11:14:48', '9997f63b-a469-497a-a1d4-2fceb8d34403'),
 ('33', NULL, 'CoverPicture', 'coverPicture', 'matrixBlockType:4', '', '0', 'Assets', '{\"useSingleFolder\":\"\",\"sources\":\"*\",\"defaultUploadLocationSource\":\"1\",\"defaultUploadLocationSubpath\":\"\",\"singleUploadLocationSource\":\"1\",\"singleUploadLocationSubpath\":\"\",\"restrictFiles\":\"\",\"limit\":\"\",\"viewMode\":\"list\",\"selectionLabel\":\"\"}', '2018-04-05 10:36:40', '2018-04-05 11:14:48', '7e5e68ae-0232-42ae-9cc8-9ee60578fcc4'),
 ('34', NULL, 'Caption', 'caption', 'matrixBlockType:4', '', '0', 'PlainText', '{\"placeholder\":\"\",\"maxLength\":\"\",\"multiline\":\"1\",\"initialRows\":\"4\"}', '2018-04-05 10:36:40', '2018-04-05 11:14:48', 'abc4db75-85af-4d55-950d-2d99a1871279'),
 ('35', NULL, 'Button Text', 'buttonText', 'matrixBlockType:4', '', '0', 'PlainText', '{\"placeholder\":\"\",\"maxLength\":\"50\",\"multiline\":\"\",\"initialRows\":\"4\"}', '2018-04-05 10:36:40', '2018-04-05 11:14:48', 'a46495b1-fc46-4e6e-889c-a39848f03d6a'),
 ('36', NULL, 'Target Url', 'targetUrl', 'matrixBlockType:4', '', '0', 'PlainText', '{\"placeholder\":\"place target URL here\",\"maxLength\":\"\",\"multiline\":\"\",\"initialRows\":\"4\"}', '2018-04-05 10:39:40', '2018-04-05 11:14:48', '6a7af816-2378-4645-83c3-04c0be22e328'),
 ('37', '3', 'Featured Services', 'featuredServices', 'global', '', '0', 'Matrix', '{\"maxBlocks\":null}', '2018-04-05 11:28:04', '2018-04-05 11:45:24', '20513222-7887-4b26-ac6f-aa27b48108aa'),
 ('38', NULL, 'Block Title', 'blockTitle', 'matrixBlockType:5', '', '0', 'PlainText', '{\"placeholder\":\"\",\"maxLength\":\"\",\"multiline\":\"\",\"initialRows\":\"4\"}', '2018-04-05 11:28:04', '2018-04-05 11:45:24', 'eba48ecf-0f33-4254-810c-3e5be58f15d0'),
 ('39', NULL, 'Caption', 'caption', 'matrixBlockType:5', '', '0', 'PlainText', '{\"placeholder\":\"\",\"maxLength\":\"\",\"multiline\":\"1\",\"initialRows\":\"4\"}', '2018-04-05 11:28:04', '2018-04-05 11:45:24', '8e899cbe-4cb1-4eae-b975-3a1eafb3d59a'),
 ('40', NULL, 'Background Color', 'backgroundColor', 'matrixBlockType:5', '', '0', 'Color', NULL, '2018-04-05 11:28:04', '2018-04-05 11:45:24', '806dffa5-feb4-4f7f-9fb7-79f95cc9a8ca'),
 ('41', NULL, 'Picture', 'picture', 'matrixBlockType:6', '', '0', 'Assets', '{\"useSingleFolder\":\"\",\"sources\":\"*\",\"defaultUploadLocationSource\":\"1\",\"defaultUploadLocationSubpath\":\"\",\"singleUploadLocationSource\":\"1\",\"singleUploadLocationSubpath\":\"\",\"restrictFiles\":\"\",\"limit\":\"1\",\"viewMode\":\"list\",\"selectionLabel\":\"\"}', '2018-04-05 11:28:04', '2018-04-05 11:45:24', '08566784-7a54-4bce-8cb3-74406fb0826c'),
 ('42', NULL, 'Caption', 'caption', 'matrixBlockType:6', '', '0', 'PlainText', '{\"placeholder\":\"\",\"maxLength\":\"\",\"multiline\":\"\",\"initialRows\":\"4\"}', '2018-04-05 11:28:04', '2018-04-05 11:45:24', '1f6c09a0-e934-41ae-9e06-d3965b8cec92'),
 ('43', NULL, 'Text', 'text', 'matrixBlockType:6', '', '0', 'PlainText', '{\"placeholder\":\"\",\"maxLength\":\"\",\"multiline\":\"1\",\"initialRows\":\"4\"}', '2018-04-05 11:28:04', '2018-04-05 11:45:24', '9b5e5942-4e4c-4874-b46d-c47bbd57cd77'),
 ('44', '1', 'Page Cover', 'pageCover', 'global', '', '0', 'Matrix', '{\"maxBlocks\":\"1\"}', '2018-04-06 07:57:50', '2018-04-06 08:26:23', '408aa992-3b0e-44a4-a337-a150fa574d80'),
 ('45', '1', 'Services List', 'servicesList', 'global', '', '0', 'Matrix', '{\"maxBlocks\":null}', '2018-04-06 08:08:45', '2018-04-06 08:11:19', 'aaab03b1-4c93-4889-801c-611ab890d263'),
 ('46', NULL, 'Call Us Today Caption', 'callUsTodayCaption', 'matrixBlockType:7', '', '0', 'PlainText', '{\"placeholder\":\"\",\"maxLength\":\"\",\"multiline\":\"\",\"initialRows\":\"4\"}', '2018-04-06 08:08:45', '2018-04-06 08:11:19', '5f892eeb-42de-4eb7-8130-7a965ec2501e'),
 ('47', NULL, 'Picture', 'picture', 'matrixBlockType:8', '', '0', 'Assets', '{\"useSingleFolder\":\"\",\"sources\":\"*\",\"defaultUploadLocationSource\":\"1\",\"defaultUploadLocationSubpath\":\"\",\"singleUploadLocationSource\":\"1\",\"singleUploadLocationSubpath\":\"\",\"restrictFiles\":\"\",\"limit\":\"\",\"viewMode\":\"list\",\"selectionLabel\":\"\"}', '2018-04-06 08:08:45', '2018-04-06 08:11:19', 'b86b3699-26b4-4bc2-b019-145f2fe8277a'),
 ('48', NULL, 'Caption', 'caption', 'matrixBlockType:8', '', '0', 'PlainText', '{\"placeholder\":\"\",\"maxLength\":\"100\",\"multiline\":\"\",\"initialRows\":\"4\"}', '2018-04-06 08:08:45', '2018-04-06 08:11:19', '1fb7344f-5df3-4a40-896f-f2efb705715b'),
 ('49', NULL, 'Text', 'text', 'matrixBlockType:8', '', '0', 'PlainText', '{\"placeholder\":\"\",\"maxLength\":\"\",\"multiline\":\"1\",\"initialRows\":\"4\"}', '2018-04-06 08:08:45', '2018-04-06 08:11:19', 'c0301fb8-5903-4c08-bb97-9594244f0e5f'),
 ('50', NULL, 'Caption', 'caption', 'matrixBlockType:9', '', '0', 'PlainText', '{\"placeholder\":\"\",\"maxLength\":\"\",\"multiline\":\"\",\"initialRows\":\"4\"}', '2018-04-06 08:26:23', '2018-04-06 08:26:23', 'c2576b5e-2808-4264-be82-6c506a3c90e8'),
 ('51', NULL, 'Picture', 'picture', 'matrixBlockType:9', '', '0', 'Assets', '{\"useSingleFolder\":\"\",\"sources\":\"*\",\"defaultUploadLocationSource\":\"1\",\"defaultUploadLocationSubpath\":\"\",\"singleUploadLocationSource\":\"1\",\"singleUploadLocationSubpath\":\"\",\"restrictFiles\":\"\",\"limit\":\"\",\"viewMode\":\"list\",\"selectionLabel\":\"\"}', '2018-04-06 08:26:23', '2018-04-06 08:26:23', '8f3f218d-2191-40cb-8691-c1029ca6e138'),
 ('52', '1', 'Facilities List', 'facilitiesList', 'global', '', '0', 'Matrix', '{\"maxBlocks\":null}', '2018-04-06 12:30:25', '2018-04-06 12:30:25', '5ca671f7-0f06-493f-b864-13099e2960f2'),
 ('53', NULL, 'Caption', 'caption', 'matrixBlockType:10', '', '0', 'PlainText', '{\"placeholder\":\"\",\"maxLength\":\"\",\"multiline\":\"\",\"initialRows\":\"4\"}', '2018-04-06 12:30:25', '2018-04-06 12:30:25', 'b01eff74-2a4d-4b10-8b55-14e4e553d621'),
 ('54', NULL, 'Text', 'text', 'matrixBlockType:10', '', '0', 'PlainText', '{\"placeholder\":\"\",\"maxLength\":\"\",\"multiline\":\"1\",\"initialRows\":\"4\"}', '2018-04-06 12:30:25', '2018-04-06 12:30:25', '8a76979d-55a2-4c33-a90b-72a648c6861a'),
 ('55', NULL, 'Images', 'images', 'matrixBlockType:10', 'originally supposed to be 3 images', '0', 'Assets', '{\"useSingleFolder\":\"\",\"sources\":\"*\",\"defaultUploadLocationSource\":\"1\",\"defaultUploadLocationSubpath\":\"\",\"singleUploadLocationSource\":\"1\",\"singleUploadLocationSubpath\":\"\",\"restrictFiles\":\"\",\"limit\":\"\",\"viewMode\":\"list\",\"selectionLabel\":\"\"}', '2018-04-06 12:30:25', '2018-04-06 12:30:25', '57768ce7-186c-44f0-8afb-1d43d7686f17');



DROP TABLE IF EXISTS `craft_globalsets`;


--
-- Schema for table `craft_globalsets`
--
CREATE TABLE `craft_globalsets` (
  `id` int(11) NOT NULL,
  `name` varchar(255) COLLATE utf8_unicode_ci NOT NULL,
  `handle` varchar(255) COLLATE utf8_unicode_ci NOT NULL,
  `fieldLayoutId` int(10) DEFAULT NULL,
  `dateCreated` datetime NOT NULL,
  `dateUpdated` datetime NOT NULL,
  `uid` char(36) COLLATE utf8_unicode_ci NOT NULL DEFAULT '0',
  PRIMARY KEY (`id`),
  UNIQUE KEY `craft_globalsets_name_unq_idx` (`name`),
  UNIQUE KEY `craft_globalsets_handle_unq_idx` (`handle`),
  KEY `craft_globalsets_fieldLayoutId_fk` (`fieldLayoutId`)
) ENGINE=InnoDB DEFAULT CHARSET=utf8 COLLATE=utf8_unicode_ci;

--
-- Data for table `craft_globalsets`
--

INSERT INTO `craft_globalsets` (`id`, `name`, `handle`, `fieldLayoutId`, `dateCreated`, `dateUpdated`, `uid`) VALUES
 ('4', 'Company Info', 'companyInfo', '11', '2018-04-02 08:37:52', '2018-04-02 09:15:42', '45f326aa-5ec0-4bfe-adf4-bddc2db32159');



DROP TABLE IF EXISTS `craft_info`;


--
-- Schema for table `craft_info`
--
CREATE TABLE `craft_info` (
  `id` int(11) NOT NULL AUTO_INCREMENT,
  `version` varchar(50) COLLATE utf8_unicode_ci NOT NULL,
  `schemaVersion` varchar(15) COLLATE utf8_unicode_ci NOT NULL,
  `edition` tinyint(1) unsigned NOT NULL DEFAULT '0',
  `siteName` varchar(100) COLLATE utf8_unicode_ci NOT NULL,
  `siteUrl` varchar(255) COLLATE utf8_unicode_ci NOT NULL,
  `timezone` varchar(30) COLLATE utf8_unicode_ci DEFAULT NULL,
  `on` tinyint(1) unsigned NOT NULL DEFAULT '0',
  `maintenance` tinyint(1) unsigned NOT NULL DEFAULT '0',
  `dateCreated` datetime NOT NULL,
  `dateUpdated` datetime NOT NULL,
  `uid` char(36) COLLATE utf8_unicode_ci NOT NULL DEFAULT '0',
  PRIMARY KEY (`id`)
) ENGINE=InnoDB AUTO_INCREMENT=2 DEFAULT CHARSET=utf8 COLLATE=utf8_unicode_ci;

--
-- Data for table `craft_info`
--

INSERT INTO `craft_info` (`id`, `version`, `schemaVersion`, `edition`, `siteName`, `siteUrl`, `timezone`, `on`, `maintenance`, `dateCreated`, `dateUpdated`, `uid`) VALUES
 ('1', '2.6.3014', '2.6.13', '0', 'Bark And Fly', 'http://localhost:8011', 'UTC', '1', '1', '2018-03-28 09:59:34', '2018-04-09 10:52:30', '7896b4e6-0c05-4e84-bed2-b1d6daba0b41');



DROP TABLE IF EXISTS `craft_locales`;


--
-- Schema for table `craft_locales`
--
CREATE TABLE `craft_locales` (
  `locale` char(12) COLLATE utf8_unicode_ci NOT NULL,
  `sortOrder` smallint(6) unsigned DEFAULT NULL,
  `dateCreated` datetime NOT NULL,
  `dateUpdated` datetime NOT NULL,
  `uid` char(36) COLLATE utf8_unicode_ci NOT NULL DEFAULT '0',
  PRIMARY KEY (`locale`),
  KEY `craft_locales_sortOrder_idx` (`sortOrder`)
) ENGINE=InnoDB DEFAULT CHARSET=utf8 COLLATE=utf8_unicode_ci;

--
-- Data for table `craft_locales`
--

INSERT INTO `craft_locales` (`locale`, `sortOrder`, `dateCreated`, `dateUpdated`, `uid`) VALUES
 ('en', '1', '2018-03-28 09:59:34', '2018-03-28 09:59:34', 'f16bf76f-8512-4930-80a9-c1824103d6a8');



DROP TABLE IF EXISTS `craft_matrixblocks`;


--
-- Schema for table `craft_matrixblocks`
--
CREATE TABLE `craft_matrixblocks` (
  `id` int(11) NOT NULL,
  `ownerId` int(11) NOT NULL,
  `fieldId` int(11) NOT NULL,
  `typeId` int(11) DEFAULT NULL,
  `sortOrder` smallint(6) unsigned DEFAULT NULL,
  `ownerLocale` char(12) COLLATE utf8_unicode_ci DEFAULT NULL,
  `dateCreated` datetime NOT NULL,
  `dateUpdated` datetime NOT NULL,
  `uid` char(36) COLLATE utf8_unicode_ci NOT NULL DEFAULT '0',
  PRIMARY KEY (`id`),
  KEY `craft_matrixblocks_ownerId_idx` (`ownerId`),
  KEY `craft_matrixblocks_fieldId_idx` (`fieldId`),
  KEY `craft_matrixblocks_typeId_idx` (`typeId`),
  KEY `craft_matrixblocks_sortOrder_idx` (`sortOrder`),
  KEY `craft_matrixblocks_ownerLocale_fk` (`ownerLocale`)
) ENGINE=InnoDB DEFAULT CHARSET=utf8 COLLATE=utf8_unicode_ci;

--
-- Data for table `craft_matrixblocks`
--

INSERT INTO `craft_matrixblocks` (`id`, `ownerId`, `fieldId`, `typeId`, `sortOrder`, `ownerLocale`, `dateCreated`, `dateUpdated`, `uid`) VALUES
 ('10', '9', '12', '1', '1', NULL, '2018-04-02 15:22:42', '2018-04-05 11:41:21', '36300851-1e92-4d1d-a71b-cc66df3cd3ae'),
 ('32', '9', '12', '1', '2', NULL, '2018-04-03 16:32:55', '2018-04-05 11:41:21', '9af35b80-6cbb-4552-b0f3-1c755c83469b'),
 ('33', '9', '20', '2', '1', NULL, '2018-04-04 11:01:27', '2018-04-05 11:41:21', '8c19f997-4c94-4a6c-aec2-46b3cefbadbe'),
 ('35', '9', '27', '3', '1', NULL, '2018-04-05 10:19:28', '2018-04-05 11:41:21', 'ec648f1e-56da-48e9-861f-bdb6cc1da6dc'),
 ('36', '9', '27', '3', '2', NULL, '2018-04-05 10:19:28', '2018-04-05 11:41:21', '0be655c5-ceed-4ea0-9708-913afa82053c'),
 ('37', '9', '27', '3', '3', NULL, '2018-04-05 10:19:28', '2018-04-05 11:41:21', '1f4c4096-0b66-4add-aba4-57b019b4b9f1'),
 ('39', '9', '32', '4', '1', NULL, '2018-04-05 10:37:37', '2018-04-05 11:41:21', '6dd1b513-e245-419f-9f56-90b5f379e896'),
 ('43', '9', '37', '5', '1', NULL, '2018-04-05 11:34:09', '2018-04-05 11:41:21', '8d1eed93-06ac-4e4b-a8eb-1e594917e5a1'),
 ('44', '9', '37', '6', '2', NULL, '2018-04-05 11:35:39', '2018-04-05 11:41:21', '1841277e-edcb-430c-a38d-a87746072b8d'),
 ('45', '9', '37', '6', '3', NULL, '2018-04-05 11:35:39', '2018-04-05 11:41:21', 'b87bda3b-b277-476b-a110-522f34e7ea5e'),
 ('46', '9', '37', '6', '4', NULL, '2018-04-05 11:35:39', '2018-04-05 11:41:21', '68bce06e-df58-4933-a5b3-4fb85c0f10a3'),
 ('52', '11', '45', '7', '1', NULL, '2018-04-06 08:10:45', '2018-04-06 09:42:52', '325c46c0-def0-434f-b99a-f9d3ff5de1a5'),
 ('53', '11', '44', '9', '1', NULL, '2018-04-06 08:26:49', '2018-04-06 09:42:52', '710edc62-3fa6-47b1-8ec8-e31a730dae8e'),
 ('54', '11', '45', '8', '2', NULL, '2018-04-06 08:55:23', '2018-04-06 09:42:52', 'e65b815b-aa83-4b01-96d2-d61f408f6d79'),
 ('55', '11', '45', '8', '3', NULL, '2018-04-06 08:55:23', '2018-04-06 09:42:52', 'c289363a-ff57-41f6-b185-e4ad4ed6125f'),
 ('56', '11', '45', '8', '4', NULL, '2018-04-06 08:55:23', '2018-04-06 09:42:52', '9682afa0-9999-4153-94d9-dccd927b63b6'),
 ('57', '11', '45', '8', '5', NULL, '2018-04-06 08:55:23', '2018-04-06 09:42:52', '81f5d1ed-7ed2-4bf6-acdc-4778be4e1296'),
 ('58', '11', '32', '4', '1', NULL, '2018-04-06 09:42:52', '2018-04-06 09:42:52', '09d3015f-3e2d-4f5c-849e-54a0482294b3'),
 ('87', '13', '44', '9', '1', NULL, '2018-04-06 12:37:18', '2018-04-06 12:37:18', 'ff652485-297f-4b09-8f9d-4fb9e832e47f'),
 ('88', '13', '52', '10', '1', NULL, '2018-04-06 12:37:18', '2018-04-06 12:37:18', 'a654b125-6b3e-4ac7-9552-cb55dc802263'),
 ('89', '13', '52', '10', '2', NULL, '2018-04-06 12:37:18', '2018-04-06 12:37:18', '4d35f471-2167-4e94-97e1-7251a520a1be'),
 ('90', '13', '52', '10', '3', NULL, '2018-04-06 12:37:18', '2018-04-06 12:37:18', 'bd97467e-7378-4cc3-b0b9-d399b1c708fa'),
 ('91', '13', '52', '10', '4', NULL, '2018-04-06 12:37:18', '2018-04-06 12:37:18', '706e0236-808c-4f78-9c61-7b8d9e29545a'),
 ('92', '13', '52', '10', '5', NULL, '2018-04-06 12:37:18', '2018-04-06 12:37:18', '12607c32-c9d3-42ba-ac4a-bd1c15ae6290'),
 ('93', '13', '52', '10', '6', NULL, '2018-04-06 12:37:18', '2018-04-06 12:37:18', '9bd40c19-c01e-496a-a98c-97c3fc72ebe2');



DROP TABLE IF EXISTS `craft_matrixblocktypes`;


--
-- Schema for table `craft_matrixblocktypes`
--
CREATE TABLE `craft_matrixblocktypes` (
  `id` int(11) NOT NULL AUTO_INCREMENT,
  `fieldId` int(11) NOT NULL,
  `fieldLayoutId` int(11) DEFAULT NULL,
  `name` varchar(255) COLLATE utf8_unicode_ci NOT NULL,
  `handle` varchar(255) COLLATE utf8_unicode_ci NOT NULL,
  `sortOrder` smallint(6) unsigned DEFAULT NULL,
  `dateCreated` datetime NOT NULL,
  `dateUpdated` datetime NOT NULL,
  `uid` char(36) COLLATE utf8_unicode_ci NOT NULL DEFAULT '0',
  PRIMARY KEY (`id`),
  UNIQUE KEY `craft_matrixblocktypes_name_fieldId_unq_idx` (`name`,`fieldId`),
  UNIQUE KEY `craft_matrixblocktypes_handle_fieldId_unq_idx` (`handle`,`fieldId`),
  KEY `craft_matrixblocktypes_fieldId_fk` (`fieldId`),
  KEY `craft_matrixblocktypes_fieldLayoutId_fk` (`fieldLayoutId`)
) ENGINE=InnoDB AUTO_INCREMENT=11 DEFAULT CHARSET=utf8 COLLATE=utf8_unicode_ci;

--
-- Data for table `craft_matrixblocktypes`
--

INSERT INTO `craft_matrixblocktypes` (`id`, `fieldId`, `fieldLayoutId`, `name`, `handle`, `sortOrder`, `dateCreated`, `dateUpdated`, `uid`) VALUES
 ('1', '12', '74', 'Carousel Block', 'carouselBlock', '1', '2018-04-02 14:51:43', '2018-04-04 08:20:04', 'c6fd41bb-4198-4d78-b3e3-901da46bff47'),
 ('2', '20', '91', 'Panel', 'panel', '1', '2018-04-04 09:17:09', '2018-04-05 11:16:58', 'dd19b8fd-8238-4344-8bca-60a18a0a1128'),
 ('3', '27', '82', 'Carousel Block', 'carouselBlock', '1', '2018-04-05 08:29:57', '2018-04-05 10:32:44', '75cbd91a-d2ba-407f-a0e6-6027656ae96b'),
 ('4', '32', '90', 'Ad Block', 'adBlock', '1', '2018-04-05 10:36:40', '2018-04-05 11:14:48', 'c08d480c-3461-4f8d-8068-4eb2ec778160'),
 ('5', '37', '103', 'Services Block', 'servicesBlock', '1', '2018-04-05 11:28:04', '2018-04-05 11:45:24', 'b831f715-7d84-4077-9cae-df0d88f54dcd'),
 ('6', '37', '104', 'Service Item', 'serviceItem', '2', '2018-04-05 11:28:04', '2018-04-05 11:45:24', '34768f00-6040-4de6-b15f-49191c39dc8f'),
 ('7', '45', '112', 'General Block', 'generalBlock', '1', '2018-04-06 08:08:45', '2018-04-06 08:11:19', '2f7fef33-301a-4b20-88d5-62e17217766f'),
 ('8', '45', '113', 'Service Block', 'serviceBlock', '2', '2018-04-06 08:08:45', '2018-04-06 08:11:19', '68c32545-118f-44a6-8830-48b260cce4ef'),
 ('9', '44', '114', 'coverBlock', 'coverblock', '1', '2018-04-06 08:26:23', '2018-04-06 08:26:23', '1d794810-ead3-497f-a6fb-3a0e4e813e9a'),
 ('10', '52', '118', 'Facility Block', 'facilityBlock', '1', '2018-04-06 12:30:25', '2018-04-06 12:30:25', '2242a37e-c8f0-4b21-bf6a-dc1df999630d');



DROP TABLE IF EXISTS `craft_matrixcontent_advertisement`;


--
-- Schema for table `craft_matrixcontent_advertisement`
--
CREATE TABLE `craft_matrixcontent_advertisement` (
  `id` int(11) NOT NULL AUTO_INCREMENT,
  `elementId` int(11) NOT NULL,
  `locale` char(12) COLLATE utf8_unicode_ci NOT NULL,
  `field_adBlock_caption` text COLLATE utf8_unicode_ci,
  `field_adBlock_buttonText` varchar(50) COLLATE utf8_unicode_ci DEFAULT NULL,
  `field_adBlock_targetUrl` text COLLATE utf8_unicode_ci,
  `dateCreated` datetime NOT NULL,
  `dateUpdated` datetime NOT NULL,
  `uid` char(36) COLLATE utf8_unicode_ci NOT NULL DEFAULT '0',
  PRIMARY KEY (`id`),
  UNIQUE KEY `craft_matrixcontent_advertisement_elementId_locale_unq_idx` (`elementId`,`locale`),
  KEY `craft_matrixcontent_advertisement_locale_fk` (`locale`)
) ENGINE=InnoDB AUTO_INCREMENT=3 DEFAULT CHARSET=utf8 COLLATE=utf8_unicode_ci;

--
-- Data for table `craft_matrixcontent_advertisement`
--

INSERT INTO `craft_matrixcontent_advertisement` (`id`, `elementId`, `locale`, `field_adBlock_caption`, `field_adBlock_buttonText`, `field_adBlock_targetUrl`, `dateCreated`, `dateUpdated`, `uid`) VALUES
 ('1', '39', 'en', 'Call us today: 01234 567 890', 'Order form', 'https://google.com', '2018-04-05 10:37:37', '2018-04-05 11:41:21', 'e0a959c1-2211-4f51-885a-4c0a92f0024a'),
 ('2', '58', 'en', 'Call us today: 01234 567 890', 'Order form', 'https://google.com', '2018-04-06 09:42:52', '2018-04-06 09:42:52', '717e529c-381a-4c8a-a78b-bf4d331f3040');



DROP TABLE IF EXISTS `craft_matrixcontent_bookingpanel`;


--
-- Schema for table `craft_matrixcontent_bookingpanel`
--
CREATE TABLE `craft_matrixcontent_bookingpanel` (
  `id` int(11) NOT NULL AUTO_INCREMENT,
  `elementId` int(11) NOT NULL,
  `locale` char(12) COLLATE utf8_unicode_ci NOT NULL,
  `field_panel_topCaption` varchar(100) COLLATE utf8_unicode_ci DEFAULT NULL,
  `field_panel_tab1Title` varchar(50) COLLATE utf8_unicode_ci DEFAULT NULL,
  `field_panel_tab1Input1Caption` varchar(50) COLLATE utf8_unicode_ci DEFAULT NULL,
  `field_panel_tab1Input2Caption` varchar(50) COLLATE utf8_unicode_ci DEFAULT NULL,
  `field_panel_tab1SubmitButtonCaption` varchar(50) COLLATE utf8_unicode_ci DEFAULT NULL,
  `field_panel_tab2Title` varchar(50) COLLATE utf8_unicode_ci DEFAULT NULL,
  `dateCreated` datetime NOT NULL,
  `dateUpdated` datetime NOT NULL,
  `uid` char(36) COLLATE utf8_unicode_ci NOT NULL DEFAULT '0',
  PRIMARY KEY (`id`),
  UNIQUE KEY `craft_matrixcontent_bookingpanel_elementId_locale_unq_idx` (`elementId`,`locale`),
  KEY `craft_matrixcontent_bookingpanel_locale_fk` (`locale`)
) ENGINE=InnoDB AUTO_INCREMENT=2 DEFAULT CHARSET=utf8 COLLATE=utf8_unicode_ci;

--
-- Data for table `craft_matrixcontent_bookingpanel`
--

INSERT INTO `craft_matrixcontent_bookingpanel` (`id`, `elementId`, `locale`, `field_panel_topCaption`, `field_panel_tab1Title`, `field_panel_tab1Input1Caption`, `field_panel_tab1Input2Caption`, `field_panel_tab1SubmitButtonCaption`, `field_panel_tab2Title`, `dateCreated`, `dateUpdated`, `uid`) VALUES
 ('1', '33', 'en', 'Start your booking', 'Dog Boarding', 'Start', 'End', 'Book now', 'Dog Day Care ', '2018-04-04 11:01:27', '2018-04-05 11:41:21', 'd84175d1-a730-4a10-8439-c08f81a0fe27');



DROP TABLE IF EXISTS `craft_matrixcontent_facilitieslist`;


--
-- Schema for table `craft_matrixcontent_facilitieslist`
--
CREATE TABLE `craft_matrixcontent_facilitieslist` (
  `id` int(11) NOT NULL AUTO_INCREMENT,
  `elementId` int(11) NOT NULL,
  `locale` char(12) COLLATE utf8_unicode_ci NOT NULL,
  `field_facilityBlock_caption` text COLLATE utf8_unicode_ci,
  `field_facilityBlock_text` text COLLATE utf8_unicode_ci,
  `dateCreated` datetime NOT NULL,
  `dateUpdated` datetime NOT NULL,
  `uid` char(36) COLLATE utf8_unicode_ci NOT NULL DEFAULT '0',
  PRIMARY KEY (`id`),
  UNIQUE KEY `craft_matrixcontent_facilitieslist_elementId_locale_unq_idx` (`elementId`,`locale`),
  KEY `craft_matrixcontent_facilitieslist_locale_fk` (`locale`)
) ENGINE=InnoDB AUTO_INCREMENT=7 DEFAULT CHARSET=utf8 COLLATE=utf8_unicode_ci;

--
-- Data for table `craft_matrixcontent_facilitieslist`
--

INSERT INTO `craft_matrixcontent_facilitieslist` (`id`, `elementId`, `locale`, `field_facilityBlock_caption`, `field_facilityBlock_text`, `dateCreated`, `dateUpdated`, `uid`) VALUES
 ('1', '88', 'en', 'Little Dog Pen', 'Lorem ipsum dolor sit amet, consectetur adipiscing elit. Vestibulum viverra diam a nisi vestibulum porta ac eget mi. Fusce risus ipsum, tempor at leo nec, laoreet blandit ligula. Pellentesque tincidunt nibh et neque eleifend convallis. Fusce nisi orci, tincidunt at libero et, molestie gravida ex.\r\n\r\nFusce viverra, mauris eu pulvinar mattis, ligula justo viverra purus, non tristique ante ipsum a justo. Donec nec porta sapien. Maecenas pulvinar porttitor tincidunt. Ut arcu tellus, ornare sed magna sit amet, eleifend pulvinar erat. Vivamus suscipit, nulla eu pharetra placerat, leo leo semper ligula, vel gravida erat justo quis dui. Vestibulum tellus magna, pretium ut congue sit amet, tristique sit amet leo. Mauris eros enim, vestibulum at mollis at, tempor ut libero.', '2018-04-06 12:37:18', '2018-04-06 12:37:18', '18c9ada7-ba18-408b-b30f-74c4e627c61d'),
 ('2', '89', 'en', 'Big Dog Pen', 'Lorem ipsum dolor sit amet, consectetur adipiscing elit. Vestibulum viverra diam a nisi vestibulum porta ac eget mi. Fusce risus ipsum, tempor at leo nec, laoreet blandit ligula. Pellentesque tincidunt nibh et neque eleifend convallis. Fusce nisi orci, tincidunt at libero et, molestie gravida ex.\r\n\r\nFusce viverra, mauris eu pulvinar mattis, ligula justo viverra purus, non tristique ante ipsum a justo. Donec nec porta sapien. Maecenas pulvinar porttitor tincidunt. Ut arcu tellus, ornare sed magna sit amet, eleifend pulvinar erat. Vivamus suscipit, nulla eu pharetra placerat, leo leo semper ligula, vel gravida erat justo quis dui. Vestibulum tellus magna, pretium ut congue sit amet, tristique sit amet leo. Mauris eros enim, vestibulum at mollis at, tempor ut libero.', '2018-04-06 12:37:18', '2018-04-06 12:37:18', '673919be-52af-4601-af87-e1cc45c3db92'),
 ('3', '90', 'en', 'Indoor Arena', 'Lorem ipsum dolor sit amet, consectetur adipiscing elit. Vestibulum viverra diam a nisi vestibulum porta ac eget mi. Fusce risus ipsum, tempor at leo nec, laoreet blandit ligula. Pellentesque tincidunt nibh et neque eleifend convallis. Fusce nisi orci, tincidunt at libero et, molestie gravida ex.\r\n\r\nFusce viverra, mauris eu pulvinar mattis, ligula justo viverra purus, non tristique ante ipsum a justo. Donec nec porta sapien. Maecenas pulvinar porttitor tincidunt. Ut arcu tellus, ornare sed magna sit amet, eleifend pulvinar erat. Vivamus suscipit, nulla eu pharetra placerat, leo leo semper ligula, vel gravida erat justo quis dui. Vestibulum tellus magna, pretium ut congue sit amet, tristique sit amet leo. Mauris eros enim, vestibulum at mollis at, tempor ut libero.', '2018-04-06 12:37:18', '2018-04-06 12:37:18', 'f74589c8-b706-4a45-b4c0-1893e5f1c3ca'),
 ('4', '91', 'en', 'Little Dog Field', 'Lorem ipsum dolor sit amet, consectetur adipiscing elit. Vestibulum viverra diam a nisi vestibulum porta ac eget mi. Fusce risus ipsum, tempor at leo nec, laoreet blandit ligula. Pellentesque tincidunt nibh et neque eleifend convallis. Fusce nisi orci, tincidunt at libero et, molestie gravida ex.\r\n\r\nFusce viverra, mauris eu pulvinar mattis, ligula justo viverra purus, non tristique ante ipsum a justo. Donec nec porta sapien. Maecenas pulvinar porttitor tincidunt. Ut arcu tellus, ornare sed magna sit amet, eleifend pulvinar erat. Vivamus suscipit, nulla eu pharetra placerat, leo leo semper ligula, vel gravida erat justo quis dui. Vestibulum tellus magna, pretium ut congue sit amet, tristique sit amet leo. Mauris eros enim, vestibulum at mollis at, tempor ut libero.', '2018-04-06 12:37:18', '2018-04-06 12:37:18', '18c0873a-d2f0-4f07-b2c8-041ab59cd567'),
 ('5', '92', 'en', 'Big Dog Field', 'Lorem ipsum dolor sit amet, consectetur adipiscing elit. Vestibulum viverra diam a nisi vestibulum porta ac eget mi. Fusce risus ipsum, tempor at leo nec, laoreet blandit ligula. Pellentesque tincidunt nibh et neque eleifend convallis. Fusce nisi orci, tincidunt at libero et, molestie gravida ex.\r\n\r\nFusce viverra, mauris eu pulvinar mattis, ligula justo viverra purus, non tristique ante ipsum a justo. Donec nec porta sapien. Maecenas pulvinar porttitor tincidunt. Ut arcu tellus, ornare sed magna sit amet, eleifend pulvinar erat. Vivamus suscipit, nulla eu pharetra placerat, leo leo semper ligula, vel gravida erat justo quis dui. Vestibulum tellus magna, pretium ut congue sit amet, tristique sit amet leo. Mauris eros enim, vestibulum at mollis at, tempor ut libero.', '2018-04-06 12:37:18', '2018-04-06 12:37:18', '2b38461a-1fbe-4ab5-81ea-8bad9fb25c57'),
 ('6', '93', 'en', 'Boarding Kennel', 'Lorem ipsum dolor sit amet, consectetur adipiscing elit. Vestibulum viverra diam a nisi vestibulum porta ac eget mi. Fusce risus ipsum, tempor at leo nec, laoreet blandit ligula. Pellentesque tincidunt nibh et neque eleifend convallis. Fusce nisi orci, tincidunt at libero et, molestie gravida ex.\r\n\r\nFusce viverra, mauris eu pulvinar mattis, ligula justo viverra purus, non tristique ante ipsum a justo. Donec nec porta sapien. Maecenas pulvinar porttitor tincidunt. Ut arcu tellus, ornare sed magna sit amet, eleifend pulvinar erat. Vivamus suscipit, nulla eu pharetra placerat, leo leo semper ligula, vel gravida erat justo quis dui. Vestibulum tellus magna, pretium ut congue sit amet, tristique sit amet leo. Mauris eros enim, vestibulum at mollis at, tempor ut libero.', '2018-04-06 12:37:18', '2018-04-06 12:37:18', 'd1c86f29-0b53-4714-8f9c-ee93c2c1e6a9');



DROP TABLE IF EXISTS `craft_matrixcontent_featuredservices`;


--
-- Schema for table `craft_matrixcontent_featuredservices`
--
CREATE TABLE `craft_matrixcontent_featuredservices` (
  `id` int(11) NOT NULL AUTO_INCREMENT,
  `elementId` int(11) NOT NULL,
  `locale` char(12) COLLATE utf8_unicode_ci NOT NULL,
  `field_servicesBlock_blockTitle` text COLLATE utf8_unicode_ci,
  `field_servicesBlock_caption` text COLLATE utf8_unicode_ci,
  `field_servicesBlock_backgroundColor` char(7) COLLATE utf8_unicode_ci DEFAULT NULL,
  `field_serviceItem_caption` text COLLATE utf8_unicode_ci,
  `field_serviceItem_text` text COLLATE utf8_unicode_ci,
  `dateCreated` datetime NOT NULL,
  `dateUpdated` datetime NOT NULL,
  `uid` char(36) COLLATE utf8_unicode_ci NOT NULL DEFAULT '0',
  PRIMARY KEY (`id`),
  UNIQUE KEY `craft_matrixcontent_featuredservices_elementId_locale_unq_idx` (`elementId`,`locale`),
  KEY `craft_matrixcontent_featuredservices_locale_fk` (`locale`)
) ENGINE=InnoDB AUTO_INCREMENT=5 DEFAULT CHARSET=utf8 COLLATE=utf8_unicode_ci;

--
-- Data for table `craft_matrixcontent_featuredservices`
--

INSERT INTO `craft_matrixcontent_featuredservices` (`id`, `elementId`, `locale`, `field_servicesBlock_blockTitle`, `field_servicesBlock_caption`, `field_servicesBlock_backgroundColor`, `field_serviceItem_caption`, `field_serviceItem_text`, `dateCreated`, `dateUpdated`, `uid`) VALUES
 ('1', '43', 'en', 'Your best friend deserves the best care.', 'At Bark n’ Fly we specialise in giving dogs more. Established in 2009 we provide premium dog boarding and dog day care throughout Edinburgh & the surrounding area.', '#6cb55a', NULL, NULL, '2018-04-05 11:34:09', '2018-04-05 11:41:21', '8f70c085-53a1-426d-9024-5fa8d7d433f3'),
 ('2', '44', 'en', NULL, NULL, NULL, 'Pick ups and Drop Offs', 'We can safely and securely collect or return your furry friend. We even have a handy SMS service, notifying you directly to your mobile phone about pick ups or drop offs if you’re away from home.', '2018-04-05 11:35:39', '2018-04-05 11:41:21', 'd441e77f-4d18-40ea-96d6-3f6efa024c3f'),
 ('3', '45', 'en', NULL, NULL, NULL, 'Spacious & Safe Playareas', 'Under the watchful eye of our experienced, fully insured and police vetted staff, your dog will love running around in our two outdoor exercise areas and dry indoor arena, keeping paws busy and tails wagging!', '2018-04-05 11:35:39', '2018-04-05 11:41:21', 'b825f329-056a-497b-ae6c-981b7cd847dd'),
 ('4', '46', 'en', NULL, NULL, NULL, 'Dog Training', 'Our dog training service is there to help with any problems you might be experiencing with your dog. From every day obedience to behaviour issues, all the way to competition training and other specialised types of work.', '2018-04-05 11:35:39', '2018-04-05 11:41:21', '1cb2e27a-ba5a-466c-8039-df7adcb5ffe4');



DROP TABLE IF EXISTS `craft_matrixcontent_feedbackcarousel`;


--
-- Schema for table `craft_matrixcontent_feedbackcarousel`
--
CREATE TABLE `craft_matrixcontent_feedbackcarousel` (
  `id` int(11) NOT NULL AUTO_INCREMENT,
  `elementId` int(11) NOT NULL,
  `locale` char(12) COLLATE utf8_unicode_ci NOT NULL,
  `field_carouselBlock_text` text COLLATE utf8_unicode_ci,
  `field_carouselBlock_author` varchar(50) COLLATE utf8_unicode_ci DEFAULT NULL,
  `field_carouselBlock_signature` varchar(200) COLLATE utf8_unicode_ci DEFAULT NULL,
  `dateCreated` datetime NOT NULL,
  `dateUpdated` datetime NOT NULL,
  `uid` char(36) COLLATE utf8_unicode_ci NOT NULL DEFAULT '0',
  PRIMARY KEY (`id`),
  UNIQUE KEY `craft_matrixcontent_feedbackcarousel_elementId_locale_unq_idx` (`elementId`,`locale`),
  KEY `craft_matrixcontent_feedbackcarousel_locale_fk` (`locale`)
) ENGINE=InnoDB AUTO_INCREMENT=4 DEFAULT CHARSET=utf8 COLLATE=utf8_unicode_ci;

--
-- Data for table `craft_matrixcontent_feedbackcarousel`
--

INSERT INTO `craft_matrixcontent_feedbackcarousel` (`id`, `elementId`, `locale`, `field_carouselBlock_text`, `field_carouselBlock_author`, `field_carouselBlock_signature`, `dateCreated`, `dateUpdated`, `uid`) VALUES
 ('1', '35', 'en', 'I love coming to Bark n’ Fly every school day. I get to see all my friends, run about the big field chasing butterflies and sometimes my tail too. The human helpers here are very kind to me and give me delicious healthy treats if I’m a good boy. In the afternoon I get to play indoors and by the time I see my human friend at home time, I’m ready for cuddles and belly rubs!\r\n\r\n                            ', 'Eddie', 'Border Collie & Day Care Guest.\r\nHuman friend: Frances', '2018-04-05 10:19:28', '2018-04-05 11:41:21', 'd2e76c2b-cf03-461c-8127-ffaba4c9e74d'),
 ('2', '36', 'en', 'I love coming to Bark n’ Fly every school day. I get to see all my friends, run about the big field chasing butterflies and sometimes my tail too. The human helpers here are very kind to me and give me delicious healthy treats if I’m a good boy. In the afternoon I get to play indoors and by the time I see my human friend at home time, I’m ready for cuddles and belly rubs!', 'Eddie', 'Border Collie & Day Care Guest.\r\nHuman friend: Frances', '2018-04-05 10:19:28', '2018-04-05 11:41:21', 'eee4f18c-f27e-48fd-bff0-e2f156146c23'),
 ('3', '37', 'en', 'I love coming to Bark n’ Fly every school day. I get to see all my friends, run about the big field chasing butterflies and sometimes my tail too. The human helpers here are very kind to me and give me delicious healthy treats if I’m a good boy. In the afternoon I get to play indoors and by the time I see my human friend at home time, I’m ready for cuddles and belly rubs!', 'Eddie', 'Border Collie & Day Care Guest.\r\nHuman friend: Frances', '2018-04-05 10:19:28', '2018-04-05 11:41:21', 'd9e3839e-727b-4b8f-890a-548ee9276b83');



DROP TABLE IF EXISTS `craft_matrixcontent_pagecover`;


--
-- Schema for table `craft_matrixcontent_pagecover`
--
CREATE TABLE `craft_matrixcontent_pagecover` (
  `id` int(11) NOT NULL AUTO_INCREMENT,
  `elementId` int(11) NOT NULL,
  `locale` char(12) COLLATE utf8_unicode_ci NOT NULL,
  `field_coverblock_caption` text COLLATE utf8_unicode_ci,
  `dateCreated` datetime NOT NULL,
  `dateUpdated` datetime NOT NULL,
  `uid` char(36) COLLATE utf8_unicode_ci NOT NULL DEFAULT '0',
  PRIMARY KEY (`id`),
  UNIQUE KEY `craft_matrixcontent_pagecover_elementId_locale_unq_idx` (`elementId`,`locale`),
  KEY `craft_matrixcontent_pagecover_locale_fk` (`locale`)
) ENGINE=InnoDB AUTO_INCREMENT=3 DEFAULT CHARSET=utf8 COLLATE=utf8_unicode_ci;

--
-- Data for table `craft_matrixcontent_pagecover`
--

INSERT INTO `craft_matrixcontent_pagecover` (`id`, `elementId`, `locale`, `field_coverblock_caption`, `dateCreated`, `dateUpdated`, `uid`) VALUES
 ('1', '53', 'en', 'Our Services', '2018-04-06 08:26:49', '2018-04-06 09:42:52', 'f181baea-1ca3-447c-9b15-60a99a2f9b84'),
 ('2', '87', 'en', 'Our Facilities', '2018-04-06 12:37:18', '2018-04-06 12:37:18', '7339d73c-7337-4b1a-872f-4bd0e8d47457');



DROP TABLE IF EXISTS `craft_matrixcontent_serviceslist`;


--
-- Schema for table `craft_matrixcontent_serviceslist`
--
CREATE TABLE `craft_matrixcontent_serviceslist` (
  `id` int(11) NOT NULL AUTO_INCREMENT,
  `elementId` int(11) NOT NULL,
  `locale` char(12) COLLATE utf8_unicode_ci NOT NULL,
  `field_generalBlock_callUsTodayCaption` text COLLATE utf8_unicode_ci,
  `field_serviceBlock_caption` varchar(100) COLLATE utf8_unicode_ci DEFAULT NULL,
  `field_serviceBlock_text` text COLLATE utf8_unicode_ci,
  `dateCreated` datetime NOT NULL,
  `dateUpdated` datetime NOT NULL,
  `uid` char(36) COLLATE utf8_unicode_ci NOT NULL DEFAULT '0',
  PRIMARY KEY (`id`),
  UNIQUE KEY `craft_matrixcontent_serviceslist_elementId_locale_unq_idx` (`elementId`,`locale`),
  KEY `craft_matrixcontent_serviceslist_locale_fk` (`locale`)
) ENGINE=InnoDB AUTO_INCREMENT=6 DEFAULT CHARSET=utf8 COLLATE=utf8_unicode_ci;

--
-- Data for table `craft_matrixcontent_serviceslist`
--

INSERT INTO `craft_matrixcontent_serviceslist` (`id`, `elementId`, `locale`, `field_generalBlock_callUsTodayCaption`, `field_serviceBlock_caption`, `field_serviceBlock_text`, `dateCreated`, `dateUpdated`, `uid`) VALUES
 ('1', '52', 'en', 'Call us today: 01234 567 890', NULL, NULL, '2018-04-06 08:10:45', '2018-04-06 09:42:52', '5003e4d6-5da3-41cf-92c0-6e1bcdd0364c'),
 ('2', '54', 'en', NULL, 'Dog Day Care', 'Lorem ipsum dolor sit amet, consectetur adipiscing elit. Vestibulum viverra diam a nisi vestibulum porta ac eget mi. Fusce risus ipsum, tempor at leo nec, laoreet blandit ligula. Pellentesque tincidunt nibh et neque eleifend convallis. Fusce nisi orci, tincidunt at libero et, molestie gravida ex.\r\n\r\nFusce viverra, mauris eu pulvinar mattis, ligula justo viverra purus, non tristique ante ipsum a justo. Donec nec porta sapien. Maecenas pulvinar porttitor tincidunt. Ut arcu tellus, ornare sed magna sit amet, eleifend pulvinar erat. Vivamus suscipit, nulla eu pharetra placerat, leo leo semper ligula, vel gravida erat justo quis dui.', '2018-04-06 08:55:23', '2018-04-06 09:42:52', '41fd1964-2468-41fa-a7d5-b656b986eae5'),
 ('3', '55', 'en', NULL, 'Dog Boarding', 'Lorem ipsum dolor sit amet, consectetur adipiscing elit. Vestibulum viverra diam a nisi vestibulum porta ac eget mi. Fusce risus ipsum, tempor at leo nec, laoreet blandit ligula. Pellentesque tincidunt nibh et neque eleifend convallis. Fusce nisi orci, tincidunt at libero et, molestie gravida ex.\r\n\r\nFusce viverra, mauris eu pulvinar mattis, ligula justo viverra purus, non tristique ante ipsum a justo. Donec nec porta sapien. Maecenas pulvinar porttitor tincidunt. Ut arcu tellus, ornare sed magna sit amet, eleifend pulvinar erat. Vivamus suscipit, nulla eu pharetra placerat, leo leo semper ligula, vel gravida erat justo quis dui.', '2018-04-06 08:55:23', '2018-04-06 09:42:52', 'b90c4492-7a71-42ff-a914-1465d41ed375'),
 ('4', '56', 'en', NULL, 'Pick up & Drop off', 'Lorem ipsum dolor sit amet, consectetur adipiscing elit. Vestibulum viverra diam a nisi vestibulum porta ac eget mi. Fusce risus ipsum, tempor at leo nec, laoreet blandit ligula. Pellentesque tincidunt nibh et neque eleifend convallis. Fusce nisi orci, tincidunt at libero et, molestie gravida ex.\r\n\r\nFusce viverra, mauris eu pulvinar mattis, ligula justo viverra purus, non tristique ante ipsum a justo. Donec nec porta sapien. Maecenas pulvinar porttitor tincidunt. Ut arcu tellus, ornare sed magna sit amet, eleifend pulvinar erat. Vivamus suscipit, nulla eu pharetra placerat, leo leo semper ligula, vel gravida erat justo quis dui.', '2018-04-06 08:55:23', '2018-04-06 09:42:52', '68ae0010-2988-48aa-8755-396ce55ba451'),
 ('5', '57', 'en', NULL, 'Dog Training', 'Lorem ipsum dolor sit amet, consectetur adipiscing elit. Vestibulum viverra diam a nisi vestibulum porta ac eget mi. Fusce risus ipsum, tempor at leo nec, laoreet blandit ligula. Pellentesque tincidunt nibh et neque eleifend convallis. Fusce nisi orci, tincidunt at libero et, molestie gravida ex.\r\n\r\nFusce viverra, mauris eu pulvinar mattis, ligula justo viverra purus, non tristique ante ipsum a justo. Donec nec porta sapien. Maecenas pulvinar porttitor tincidunt. Ut arcu tellus, ornare sed magna sit amet, eleifend pulvinar erat. Vivamus suscipit, nulla eu pharetra placerat, leo leo semper ligula, vel gravida erat justo quis dui.', '2018-04-06 08:55:23', '2018-04-06 09:42:52', '07e04bc1-8e4e-4d8f-9951-1ba713a6f569');



DROP TABLE IF EXISTS `craft_matrixcontent_topcarousel`;


--
-- Schema for table `craft_matrixcontent_topcarousel`
--
CREATE TABLE `craft_matrixcontent_topcarousel` (
  `id` int(11) NOT NULL AUTO_INCREMENT,
  `elementId` int(11) NOT NULL,
  `locale` char(12) COLLATE utf8_unicode_ci NOT NULL,
  `field_carouselBlock_caption` text COLLATE utf8_unicode_ci,
  `dateCreated` datetime NOT NULL,
  `dateUpdated` datetime NOT NULL,
  `uid` char(36) COLLATE utf8_unicode_ci NOT NULL DEFAULT '0',
  PRIMARY KEY (`id`),
  UNIQUE KEY `craft_matrixcontent_topcarousel_elementId_locale_unq_idx` (`elementId`,`locale`),
  KEY `craft_matrixcontent_topcarousel_locale_fk` (`locale`)
) ENGINE=InnoDB AUTO_INCREMENT=3 DEFAULT CHARSET=utf8 COLLATE=utf8_unicode_ci;

--
-- Data for table `craft_matrixcontent_topcarousel`
--

INSERT INTO `craft_matrixcontent_topcarousel` (`id`, `elementId`, `locale`, `field_carouselBlock_caption`, `dateCreated`, `dateUpdated`, `uid`) VALUES
 ('1', '10', 'en', 'At Bark n’ Fly, we treat your dog\r\nas if it were our own', '2018-04-02 15:22:42', '2018-04-05 11:41:21', '5da26fe3-74c0-4a4a-b79f-c828184f2efd'),
 ('2', '32', 'en', 'At Bark n’ Fly, we treat your dog\r\nas if it were our own', '2018-04-03 16:32:55', '2018-04-05 11:41:21', '90d5f2f3-ab4b-426e-b638-33dcd9a6b8e9');



DROP TABLE IF EXISTS `craft_migrations`;


--
-- Schema for table `craft_migrations`
--
CREATE TABLE `craft_migrations` (
  `id` int(11) NOT NULL AUTO_INCREMENT,
  `pluginId` int(11) DEFAULT NULL,
  `version` varchar(255) COLLATE utf8_unicode_ci NOT NULL,
  `applyTime` datetime NOT NULL,
  `dateCreated` datetime NOT NULL,
  `dateUpdated` datetime NOT NULL,
  `uid` char(36) COLLATE utf8_unicode_ci NOT NULL DEFAULT '0',
  PRIMARY KEY (`id`),
  UNIQUE KEY `craft_migrations_version_unq_idx` (`version`),
  KEY `craft_migrations_pluginId_fk` (`pluginId`)
) ENGINE=InnoDB AUTO_INCREMENT=43 DEFAULT CHARSET=utf8 COLLATE=utf8_unicode_ci;

--
-- Data for table `craft_migrations`
--

INSERT INTO `craft_migrations` (`id`, `pluginId`, `version`, `applyTime`, `dateCreated`, `dateUpdated`, `uid`) VALUES
 ('1', NULL, 'm000000_000000_base', '2018-03-28 09:59:34', '2018-03-28 09:59:34', '2018-03-28 09:59:34', 'bc80f5d1-c0d5-4307-83ee-5373594488f9'),
 ('2', NULL, 'm140730_000001_add_filename_and_format_to_transformindex', '2018-03-28 09:59:34', '2018-03-28 09:59:34', '2018-03-28 09:59:34', 'f307fc57-0fa7-4c3d-8033-d4d8d7668d37'),
 ('3', NULL, 'm140815_000001_add_format_to_transforms', '2018-03-28 09:59:34', '2018-03-28 09:59:34', '2018-03-28 09:59:34', '9489d177-66ae-48c8-9e5e-705f70401b3a'),
 ('4', NULL, 'm140822_000001_allow_more_than_128_items_per_field', '2018-03-28 09:59:34', '2018-03-28 09:59:34', '2018-03-28 09:59:34', 'b1f983b5-4c2d-4c6e-a3d6-37a2b912b33b'),
 ('5', NULL, 'm140829_000001_single_title_formats', '2018-03-28 09:59:34', '2018-03-28 09:59:34', '2018-03-28 09:59:34', '055675a2-7adc-45e3-b3be-739ee8f51c37'),
 ('6', NULL, 'm140831_000001_extended_cache_keys', '2018-03-28 09:59:34', '2018-03-28 09:59:34', '2018-03-28 09:59:34', '10191aef-4920-41c7-be70-66b339f50dde'),
 ('7', NULL, 'm140922_000001_delete_orphaned_matrix_blocks', '2018-03-28 09:59:34', '2018-03-28 09:59:34', '2018-03-28 09:59:34', 'fd8211de-06ae-4c6b-afe3-b069f3915f8c'),
 ('8', NULL, 'm141008_000001_elements_index_tune', '2018-03-28 09:59:34', '2018-03-28 09:59:34', '2018-03-28 09:59:34', 'c60bd79a-2d17-47d9-babd-c6c6688815ee'),
 ('9', NULL, 'm141009_000001_assets_source_handle', '2018-03-28 09:59:34', '2018-03-28 09:59:34', '2018-03-28 09:59:34', 'f442d138-d4e4-4f2f-9b8b-7ef8b2a6d2ee'),
 ('10', NULL, 'm141024_000001_field_layout_tabs', '2018-03-28 09:59:34', '2018-03-28 09:59:34', '2018-03-28 09:59:34', 'b8d20f3d-8a61-4b50-854e-8a2b2cb6ddbb'),
 ('11', NULL, 'm141030_000000_plugin_schema_versions', '2018-03-28 09:59:34', '2018-03-28 09:59:34', '2018-03-28 09:59:34', '89fb46d9-358f-47b9-baa3-49200a3af65f'),
 ('12', NULL, 'm141030_000001_drop_structure_move_permission', '2018-03-28 09:59:34', '2018-03-28 09:59:34', '2018-03-28 09:59:34', '6e7d40c5-ffc7-4116-bdb0-91bfae2767b1'),
 ('13', NULL, 'm141103_000001_tag_titles', '2018-03-28 09:59:34', '2018-03-28 09:59:34', '2018-03-28 09:59:34', '32cbdf1e-456a-4da5-b108-f71a3d80bdf8'),
 ('14', NULL, 'm141109_000001_user_status_shuffle', '2018-03-28 09:59:34', '2018-03-28 09:59:34', '2018-03-28 09:59:34', 'df88a709-1d04-4fbd-962f-cc68bfff814e'),
 ('15', NULL, 'm141126_000001_user_week_start_day', '2018-03-28 09:59:34', '2018-03-28 09:59:34', '2018-03-28 09:59:34', '95021546-03f3-4a06-8eca-9e2161c95e94'),
 ('16', NULL, 'm150210_000001_adjust_user_photo_size', '2018-03-28 09:59:34', '2018-03-28 09:59:34', '2018-03-28 09:59:34', '0f106fc4-6bca-48c0-849f-6aa7e06af4da'),
 ('17', NULL, 'm150724_000001_adjust_quality_settings', '2018-03-28 09:59:34', '2018-03-28 09:59:34', '2018-03-28 09:59:34', 'd7f34ca9-cdfd-433e-aad4-59408e0211ff'),
 ('18', NULL, 'm150827_000000_element_index_settings', '2018-03-28 09:59:34', '2018-03-28 09:59:34', '2018-03-28 09:59:34', '5bfbbb0b-2f73-4c45-b9f7-b286247c1739'),
 ('19', NULL, 'm150918_000001_add_colspan_to_widgets', '2018-03-28 09:59:34', '2018-03-28 09:59:34', '2018-03-28 09:59:34', '13d4f0c3-f823-4624-9748-86fef8c1dc9f'),
 ('20', NULL, 'm151007_000000_clear_asset_caches', '2018-03-28 09:59:34', '2018-03-28 09:59:34', '2018-03-28 09:59:34', '772e6d00-6d77-4e71-91f6-7b330f2a8e89'),
 ('21', NULL, 'm151109_000000_text_url_formats', '2018-03-28 09:59:34', '2018-03-28 09:59:34', '2018-03-28 09:59:34', 'fc207c99-e47f-4dce-8a7d-3795ce3f5558'),
 ('22', NULL, 'm151110_000000_move_logo', '2018-03-28 09:59:34', '2018-03-28 09:59:34', '2018-03-28 09:59:34', '3c462b6e-d538-4ab2-a29c-3af03d757cef'),
 ('23', NULL, 'm151117_000000_adjust_image_widthheight', '2018-03-28 09:59:34', '2018-03-28 09:59:34', '2018-03-28 09:59:34', '69a2faba-a8b0-4de6-bdc7-0c2eb90c3a3a'),
 ('24', NULL, 'm151127_000000_clear_license_key_status', '2018-03-28 09:59:34', '2018-03-28 09:59:34', '2018-03-28 09:59:34', 'ce3b2d74-593d-4ba8-8610-0eb00a9b6539'),
 ('25', NULL, 'm151127_000000_plugin_license_keys', '2018-03-28 09:59:34', '2018-03-28 09:59:34', '2018-03-28 09:59:34', '229b80ea-ff34-453b-9950-5afd4fd5214a'),
 ('26', NULL, 'm151130_000000_update_pt_widget_feeds', '2018-03-28 09:59:34', '2018-03-28 09:59:34', '2018-03-28 09:59:34', '9156665a-c1fe-44c0-82cf-cdf59c5d622a'),
 ('27', NULL, 'm160114_000000_asset_sources_public_url_default_true', '2018-03-28 09:59:34', '2018-03-28 09:59:34', '2018-03-28 09:59:34', 'fb1c1ffc-058b-4f92-b2f9-50a018a761da'),
 ('28', NULL, 'm160223_000000_sortorder_to_smallint', '2018-03-28 09:59:34', '2018-03-28 09:59:34', '2018-03-28 09:59:34', 'b443e80d-d5b2-4e0b-815e-8b057d9d3ec2'),
 ('29', NULL, 'm160229_000000_set_default_entry_statuses', '2018-03-28 09:59:34', '2018-03-28 09:59:34', '2018-03-28 09:59:34', 'c8286cfc-42ce-47af-a7ba-33f63d6fbf74'),
 ('30', NULL, 'm160304_000000_client_permissions', '2018-03-28 09:59:34', '2018-03-28 09:59:34', '2018-03-28 09:59:34', 'e4d5d286-f4e1-4fc8-9228-9614744eaaad'),
 ('31', NULL, 'm160322_000000_asset_filesize', '2018-03-28 09:59:34', '2018-03-28 09:59:34', '2018-03-28 09:59:34', '1f4547b3-bee6-483a-a622-a9a16485a8cd'),
 ('32', NULL, 'm160503_000000_orphaned_fieldlayouts', '2018-03-28 09:59:34', '2018-03-28 09:59:34', '2018-03-28 09:59:34', '21d5354a-ee38-40a7-9d13-f14218eb6246'),
 ('33', NULL, 'm160510_000000_tasksettings', '2018-03-28 09:59:34', '2018-03-28 09:59:34', '2018-03-28 09:59:34', 'f47ba42f-9be4-4b6c-8299-6e56b72c4899'),
 ('34', NULL, 'm160829_000000_pending_user_content_cleanup', '2018-03-28 09:59:34', '2018-03-28 09:59:34', '2018-03-28 09:59:34', 'd97837ff-790b-4a7f-b2d2-68b0bfa78b16'),
 ('35', NULL, 'm160830_000000_asset_index_uri_increase', '2018-03-28 09:59:34', '2018-03-28 09:59:34', '2018-03-28 09:59:34', 'bf4e6bc0-300f-4426-b7f1-8fd9025fb1b1'),
 ('36', NULL, 'm160919_000000_usergroup_handle_title_unique', '2018-03-28 09:59:34', '2018-03-28 09:59:34', '2018-03-28 09:59:34', '88168c36-044e-42d6-b562-ae489fc58216'),
 ('37', NULL, 'm161108_000000_new_version_format', '2018-03-28 09:59:34', '2018-03-28 09:59:34', '2018-03-28 09:59:34', '0e6362a3-3dcc-4ca2-a5e0-30c98c9edff6'),
 ('38', NULL, 'm161109_000000_index_shuffle', '2018-03-28 09:59:34', '2018-03-28 09:59:34', '2018-03-28 09:59:34', 'b682748f-c98e-41e2-85b1-4f653bebb089'),
 ('39', NULL, 'm170612_000000_route_index_shuffle', '2018-03-28 09:59:34', '2018-03-28 09:59:34', '2018-03-28 09:59:34', 'f4df8148-40a0-42d0-b6f5-f6db73f826e1'),
 ('40', NULL, 'm171107_000000_assign_group_permissions', '2018-03-28 09:59:34', '2018-03-28 09:59:34', '2018-03-28 09:59:34', '2b9b937a-a506-4405-ac11-4ca1c1f1d2b2'),
 ('41', NULL, 'm171117_000001_templatecache_index_tune', '2018-03-28 09:59:34', '2018-03-28 09:59:34', '2018-03-28 09:59:34', '070591a3-198e-4021-9f42-e632538e9ed5'),
 ('42', NULL, 'm171204_000001_templatecache_index_tune_deux', '2018-03-28 09:59:34', '2018-03-28 09:59:34', '2018-03-28 09:59:34', 'e4f4a128-3f0f-47a0-b758-2df92e6a8372');



DROP TABLE IF EXISTS `craft_plugins`;


--
-- Schema for table `craft_plugins`
--
CREATE TABLE `craft_plugins` (
  `id` int(11) NOT NULL AUTO_INCREMENT,
  `class` varchar(150) COLLATE utf8_unicode_ci NOT NULL,
  `version` varchar(15) COLLATE utf8_unicode_ci NOT NULL,
  `schemaVersion` varchar(15) COLLATE utf8_unicode_ci DEFAULT NULL,
  `licenseKey` char(24) COLLATE utf8_unicode_ci DEFAULT NULL,
  `licenseKeyStatus` enum('valid','invalid','mismatched','unknown') COLLATE utf8_unicode_ci NOT NULL DEFAULT 'unknown',
  `enabled` tinyint(1) unsigned NOT NULL DEFAULT '0',
  `settings` text COLLATE utf8_unicode_ci,
  `installDate` datetime NOT NULL,
  `dateCreated` datetime NOT NULL,
  `dateUpdated` datetime NOT NULL,
  `uid` char(36) COLLATE utf8_unicode_ci NOT NULL DEFAULT '0',
  PRIMARY KEY (`id`)
) ENGINE=InnoDB DEFAULT CHARSET=utf8 COLLATE=utf8_unicode_ci;

DROP TABLE IF EXISTS `craft_rackspaceaccess`;


--
-- Schema for table `craft_rackspaceaccess`
--
CREATE TABLE `craft_rackspaceaccess` (
  `id` int(11) NOT NULL AUTO_INCREMENT,
  `connectionKey` varchar(255) COLLATE utf8_unicode_ci NOT NULL,
  `token` varchar(255) COLLATE utf8_unicode_ci NOT NULL,
  `storageUrl` varchar(255) COLLATE utf8_unicode_ci NOT NULL,
  `cdnUrl` varchar(255) COLLATE utf8_unicode_ci NOT NULL,
  `dateCreated` datetime NOT NULL,
  `dateUpdated` datetime NOT NULL,
  `uid` char(36) COLLATE utf8_unicode_ci NOT NULL DEFAULT '0',
  PRIMARY KEY (`id`),
  UNIQUE KEY `craft_rackspaceaccess_connectionKey_unq_idx` (`connectionKey`)
) ENGINE=InnoDB DEFAULT CHARSET=utf8 COLLATE=utf8_unicode_ci;

DROP TABLE IF EXISTS `craft_relations`;


--
-- Schema for table `craft_relations`
--
CREATE TABLE `craft_relations` (
  `id` int(11) NOT NULL AUTO_INCREMENT,
  `fieldId` int(11) NOT NULL,
  `sourceId` int(11) NOT NULL,
  `sourceLocale` char(12) COLLATE utf8_unicode_ci DEFAULT NULL,
  `targetId` int(11) NOT NULL,
  `sortOrder` smallint(6) DEFAULT NULL,
  `dateCreated` datetime NOT NULL,
  `dateUpdated` datetime NOT NULL,
  `uid` char(36) COLLATE utf8_unicode_ci NOT NULL DEFAULT '0',
  PRIMARY KEY (`id`),
  UNIQUE KEY `craft_relations_fieldId_sourceId_sourceLocale_targetId_unq_idx` (`fieldId`,`sourceId`,`sourceLocale`,`targetId`),
  KEY `craft_relations_sourceId_fk` (`sourceId`),
  KEY `craft_relations_sourceLocale_fk` (`sourceLocale`),
  KEY `craft_relations_targetId_fk` (`targetId`)
) ENGINE=InnoDB AUTO_INCREMENT=125 DEFAULT CHARSET=utf8 COLLATE=utf8_unicode_ci;

--
-- Data for table `craft_relations`
--

INSERT INTO `craft_relations` (`id`, `fieldId`, `sourceId`, `sourceLocale`, `targetId`, `sortOrder`, `dateCreated`, `dateUpdated`, `uid`) VALUES
 ('4', '19', '26', NULL, '24', '1', '2018-04-03 15:08:30', '2018-04-03 15:08:30', '223d7fd0-b0ab-48ae-828c-a4ecf41a9b6c'),
 ('5', '19', '27', NULL, '22', '1', '2018-04-03 15:08:59', '2018-04-03 15:08:59', '8db9a9ac-46d8-4b00-9fc8-3d3fa81b27df'),
 ('6', '19', '28', NULL, '25', '1', '2018-04-03 15:09:19', '2018-04-03 15:09:19', '0fd47496-a473-424f-8ee7-4d187a28fb78'),
 ('7', '19', '29', NULL, '23', '1', '2018-04-03 15:09:33', '2018-04-03 15:09:33', '5c078a10-3f55-4343-8007-d101ac2496e1'),
 ('85', '14', '10', NULL, '31', '1', '2018-04-05 11:41:21', '2018-04-05 11:41:21', '402fc4e4-820e-48f1-8237-840eeef8a778'),
 ('86', '14', '32', NULL, '30', '1', '2018-04-05 11:41:21', '2018-04-05 11:41:21', 'ccc0b310-021c-4ecb-a4a1-9ed19df174f1'),
 ('87', '28', '35', NULL, '34', '1', '2018-04-05 11:41:21', '2018-04-05 11:41:21', '263770c0-9e5d-47a5-878f-26aee7fbcf6b'),
 ('88', '28', '36', NULL, '34', '1', '2018-04-05 11:41:21', '2018-04-05 11:41:21', '384ddeaf-52d2-41c8-a3e3-6b250be7d662'),
 ('89', '28', '37', NULL, '34', '1', '2018-04-05 11:41:21', '2018-04-05 11:41:21', 'cd0385f4-3318-4570-aeef-4374e0484d87'),
 ('90', '33', '39', NULL, '38', '1', '2018-04-05 11:41:21', '2018-04-05 11:41:21', '1e78efc1-59e5-440b-8d43-080f03a29998'),
 ('91', '41', '44', NULL, '40', '1', '2018-04-05 11:41:21', '2018-04-05 11:41:21', 'af6b2c38-77aa-43a7-990c-4e925a2308d7'),
 ('92', '41', '46', NULL, '41', '1', '2018-04-05 11:41:21', '2018-04-05 11:41:21', 'bd0e7da1-7751-4121-85b3-1a0e3c5e64a3'),
 ('93', '44', '11', NULL, '51', '1', '2018-04-06 08:10:45', '2018-04-06 08:10:45', '8f89a268-3573-452b-9073-538d0e4c7223'),
 ('100', '51', '53', NULL, '51', '1', '2018-04-06 09:42:52', '2018-04-06 09:42:52', '0676ca4d-a901-4122-b51f-da11e73718ce'),
 ('101', '47', '54', NULL, '47', '1', '2018-04-06 09:42:52', '2018-04-06 09:42:52', '3a005f72-03a3-48f2-be40-eb6eafb35043'),
 ('102', '47', '55', NULL, '48', '1', '2018-04-06 09:42:52', '2018-04-06 09:42:52', 'e5aa9dbe-81d4-42b1-b67e-5d319b2ca392'),
 ('103', '47', '56', NULL, '49', '1', '2018-04-06 09:42:52', '2018-04-06 09:42:52', '664bb428-02ef-43e4-a156-99eba848e81e'),
 ('104', '47', '57', NULL, '50', '1', '2018-04-06 09:42:52', '2018-04-06 09:42:52', 'ba212991-3d90-4744-9f0c-f4b47ea11399'),
 ('105', '33', '58', NULL, '38', '1', '2018-04-06 09:42:52', '2018-04-06 09:42:52', 'ceb39487-4c71-4b29-899f-feb9ca001f5d'),
 ('106', '51', '87', NULL, '60', '1', '2018-04-06 12:37:18', '2018-04-06 12:37:18', '4d612314-a5d6-41f5-a67b-8b4e3f4a148f'),
 ('107', '55', '88', NULL, '69', '1', '2018-04-06 12:37:18', '2018-04-06 12:37:18', '1b23b657-4463-4ebb-a53d-31b84fa740b5'),
 ('108', '55', '88', NULL, '70', '2', '2018-04-06 12:37:18', '2018-04-06 12:37:18', '6e2efbbf-512f-4e53-9f41-405dda36bd57'),
 ('109', '55', '88', NULL, '71', '3', '2018-04-06 12:37:18', '2018-04-06 12:37:18', 'd4b19516-32fb-4b66-af9f-067c184d2e2a'),
 ('110', '55', '89', NULL, '72', '1', '2018-04-06 12:37:18', '2018-04-06 12:37:18', 'c2ab8753-36c1-42ed-a407-c34f0c3ef0a3'),
 ('111', '55', '89', NULL, '73', '2', '2018-04-06 12:37:18', '2018-04-06 12:37:18', 'faf83fe1-f34f-4ac9-b892-f689021a2bdf'),
 ('112', '55', '89', NULL, '74', '3', '2018-04-06 12:37:18', '2018-04-06 12:37:18', '75c35881-e0e4-41e6-9407-0f745939e4aa'),
 ('113', '55', '90', NULL, '75', '1', '2018-04-06 12:37:18', '2018-04-06 12:37:18', '9dfe22f9-538b-440b-92f7-31c4f56191a2'),
 ('114', '55', '90', NULL, '76', '2', '2018-04-06 12:37:18', '2018-04-06 12:37:18', '66d432a7-19cc-4801-84e4-76480ae466a6'),
 ('115', '55', '90', NULL, '77', '3', '2018-04-06 12:37:18', '2018-04-06 12:37:18', 'c3ab6e57-376e-4160-b919-6ec58a4968ff'),
 ('116', '55', '91', NULL, '78', '1', '2018-04-06 12:37:18', '2018-04-06 12:37:18', '6f1f4992-4b01-443d-a5e1-4954fcd8e18a'),
 ('117', '55', '91', NULL, '79', '2', '2018-04-06 12:37:18', '2018-04-06 12:37:18', '2be14e5c-b25e-42d4-99e0-d08c8dfed404'),
 ('118', '55', '91', NULL, '80', '3', '2018-04-06 12:37:18', '2018-04-06 12:37:18', 'dac86357-3fd2-4f80-b591-3e3c8b0016ed'),
 ('119', '55', '92', NULL, '81', '1', '2018-04-06 12:37:18', '2018-04-06 12:37:18', '1b252a3c-e47b-4160-98be-78571ecd722c'),
 ('120', '55', '92', NULL, '82', '2', '2018-04-06 12:37:18', '2018-04-06 12:37:18', '4692f035-cd8e-483d-b481-fc8c3e5774ba'),
 ('121', '55', '92', NULL, '83', '3', '2018-04-06 12:37:18', '2018-04-06 12:37:18', '20f52c50-225c-45cf-b42f-9222c1d6eaae'),
 ('122', '55', '93', NULL, '84', '1', '2018-04-06 12:37:18', '2018-04-06 12:37:18', '496a08a3-9778-4214-85dd-413f2d5115f2'),
 ('123', '55', '93', NULL, '85', '2', '2018-04-06 12:37:18', '2018-04-06 12:37:18', '2ed5152a-95b1-4c4f-aa60-882b2eeecb66'),
 ('124', '55', '93', NULL, '86', '3', '2018-04-06 12:37:18', '2018-04-06 12:37:18', '8d705302-7d22-4ead-b5c6-84ade83fc503');



DROP TABLE IF EXISTS `craft_routes`;


--
-- Schema for table `craft_routes`
--
CREATE TABLE `craft_routes` (
  `id` int(11) NOT NULL AUTO_INCREMENT,
  `locale` char(12) COLLATE utf8_unicode_ci DEFAULT NULL,
  `urlParts` varchar(255) COLLATE utf8_unicode_ci NOT NULL,
  `urlPattern` varchar(255) COLLATE utf8_unicode_ci NOT NULL,
  `template` varchar(255) COLLATE utf8_unicode_ci NOT NULL,
  `sortOrder` smallint(6) unsigned DEFAULT NULL,
  `dateCreated` datetime NOT NULL,
  `dateUpdated` datetime NOT NULL,
  `uid` char(36) COLLATE utf8_unicode_ci NOT NULL DEFAULT '0',
  PRIMARY KEY (`id`),
  KEY `craft_routes_locale_idx` (`locale`),
  KEY `craft_routes_urlPattern_idx` (`urlPattern`)
) ENGINE=InnoDB DEFAULT CHARSET=utf8 COLLATE=utf8_unicode_ci;

DROP TABLE IF EXISTS `craft_searchindex`;


--
-- Schema for table `craft_searchindex`
--
CREATE TABLE `craft_searchindex` (
  `elementId` int(11) NOT NULL,
  `attribute` varchar(25) COLLATE utf8_unicode_ci NOT NULL,
  `fieldId` int(11) NOT NULL,
  `locale` char(12) COLLATE utf8_unicode_ci NOT NULL,
  `keywords` text COLLATE utf8_unicode_ci NOT NULL,
  PRIMARY KEY (`elementId`,`attribute`,`fieldId`,`locale`),
  FULLTEXT KEY `craft_searchindex_keywords_idx` (`keywords`)
) ENGINE=MyISAM DEFAULT CHARSET=utf8 COLLATE=utf8_unicode_ci;

--
-- Data for table `craft_searchindex`
--

INSERT INTO `craft_searchindex` (`elementId`, `attribute`, `fieldId`, `locale`, `keywords`) VALUES
 ('1', 'username', '0', 'en', ' admin '),
 ('1', 'firstname', '0', 'en', ''),
 ('1', 'lastname', '0', 'en', ''),
 ('1', 'fullname', '0', 'en', ''),
 ('1', 'email', '0', 'en', ' kiruha_i mail ru '),
 ('1', 'slug', '0', 'en', ''),
 ('2', 'slug', '0', 'en', ' homepage '),
 ('2', 'title', '0', 'en', ' welcome to localhost '),
 ('2', 'field', '1', 'en', ' it s true this site doesn t have a whole lot of content yet but don t worry our web developers have just installed the cms and they re setting things up for the content editors this very moment soon localhost will be an oasis of fresh perspectives sharp analyses and astute opinions that will keep you coming back again and again '),
 ('3', 'field', '1', 'en', ' craft is the cms that s powering localhost it s beautiful powerful flexible and easy to use and it s made by pixel tonic we can t wait to dive in and see what it s capable of this is even more captivating content which you couldn t see on the news index page because it was entered after a page break and the news index template only likes to show the content on the first page craft a nice alternative to word if you re making a website '),
 ('3', 'field', '2', 'en', ''),
 ('3', 'slug', '0', 'en', ' we just installed craft '),
 ('3', 'title', '0', 'en', ' we just installed craft '),
 ('4', 'slug', '0', 'en', ''),
 ('4', 'field', '3', 'en', ' 0131 333 1222 '),
 ('4', 'field', '8', 'en', ' bark n fly '),
 ('4', 'field', '4', 'en', ' 2017 '),
 ('4', 'field', '5', 'en', ' hallyards farm house '),
 ('4', 'field', '6', 'en', ' kirkliston '),
 ('4', 'field', '7', 'en', ' eh29 9dz '),
 ('4', 'field', '9', 'en', ''),
 ('4', 'field', '10', 'en', ''),
 ('8', 'filename', '0', 'en', ' logo png '),
 ('7', 'title', '0', 'en', ' logo inverse '),
 ('7', 'slug', '0', 'en', ' logo inverse '),
 ('7', 'kind', '0', 'en', ' image '),
 ('7', 'extension', '0', 'en', ' png '),
 ('7', 'filename', '0', 'en', ' logo_inverse png '),
 ('8', 'extension', '0', 'en', ' png '),
 ('8', 'kind', '0', 'en', ' image '),
 ('8', 'slug', '0', 'en', ' logo '),
 ('8', 'title', '0', 'en', ' logo '),
 ('9', 'field', '11', 'en', ' 1 '),
 ('9', 'field', '12', 'en', ' at bark n fly we treat your dog as if it were our own art cover welcome at bark n fly we treat your dog as if it were our own art cover welcome 2 '),
 ('9', 'slug', '0', 'en', ' homepage '),
 ('9', 'title', '0', 'en', ' home '),
 ('10', 'field', '13', 'en', ' at bark n fly we treat your dog as if it were our own '),
 ('10', 'field', '14', 'en', ' art cover welcome '),
 ('10', 'slug', '0', 'en', ''),
 ('11', 'field', '11', 'en', ' 1 '),
 ('11', 'slug', '0', 'en', ' services '),
 ('11', 'title', '0', 'en', ' services '),
 ('12', 'field', '11', 'en', ' 1 '),
 ('12', 'slug', '0', 'en', ' pricing '),
 ('12', 'title', '0', 'en', ' pricing '),
 ('13', 'field', '11', 'en', ' 1 '),
 ('13', 'field', '12', 'en', ''),
 ('13', 'slug', '0', 'en', ' facilities '),
 ('13', 'title', '0', 'en', ' facilities '),
 ('14', 'field', '11', 'en', ' 1 '),
 ('14', 'slug', '0', 'en', ' training '),
 ('14', 'title', '0', 'en', ' training '),
 ('15', 'field', '11', 'en', ' 1 '),
 ('15', 'slug', '0', 'en', ' about us '),
 ('15', 'title', '0', 'en', ' about us '),
 ('16', 'field', '11', 'en', ' 1 '),
 ('16', 'slug', '0', 'en', ' pupparazzi '),
 ('16', 'title', '0', 'en', ' pupparazzi '),
 ('17', 'field', '11', 'en', ' 1 '),
 ('17', 'slug', '0', 'en', ' contact us '),
 ('17', 'title', '0', 'en', ' contact us '),
 ('11', 'field', '15', 'en', ' 1 '),
 ('12', 'field', '15', 'en', ' 2 '),
 ('13', 'field', '15', 'en', ' 3 '),
 ('14', 'field', '15', 'en', ' 4 '),
 ('15', 'field', '15', 'en', ' 5 '),
 ('16', 'field', '15', 'en', ' 6 '),
 ('17', 'field', '15', 'en', ' 7 '),
 ('9', 'field', '15', 'en', ' 0 '),
 ('14', 'field', '16', 'en', ' 1 '),
 ('11', 'field', '16', 'en', ' 1 '),
 ('16', 'field', '16', 'en', ' 1 '),
 ('13', 'field', '16', 'en', ' 1 '),
 ('15', 'field', '16', 'en', ' 1 '),
 ('17', 'field', '16', 'en', ' 1 '),
 ('11', 'field', '17', 'en', ' 1 '),
 ('13', 'field', '17', 'en', ' 2 '),
 ('15', 'field', '17', 'en', ' 3 '),
 ('16', 'field', '17', 'en', ' 4 '),
 ('14', 'field', '17', 'en', ' 5 '),
 ('17', 'field', '17', 'en', ' 6 '),
 ('18', 'field', '11', 'en', ' 0 '),
 ('18', 'field', '15', 'en', ' 0 '),
 ('18', 'field', '16', 'en', ' 1 '),
 ('18', 'field', '17', 'en', ' 7 '),
 ('18', 'slug', '0', 'en', ' privacy policy '),
 ('18', 'title', '0', 'en', ' privacy policy '),
 ('19', 'field', '11', 'en', ' 0 '),
 ('19', 'field', '15', 'en', ' 0 '),
 ('19', 'field', '16', 'en', ' 1 '),
 ('19', 'field', '17', 'en', ' 8 '),
 ('19', 'slug', '0', 'en', ' terms conditions '),
 ('19', 'title', '0', 'en', ' terms conditions '),
 ('20', 'field', '11', 'en', ' 0 '),
 ('20', 'field', '15', 'en', ' 0 '),
 ('20', 'field', '16', 'en', ' 0 '),
 ('20', 'field', '17', 'en', ' 9 '),
 ('20', 'slug', '0', 'en', ' cookies '),
 ('20', 'title', '0', 'en', ' cookies '),
 ('21', 'field', '11', 'en', ' 0 ');
INSERT INTO `craft_searchindex` (`elementId`, `attribute`, `fieldId`, `locale`, `keywords`) VALUES
 ('21', 'field', '15', 'en', ' 0 '),
 ('21', 'field', '16', 'en', ' 1 '),
 ('21', 'field', '17', 'en', ' 10 '),
 ('21', 'slug', '0', 'en', ' vat registration 264563488 '),
 ('21', 'title', '0', 'en', ' vat registration 264563488 '),
 ('22', 'filename', '0', 'en', ' facebook png '),
 ('22', 'extension', '0', 'en', ' png '),
 ('22', 'kind', '0', 'en', ' image '),
 ('22', 'slug', '0', 'en', ' facebook '),
 ('22', 'title', '0', 'en', ' facebook '),
 ('23', 'filename', '0', 'en', ' instagram png '),
 ('23', 'extension', '0', 'en', ' png '),
 ('23', 'kind', '0', 'en', ' image '),
 ('23', 'slug', '0', 'en', ' instagram '),
 ('23', 'title', '0', 'en', ' instagram '),
 ('24', 'filename', '0', 'en', ' twitter png '),
 ('24', 'extension', '0', 'en', ' png '),
 ('24', 'kind', '0', 'en', ' image '),
 ('24', 'slug', '0', 'en', ' twitter '),
 ('24', 'title', '0', 'en', ' twitter '),
 ('25', 'filename', '0', 'en', ' youtube png '),
 ('25', 'extension', '0', 'en', ' png '),
 ('25', 'kind', '0', 'en', ' image '),
 ('25', 'slug', '0', 'en', ' youtube '),
 ('25', 'title', '0', 'en', ' youtube '),
 ('26', 'field', '19', 'en', ' twitter '),
 ('26', 'field', '18', 'en', ' https twitter com '),
 ('26', 'slug', '0', 'en', ' twitter '),
 ('26', 'title', '0', 'en', ' twitter '),
 ('27', 'field', '19', 'en', ' facebook '),
 ('27', 'field', '18', 'en', ' https facebook com '),
 ('27', 'slug', '0', 'en', ' facebook '),
 ('27', 'title', '0', 'en', ' facebook '),
 ('28', 'field', '19', 'en', ' youtube '),
 ('28', 'field', '18', 'en', ' https youtube com '),
 ('28', 'slug', '0', 'en', ' youtube '),
 ('28', 'title', '0', 'en', ' youtube '),
 ('29', 'field', '19', 'en', ' instagram '),
 ('29', 'field', '18', 'en', ' https instagram com '),
 ('29', 'slug', '0', 'en', ' instagram '),
 ('29', 'title', '0', 'en', ' instagram '),
 ('30', 'filename', '0', 'en', ' art_cover_welcome_2 jpg '),
 ('30', 'extension', '0', 'en', ' jpg '),
 ('30', 'kind', '0', 'en', ' image '),
 ('30', 'slug', '0', 'en', ' art cover welcome 2 '),
 ('30', 'title', '0', 'en', ' art cover welcome 2 '),
 ('31', 'filename', '0', 'en', ' art_cover_welcome jpg '),
 ('31', 'extension', '0', 'en', ' jpg '),
 ('31', 'kind', '0', 'en', ' image '),
 ('31', 'slug', '0', 'en', ' art cover welcome '),
 ('31', 'title', '0', 'en', ' art cover welcome '),
 ('9', 'field', '16', 'en', ' 0 '),
 ('9', 'field', '17', 'en', ' 0 '),
 ('32', 'field', '13', 'en', ' at bark n fly we treat your dog as if it were our own '),
 ('32', 'field', '14', 'en', ' art cover welcome 2 '),
 ('32', 'slug', '0', 'en', ''),
 ('12', 'field', '16', 'en', ' 0 '),
 ('12', 'field', '17', 'en', ' 0 '),
 ('9', 'field', '20', 'en', ' start end book now dog boarding dog day care start your booking '),
 ('33', 'field', '21', 'en', ' start your booking '),
 ('33', 'field', '22', 'en', ' dog boarding '),
 ('33', 'field', '23', 'en', ' start '),
 ('33', 'field', '24', 'en', ' end '),
 ('33', 'field', '25', 'en', ' book now '),
 ('33', 'field', '26', 'en', ' dog day care '),
 ('33', 'slug', '0', 'en', ''),
 ('34', 'filename', '0', 'en', ' art_testimonial_1 jpg '),
 ('34', 'extension', '0', 'en', ' jpg '),
 ('34', 'kind', '0', 'en', ' image '),
 ('34', 'slug', '0', 'en', ' art testimonial 1 '),
 ('34', 'title', '0', 'en', ' art testimonial 1 '),
 ('9', 'field', '27', 'en', ' eddie art testimonial 1 border collie day care guest human friend frances i love coming to bark n fly every school day i get to see all my friends run about the big field chasing butterflies and sometimes my tail too the human helpers here are very kind to me and give me delicious healthy treats if i m a good boy in the afternoon i get to play indoors and by the time i see my human friend at home time i m ready for cuddles and belly rubs eddie art testimonial 1 border collie day care guest human friend frances i love coming to bark n fly every school day i get to see all my friends run about the big field chasing butterflies and sometimes my tail too the human helpers here are very kind to me and give me delicious healthy treats if i m a good boy in the afternoon i get to play indoors and by the time i see my human friend at home time i m ready for cuddles and belly rubs eddie art testimonial 1 border collie day care guest human friend frances i love coming to bark n fly every school day i get to see all my friends run about the big field chasing butterflies and sometimes my tail too the human helpers here are very kind to me and give me delicious healthy treats if i m a good boy in the afternoon i get to play indoors and by the time i see my human friend at home time i m ready for cuddles and belly rubs '),
 ('35', 'field', '28', 'en', ' art testimonial 1 '),
 ('35', 'field', '29', 'en', ' i love coming to bark n fly every school day i get to see all my friends run about the big field chasing butterflies and sometimes my tail too the human helpers here are very kind to me and give me delicious healthy treats if i m a good boy in the afternoon i get to play indoors and by the time i see my human friend at home time i m ready for cuddles and belly rubs '),
 ('35', 'field', '30', 'en', ' eddie '),
 ('35', 'field', '31', 'en', ' border collie day care guest human friend frances '),
 ('35', 'slug', '0', 'en', ''),
 ('36', 'field', '28', 'en', ' art testimonial 1 '),
 ('36', 'field', '29', 'en', ' i love coming to bark n fly every school day i get to see all my friends run about the big field chasing butterflies and sometimes my tail too the human helpers here are very kind to me and give me delicious healthy treats if i m a good boy in the afternoon i get to play indoors and by the time i see my human friend at home time i m ready for cuddles and belly rubs '),
 ('36', 'field', '30', 'en', ' eddie '),
 ('36', 'field', '31', 'en', ' border collie day care guest human friend frances '),
 ('36', 'slug', '0', 'en', ''),
 ('37', 'field', '28', 'en', ' art testimonial 1 '),
 ('37', 'field', '29', 'en', ' i love coming to bark n fly every school day i get to see all my friends run about the big field chasing butterflies and sometimes my tail too the human helpers here are very kind to me and give me delicious healthy treats if i m a good boy in the afternoon i get to play indoors and by the time i see my human friend at home time i m ready for cuddles and belly rubs '),
 ('37', 'field', '30', 'en', ' eddie '),
 ('37', 'field', '31', 'en', ' border collie day care guest human friend frances '),
 ('37', 'slug', '0', 'en', ''),
 ('38', 'filename', '0', 'en', ' ad_background png '),
 ('38', 'extension', '0', 'en', ' png '),
 ('38', 'kind', '0', 'en', ' image '),
 ('38', 'slug', '0', 'en', ' order background '),
 ('38', 'title', '0', 'en', ' natural instinct '),
 ('9', 'field', '32', 'en', ' order form call us today 01234 567 890 natural instinct https google com '),
 ('39', 'field', '33', 'en', ' natural instinct '),
 ('39', 'field', '34', 'en', ' call us today 01234 567 890 '),
 ('39', 'field', '35', 'en', ' order form '),
 ('39', 'slug', '0', 'en', ''),
 ('39', 'field', '36', 'en', ' https google com '),
 ('40', 'filename', '0', 'en', ' card_1 png '),
 ('40', 'extension', '0', 'en', ' png ');
INSERT INTO `craft_searchindex` (`elementId`, `attribute`, `fieldId`, `locale`, `keywords`) VALUES
 ('40', 'kind', '0', 'en', ' image '),
 ('40', 'slug', '0', 'en', ' card 1 '),
 ('40', 'title', '0', 'en', ' card 1 '),
 ('41', 'filename', '0', 'en', ' card_3 png '),
 ('41', 'extension', '0', 'en', ' png '),
 ('41', 'kind', '0', 'en', ' image '),
 ('41', 'slug', '0', 'en', ' card 3 '),
 ('41', 'title', '0', 'en', ' card 3 '),
 ('42', 'filename', '0', 'en', ' card_4 png '),
 ('42', 'extension', '0', 'en', ' png '),
 ('42', 'kind', '0', 'en', ' image '),
 ('42', 'slug', '0', 'en', ' card 4 '),
 ('42', 'title', '0', 'en', ' card 4 '),
 ('9', 'field', '37', 'en', ' 6cb55a your best friend deserves the best care at bark n fly we specialise in giving dogs more established in 2009 we provide premium dog boarding and dog day care throughout edinburgh the surrounding area pick ups and drop offs card 1 we can safely and securely collect or return your furry friend we even have a handy sms service notifying you directly to your mobile phone about pick ups or drop offs if you re away from home spacious safe playareas under the watchful eye of our experienced fully insured and police vetted staff your dog will love running around in our two outdoor exercise areas and dry indoor arena keeping paws busy and tails wagging dog training card 3 our dog training service is there to help with any problems you might be experiencing with your dog from every day obedience to behaviour issues all the way to competition training and other specialised types of work '),
 ('43', 'field', '38', 'en', ' your best friend deserves the best care '),
 ('43', 'field', '39', 'en', ' at bark n fly we specialise in giving dogs more established in 2009 we provide premium dog boarding and dog day care throughout edinburgh the surrounding area '),
 ('43', 'field', '40', 'en', ' 6cb55a '),
 ('43', 'slug', '0', 'en', ''),
 ('44', 'field', '41', 'en', ' card 1 '),
 ('44', 'field', '42', 'en', ' pick ups and drop offs '),
 ('44', 'field', '43', 'en', ' we can safely and securely collect or return your furry friend we even have a handy sms service notifying you directly to your mobile phone about pick ups or drop offs if you re away from home '),
 ('44', 'slug', '0', 'en', ''),
 ('45', 'field', '41', 'en', ''),
 ('45', 'field', '42', 'en', ' spacious safe playareas '),
 ('45', 'field', '43', 'en', ' under the watchful eye of our experienced fully insured and police vetted staff your dog will love running around in our two outdoor exercise areas and dry indoor arena keeping paws busy and tails wagging '),
 ('45', 'slug', '0', 'en', ''),
 ('46', 'field', '41', 'en', ' card 3 '),
 ('46', 'field', '42', 'en', ' dog training '),
 ('46', 'field', '43', 'en', ' our dog training service is there to help with any problems you might be experiencing with your dog from every day obedience to behaviour issues all the way to competition training and other specialised types of work '),
 ('46', 'slug', '0', 'en', ''),
 ('47', 'filename', '0', 'en', ' service_1 png '),
 ('47', 'extension', '0', 'en', ' png '),
 ('47', 'kind', '0', 'en', ' image '),
 ('47', 'slug', '0', 'en', ' service 1 '),
 ('47', 'title', '0', 'en', ' service 1 '),
 ('48', 'filename', '0', 'en', ' service_2 png '),
 ('48', 'extension', '0', 'en', ' png '),
 ('48', 'kind', '0', 'en', ' image '),
 ('48', 'slug', '0', 'en', ' service 2 '),
 ('48', 'title', '0', 'en', ' service 2 '),
 ('49', 'filename', '0', 'en', ' service_3 png '),
 ('49', 'extension', '0', 'en', ' png '),
 ('49', 'kind', '0', 'en', ' image '),
 ('49', 'slug', '0', 'en', ' service 3 '),
 ('49', 'title', '0', 'en', ' service 3 '),
 ('50', 'filename', '0', 'en', ' service_4 png '),
 ('50', 'extension', '0', 'en', ' png '),
 ('50', 'kind', '0', 'en', ' image '),
 ('50', 'slug', '0', 'en', ' service 4 '),
 ('50', 'title', '0', 'en', ' service 4 '),
 ('51', 'filename', '0', 'en', ' art_cover_service jpg '),
 ('51', 'extension', '0', 'en', ' jpg '),
 ('51', 'kind', '0', 'en', ' image '),
 ('51', 'slug', '0', 'en', ' art cover service '),
 ('51', 'title', '0', 'en', ' art cover service '),
 ('11', 'field', '44', 'en', ' our services art cover service '),
 ('11', 'field', '45', 'en', ' call us today 01234 567 890 dog day care service 1 lorem ipsum dolor sit amet consectetur adipiscing elit vestibulum viverra diam a nisi vestibulum porta ac eget mi fusce risus ipsum tempor at leo nec laoreet blandit ligula pellentesque tincidunt nibh et neque eleifend convallis fusce nisi orci tincidunt at libero et molestie gravida ex fusce viverra mauris eu pulvinar mattis ligula justo viverra purus non tristique ante ipsum a justo donec nec porta sapien maecenas pulvinar porttitor tincidunt ut arcu tellus ornare sed magna sit amet eleifend pulvinar erat vivamus suscipit nulla eu pharetra placerat leo leo semper ligula vel gravida erat justo quis dui dog boarding service 2 lorem ipsum dolor sit amet consectetur adipiscing elit vestibulum viverra diam a nisi vestibulum porta ac eget mi fusce risus ipsum tempor at leo nec laoreet blandit ligula pellentesque tincidunt nibh et neque eleifend convallis fusce nisi orci tincidunt at libero et molestie gravida ex fusce viverra mauris eu pulvinar mattis ligula justo viverra purus non tristique ante ipsum a justo donec nec porta sapien maecenas pulvinar porttitor tincidunt ut arcu tellus ornare sed magna sit amet eleifend pulvinar erat vivamus suscipit nulla eu pharetra placerat leo leo semper ligula vel gravida erat justo quis dui pick up drop off service 3 lorem ipsum dolor sit amet consectetur adipiscing elit vestibulum viverra diam a nisi vestibulum porta ac eget mi fusce risus ipsum tempor at leo nec laoreet blandit ligula pellentesque tincidunt nibh et neque eleifend convallis fusce nisi orci tincidunt at libero et molestie gravida ex fusce viverra mauris eu pulvinar mattis ligula justo viverra purus non tristique ante ipsum a justo donec nec porta sapien maecenas pulvinar porttitor tincidunt ut arcu tellus ornare sed magna sit amet eleifend pulvinar erat vivamus suscipit nulla eu pharetra placerat leo leo semper ligula vel gravida erat justo quis dui dog training service 4 lorem ipsum dolor sit amet consectetur adipiscing elit vestibulum viverra diam a nisi vestibulum porta ac eget mi fusce risus ipsum tempor at leo nec laoreet blandit ligula pellentesque tincidunt nibh et neque eleifend convallis fusce nisi orci tincidunt at libero et molestie gravida ex fusce viverra mauris eu pulvinar mattis ligula justo viverra purus non tristique ante ipsum a justo donec nec porta sapien maecenas pulvinar porttitor tincidunt ut arcu tellus ornare sed magna sit amet eleifend pulvinar erat vivamus suscipit nulla eu pharetra placerat leo leo semper ligula vel gravida erat justo quis dui '),
 ('52', 'field', '46', 'en', ' call us today 01234 567 890 '),
 ('52', 'slug', '0', 'en', ''),
 ('53', 'field', '50', 'en', ' our services '),
 ('53', 'field', '51', 'en', ' art cover service '),
 ('53', 'slug', '0', 'en', ''),
 ('54', 'field', '47', 'en', ' service 1 '),
 ('54', 'field', '48', 'en', ' dog day care '),
 ('54', 'field', '49', 'en', ' lorem ipsum dolor sit amet consectetur adipiscing elit vestibulum viverra diam a nisi vestibulum porta ac eget mi fusce risus ipsum tempor at leo nec laoreet blandit ligula pellentesque tincidunt nibh et neque eleifend convallis fusce nisi orci tincidunt at libero et molestie gravida ex fusce viverra mauris eu pulvinar mattis ligula justo viverra purus non tristique ante ipsum a justo donec nec porta sapien maecenas pulvinar porttitor tincidunt ut arcu tellus ornare sed magna sit amet eleifend pulvinar erat vivamus suscipit nulla eu pharetra placerat leo leo semper ligula vel gravida erat justo quis dui '),
 ('54', 'slug', '0', 'en', ''),
 ('55', 'field', '47', 'en', ' service 2 '),
 ('55', 'field', '48', 'en', ' dog boarding '),
 ('55', 'field', '49', 'en', ' lorem ipsum dolor sit amet consectetur adipiscing elit vestibulum viverra diam a nisi vestibulum porta ac eget mi fusce risus ipsum tempor at leo nec laoreet blandit ligula pellentesque tincidunt nibh et neque eleifend convallis fusce nisi orci tincidunt at libero et molestie gravida ex fusce viverra mauris eu pulvinar mattis ligula justo viverra purus non tristique ante ipsum a justo donec nec porta sapien maecenas pulvinar porttitor tincidunt ut arcu tellus ornare sed magna sit amet eleifend pulvinar erat vivamus suscipit nulla eu pharetra placerat leo leo semper ligula vel gravida erat justo quis dui '),
 ('55', 'slug', '0', 'en', ''),
 ('56', 'field', '47', 'en', ' service 3 '),
 ('56', 'field', '48', 'en', ' pick up drop off '),
 ('56', 'field', '49', 'en', ' lorem ipsum dolor sit amet consectetur adipiscing elit vestibulum viverra diam a nisi vestibulum porta ac eget mi fusce risus ipsum tempor at leo nec laoreet blandit ligula pellentesque tincidunt nibh et neque eleifend convallis fusce nisi orci tincidunt at libero et molestie gravida ex fusce viverra mauris eu pulvinar mattis ligula justo viverra purus non tristique ante ipsum a justo donec nec porta sapien maecenas pulvinar porttitor tincidunt ut arcu tellus ornare sed magna sit amet eleifend pulvinar erat vivamus suscipit nulla eu pharetra placerat leo leo semper ligula vel gravida erat justo quis dui '),
 ('56', 'slug', '0', 'en', ''),
 ('57', 'field', '47', 'en', ' service 4 '),
 ('57', 'field', '48', 'en', ' dog training '),
 ('57', 'field', '49', 'en', ' lorem ipsum dolor sit amet consectetur adipiscing elit vestibulum viverra diam a nisi vestibulum porta ac eget mi fusce risus ipsum tempor at leo nec laoreet blandit ligula pellentesque tincidunt nibh et neque eleifend convallis fusce nisi orci tincidunt at libero et molestie gravida ex fusce viverra mauris eu pulvinar mattis ligula justo viverra purus non tristique ante ipsum a justo donec nec porta sapien maecenas pulvinar porttitor tincidunt ut arcu tellus ornare sed magna sit amet eleifend pulvinar erat vivamus suscipit nulla eu pharetra placerat leo leo semper ligula vel gravida erat justo quis dui '),
 ('57', 'slug', '0', 'en', ''),
 ('11', 'field', '32', 'en', ' order form call us today 01234 567 890 natural instinct https google com '),
 ('58', 'field', '33', 'en', ' natural instinct '),
 ('58', 'field', '34', 'en', ' call us today 01234 567 890 '),
 ('58', 'field', '35', 'en', ' order form '),
 ('58', 'field', '36', 'en', ' https google com '),
 ('58', 'slug', '0', 'en', ''),
 ('59', 'filename', '0', 'en', ' art_cover_about jpg '),
 ('59', 'extension', '0', 'en', ' jpg '),
 ('59', 'kind', '0', 'en', ' image '),
 ('59', 'slug', '0', 'en', ' art cover about '),
 ('59', 'title', '0', 'en', ' art cover about '),
 ('60', 'filename', '0', 'en', ' art_cover_facilities jpg '),
 ('60', 'extension', '0', 'en', ' jpg '),
 ('60', 'kind', '0', 'en', ' image '),
 ('60', 'slug', '0', 'en', ' art cover facilities '),
 ('60', 'title', '0', 'en', ' art cover facilities '),
 ('61', 'filename', '0', 'en', ' art_cover_pricing jpg '),
 ('61', 'extension', '0', 'en', ' jpg '),
 ('61', 'kind', '0', 'en', ' image '),
 ('61', 'slug', '0', 'en', ' art cover pricing '),
 ('61', 'title', '0', 'en', ' art cover pricing '),
 ('67', 'kind', '0', 'en', ' image ');
INSERT INTO `craft_searchindex` (`elementId`, `attribute`, `fieldId`, `locale`, `keywords`) VALUES
 ('67', 'slug', '0', 'en', ' art cover welcome 2 '),
 ('67', 'extension', '0', 'en', ' jpg '),
 ('67', 'filename', '0', 'en', ' art_cover_welcome_2 jpg '),
 ('63', 'filename', '0', 'en', ' art_cover_training png '),
 ('63', 'extension', '0', 'en', ' png '),
 ('63', 'kind', '0', 'en', ' image '),
 ('63', 'slug', '0', 'en', ' art cover training '),
 ('63', 'title', '0', 'en', ' art cover training '),
 ('68', 'kind', '0', 'en', ' image '),
 ('68', 'slug', '0', 'en', ' art cover welcome '),
 ('68', 'extension', '0', 'en', ' jpg '),
 ('68', 'filename', '0', 'en', ' art_cover_welcome jpg '),
 ('69', 'kind', '0', 'en', ' image '),
 ('69', 'slug', '0', 'en', ' facility 1 1 '),
 ('69', 'extension', '0', 'en', ' png '),
 ('69', 'filename', '0', 'en', ' facility_1_1 png '),
 ('66', 'filename', '0', 'en', ' art_cover_service jpg '),
 ('66', 'extension', '0', 'en', ' jpg '),
 ('66', 'kind', '0', 'en', ' image '),
 ('66', 'slug', '0', 'en', ' art cover service '),
 ('66', 'title', '0', 'en', ' art cover service '),
 ('67', 'title', '0', 'en', ' art cover welcome 2 '),
 ('68', 'title', '0', 'en', ' art cover welcome '),
 ('69', 'title', '0', 'en', ' facility 1 1 '),
 ('70', 'filename', '0', 'en', ' facility_1_2 png '),
 ('70', 'extension', '0', 'en', ' png '),
 ('70', 'kind', '0', 'en', ' image '),
 ('70', 'slug', '0', 'en', ' facility 1 2 '),
 ('70', 'title', '0', 'en', ' facility 1 2 '),
 ('71', 'filename', '0', 'en', ' facility_1_3 png '),
 ('71', 'extension', '0', 'en', ' png '),
 ('71', 'kind', '0', 'en', ' image '),
 ('71', 'slug', '0', 'en', ' facility 1 3 '),
 ('71', 'title', '0', 'en', ' facility 1 3 '),
 ('72', 'filename', '0', 'en', ' facility_2_1 png '),
 ('72', 'extension', '0', 'en', ' png '),
 ('72', 'kind', '0', 'en', ' image '),
 ('72', 'slug', '0', 'en', ' facility 2 1 '),
 ('72', 'title', '0', 'en', ' facility 2 1 '),
 ('73', 'filename', '0', 'en', ' facility_2_2 png '),
 ('73', 'extension', '0', 'en', ' png '),
 ('73', 'kind', '0', 'en', ' image '),
 ('73', 'slug', '0', 'en', ' facility 2 2 '),
 ('73', 'title', '0', 'en', ' facility 2 2 '),
 ('74', 'filename', '0', 'en', ' facility_2_3 png '),
 ('74', 'extension', '0', 'en', ' png '),
 ('74', 'kind', '0', 'en', ' image '),
 ('74', 'slug', '0', 'en', ' facility 2 3 '),
 ('74', 'title', '0', 'en', ' facility 2 3 '),
 ('75', 'filename', '0', 'en', ' facility_3_1 png '),
 ('75', 'extension', '0', 'en', ' png '),
 ('75', 'kind', '0', 'en', ' image '),
 ('75', 'slug', '0', 'en', ' facility 3 1 '),
 ('75', 'title', '0', 'en', ' facility 3 1 '),
 ('76', 'filename', '0', 'en', ' facility_3_2 png '),
 ('76', 'extension', '0', 'en', ' png '),
 ('76', 'kind', '0', 'en', ' image '),
 ('76', 'slug', '0', 'en', ' facility 3 2 '),
 ('76', 'title', '0', 'en', ' facility 3 2 '),
 ('77', 'filename', '0', 'en', ' facility_3_3 png '),
 ('77', 'extension', '0', 'en', ' png '),
 ('77', 'kind', '0', 'en', ' image '),
 ('77', 'slug', '0', 'en', ' facility 3 3 '),
 ('77', 'title', '0', 'en', ' facility 3 3 '),
 ('78', 'filename', '0', 'en', ' facility_4_1 png '),
 ('78', 'extension', '0', 'en', ' png '),
 ('78', 'kind', '0', 'en', ' image '),
 ('78', 'slug', '0', 'en', ' facility 4 1 '),
 ('78', 'title', '0', 'en', ' facility 4 1 '),
 ('79', 'filename', '0', 'en', ' facility_4_2 png '),
 ('79', 'extension', '0', 'en', ' png '),
 ('79', 'kind', '0', 'en', ' image '),
 ('79', 'slug', '0', 'en', ' facility 4 2 '),
 ('79', 'title', '0', 'en', ' facility 4 2 '),
 ('80', 'filename', '0', 'en', ' facility_4_3 png '),
 ('80', 'extension', '0', 'en', ' png '),
 ('80', 'kind', '0', 'en', ' image '),
 ('80', 'slug', '0', 'en', ' facility 4 3 '),
 ('80', 'title', '0', 'en', ' facility 4 3 '),
 ('81', 'filename', '0', 'en', ' facility_5_1 png '),
 ('81', 'extension', '0', 'en', ' png '),
 ('81', 'kind', '0', 'en', ' image '),
 ('81', 'slug', '0', 'en', ' facility 5 1 '),
 ('81', 'title', '0', 'en', ' facility 5 1 '),
 ('82', 'filename', '0', 'en', ' facility_5_2 png '),
 ('82', 'extension', '0', 'en', ' png '),
 ('82', 'kind', '0', 'en', ' image '),
 ('82', 'slug', '0', 'en', ' facility 5 2 '),
 ('82', 'title', '0', 'en', ' facility 5 2 '),
 ('83', 'filename', '0', 'en', ' facility_5_3 png '),
 ('83', 'extension', '0', 'en', ' png '),
 ('83', 'kind', '0', 'en', ' image '),
 ('83', 'slug', '0', 'en', ' facility 5 3 '),
 ('83', 'title', '0', 'en', ' facility 5 3 '),
 ('84', 'filename', '0', 'en', ' facility_6_1 png '),
 ('84', 'extension', '0', 'en', ' png '),
 ('84', 'kind', '0', 'en', ' image '),
 ('84', 'slug', '0', 'en', ' facility 6 1 '),
 ('84', 'title', '0', 'en', ' facility 6 1 '),
 ('85', 'filename', '0', 'en', ' facility_6_2 png ');
INSERT INTO `craft_searchindex` (`elementId`, `attribute`, `fieldId`, `locale`, `keywords`) VALUES
 ('85', 'extension', '0', 'en', ' png '),
 ('85', 'kind', '0', 'en', ' image '),
 ('85', 'slug', '0', 'en', ' facility 6 2 '),
 ('85', 'title', '0', 'en', ' facility 6 2 '),
 ('86', 'filename', '0', 'en', ' facility_6_3 png '),
 ('86', 'extension', '0', 'en', ' png '),
 ('86', 'kind', '0', 'en', ' image '),
 ('86', 'slug', '0', 'en', ' facility 6 3 '),
 ('86', 'title', '0', 'en', ' facility 6 3 '),
 ('13', 'field', '44', 'en', ' our facilities art cover facilities '),
 ('13', 'field', '52', 'en', ' little dog pen facility 1 1 facility 1 2 facility 1 3 lorem ipsum dolor sit amet consectetur adipiscing elit vestibulum viverra diam a nisi vestibulum porta ac eget mi fusce risus ipsum tempor at leo nec laoreet blandit ligula pellentesque tincidunt nibh et neque eleifend convallis fusce nisi orci tincidunt at libero et molestie gravida ex fusce viverra mauris eu pulvinar mattis ligula justo viverra purus non tristique ante ipsum a justo donec nec porta sapien maecenas pulvinar porttitor tincidunt ut arcu tellus ornare sed magna sit amet eleifend pulvinar erat vivamus suscipit nulla eu pharetra placerat leo leo semper ligula vel gravida erat justo quis dui vestibulum tellus magna pretium ut congue sit amet tristique sit amet leo mauris eros enim vestibulum at mollis at tempor ut libero big dog pen facility 2 1 facility 2 2 facility 2 3 lorem ipsum dolor sit amet consectetur adipiscing elit vestibulum viverra diam a nisi vestibulum porta ac eget mi fusce risus ipsum tempor at leo nec laoreet blandit ligula pellentesque tincidunt nibh et neque eleifend convallis fusce nisi orci tincidunt at libero et molestie gravida ex fusce viverra mauris eu pulvinar mattis ligula justo viverra purus non tristique ante ipsum a justo donec nec porta sapien maecenas pulvinar porttitor tincidunt ut arcu tellus ornare sed magna sit amet eleifend pulvinar erat vivamus suscipit nulla eu pharetra placerat leo leo semper ligula vel gravida erat justo quis dui vestibulum tellus magna pretium ut congue sit amet tristique sit amet leo mauris eros enim vestibulum at mollis at tempor ut libero indoor arena facility 3 1 facility 3 2 facility 3 3 lorem ipsum dolor sit amet consectetur adipiscing elit vestibulum viverra diam a nisi vestibulum porta ac eget mi fusce risus ipsum tempor at leo nec laoreet blandit ligula pellentesque tincidunt nibh et neque eleifend convallis fusce nisi orci tincidunt at libero et molestie gravida ex fusce viverra mauris eu pulvinar mattis ligula justo viverra purus non tristique ante ipsum a justo donec nec porta sapien maecenas pulvinar porttitor tincidunt ut arcu tellus ornare sed magna sit amet eleifend pulvinar erat vivamus suscipit nulla eu pharetra placerat leo leo semper ligula vel gravida erat justo quis dui vestibulum tellus magna pretium ut congue sit amet tristique sit amet leo mauris eros enim vestibulum at mollis at tempor ut libero little dog field facility 4 1 facility 4 2 facility 4 3 lorem ipsum dolor sit amet consectetur adipiscing elit vestibulum viverra diam a nisi vestibulum porta ac eget mi fusce risus ipsum tempor at leo nec laoreet blandit ligula pellentesque tincidunt nibh et neque eleifend convallis fusce nisi orci tincidunt at libero et molestie gravida ex fusce viverra mauris eu pulvinar mattis ligula justo viverra purus non tristique ante ipsum a justo donec nec porta sapien maecenas pulvinar porttitor tincidunt ut arcu tellus ornare sed magna sit amet eleifend pulvinar erat vivamus suscipit nulla eu pharetra placerat leo leo semper ligula vel gravida erat justo quis dui vestibulum tellus magna pretium ut congue sit amet tristique sit amet leo mauris eros enim vestibulum at mollis at tempor ut libero big dog field facility 5 1 facility 5 2 facility 5 3 lorem ipsum dolor sit amet consectetur adipiscing elit vestibulum viverra diam a nisi vestibulum porta ac eget mi fusce risus ipsum tempor at leo nec laoreet blandit ligula pellentesque tincidunt nibh et neque eleifend convallis fusce nisi orci tincidunt at libero et molestie gravida ex fusce viverra mauris eu pulvinar mattis ligula justo viverra purus non tristique ante ipsum a justo donec nec porta sapien maecenas pulvinar porttitor tincidunt ut arcu tellus ornare sed magna sit amet eleifend pulvinar erat vivamus suscipit nulla eu pharetra placerat leo leo semper ligula vel gravida erat justo quis dui vestibulum tellus magna pretium ut congue sit amet tristique sit amet leo mauris eros enim vestibulum at mollis at tempor ut libero boarding kennel facility 6 1 facility 6 2 facility 6 3 lorem ipsum dolor sit amet consectetur adipiscing elit vestibulum viverra diam a nisi vestibulum porta ac eget mi fusce risus ipsum tempor at leo nec laoreet blandit ligula pellentesque tincidunt nibh et neque eleifend convallis fusce nisi orci tincidunt at libero et molestie gravida ex fusce viverra mauris eu pulvinar mattis ligula justo viverra purus non tristique ante ipsum a justo donec nec porta sapien maecenas pulvinar porttitor tincidunt ut arcu tellus ornare sed magna sit amet eleifend pulvinar erat vivamus suscipit nulla eu pharetra placerat leo leo semper ligula vel gravida erat justo quis dui vestibulum tellus magna pretium ut congue sit amet tristique sit amet leo mauris eros enim vestibulum at mollis at tempor ut libero '),
 ('87', 'field', '50', 'en', ' our facilities '),
 ('87', 'field', '51', 'en', ' art cover facilities '),
 ('87', 'slug', '0', 'en', ''),
 ('88', 'field', '53', 'en', ' little dog pen '),
 ('88', 'field', '54', 'en', ' lorem ipsum dolor sit amet consectetur adipiscing elit vestibulum viverra diam a nisi vestibulum porta ac eget mi fusce risus ipsum tempor at leo nec laoreet blandit ligula pellentesque tincidunt nibh et neque eleifend convallis fusce nisi orci tincidunt at libero et molestie gravida ex fusce viverra mauris eu pulvinar mattis ligula justo viverra purus non tristique ante ipsum a justo donec nec porta sapien maecenas pulvinar porttitor tincidunt ut arcu tellus ornare sed magna sit amet eleifend pulvinar erat vivamus suscipit nulla eu pharetra placerat leo leo semper ligula vel gravida erat justo quis dui vestibulum tellus magna pretium ut congue sit amet tristique sit amet leo mauris eros enim vestibulum at mollis at tempor ut libero '),
 ('88', 'field', '55', 'en', ' facility 1 1 facility 1 2 facility 1 3 '),
 ('88', 'slug', '0', 'en', ''),
 ('89', 'field', '53', 'en', ' big dog pen '),
 ('89', 'field', '54', 'en', ' lorem ipsum dolor sit amet consectetur adipiscing elit vestibulum viverra diam a nisi vestibulum porta ac eget mi fusce risus ipsum tempor at leo nec laoreet blandit ligula pellentesque tincidunt nibh et neque eleifend convallis fusce nisi orci tincidunt at libero et molestie gravida ex fusce viverra mauris eu pulvinar mattis ligula justo viverra purus non tristique ante ipsum a justo donec nec porta sapien maecenas pulvinar porttitor tincidunt ut arcu tellus ornare sed magna sit amet eleifend pulvinar erat vivamus suscipit nulla eu pharetra placerat leo leo semper ligula vel gravida erat justo quis dui vestibulum tellus magna pretium ut congue sit amet tristique sit amet leo mauris eros enim vestibulum at mollis at tempor ut libero '),
 ('89', 'field', '55', 'en', ' facility 2 1 facility 2 2 facility 2 3 '),
 ('89', 'slug', '0', 'en', ''),
 ('90', 'field', '53', 'en', ' indoor arena '),
 ('90', 'field', '54', 'en', ' lorem ipsum dolor sit amet consectetur adipiscing elit vestibulum viverra diam a nisi vestibulum porta ac eget mi fusce risus ipsum tempor at leo nec laoreet blandit ligula pellentesque tincidunt nibh et neque eleifend convallis fusce nisi orci tincidunt at libero et molestie gravida ex fusce viverra mauris eu pulvinar mattis ligula justo viverra purus non tristique ante ipsum a justo donec nec porta sapien maecenas pulvinar porttitor tincidunt ut arcu tellus ornare sed magna sit amet eleifend pulvinar erat vivamus suscipit nulla eu pharetra placerat leo leo semper ligula vel gravida erat justo quis dui vestibulum tellus magna pretium ut congue sit amet tristique sit amet leo mauris eros enim vestibulum at mollis at tempor ut libero '),
 ('90', 'field', '55', 'en', ' facility 3 1 facility 3 2 facility 3 3 '),
 ('90', 'slug', '0', 'en', ''),
 ('91', 'field', '53', 'en', ' little dog field '),
 ('91', 'field', '54', 'en', ' lorem ipsum dolor sit amet consectetur adipiscing elit vestibulum viverra diam a nisi vestibulum porta ac eget mi fusce risus ipsum tempor at leo nec laoreet blandit ligula pellentesque tincidunt nibh et neque eleifend convallis fusce nisi orci tincidunt at libero et molestie gravida ex fusce viverra mauris eu pulvinar mattis ligula justo viverra purus non tristique ante ipsum a justo donec nec porta sapien maecenas pulvinar porttitor tincidunt ut arcu tellus ornare sed magna sit amet eleifend pulvinar erat vivamus suscipit nulla eu pharetra placerat leo leo semper ligula vel gravida erat justo quis dui vestibulum tellus magna pretium ut congue sit amet tristique sit amet leo mauris eros enim vestibulum at mollis at tempor ut libero '),
 ('91', 'field', '55', 'en', ' facility 4 1 facility 4 2 facility 4 3 '),
 ('91', 'slug', '0', 'en', ''),
 ('92', 'field', '53', 'en', ' big dog field '),
 ('92', 'field', '54', 'en', ' lorem ipsum dolor sit amet consectetur adipiscing elit vestibulum viverra diam a nisi vestibulum porta ac eget mi fusce risus ipsum tempor at leo nec laoreet blandit ligula pellentesque tincidunt nibh et neque eleifend convallis fusce nisi orci tincidunt at libero et molestie gravida ex fusce viverra mauris eu pulvinar mattis ligula justo viverra purus non tristique ante ipsum a justo donec nec porta sapien maecenas pulvinar porttitor tincidunt ut arcu tellus ornare sed magna sit amet eleifend pulvinar erat vivamus suscipit nulla eu pharetra placerat leo leo semper ligula vel gravida erat justo quis dui vestibulum tellus magna pretium ut congue sit amet tristique sit amet leo mauris eros enim vestibulum at mollis at tempor ut libero '),
 ('92', 'field', '55', 'en', ' facility 5 1 facility 5 2 facility 5 3 '),
 ('92', 'slug', '0', 'en', ''),
 ('93', 'field', '53', 'en', ' boarding kennel '),
 ('93', 'field', '54', 'en', ' lorem ipsum dolor sit amet consectetur adipiscing elit vestibulum viverra diam a nisi vestibulum porta ac eget mi fusce risus ipsum tempor at leo nec laoreet blandit ligula pellentesque tincidunt nibh et neque eleifend convallis fusce nisi orci tincidunt at libero et molestie gravida ex fusce viverra mauris eu pulvinar mattis ligula justo viverra purus non tristique ante ipsum a justo donec nec porta sapien maecenas pulvinar porttitor tincidunt ut arcu tellus ornare sed magna sit amet eleifend pulvinar erat vivamus suscipit nulla eu pharetra placerat leo leo semper ligula vel gravida erat justo quis dui vestibulum tellus magna pretium ut congue sit amet tristique sit amet leo mauris eros enim vestibulum at mollis at tempor ut libero '),
 ('93', 'field', '55', 'en', ' facility 6 1 facility 6 2 facility 6 3 '),
 ('93', 'slug', '0', 'en', '');



DROP TABLE IF EXISTS `craft_sections`;


--
-- Schema for table `craft_sections`
--
CREATE TABLE `craft_sections` (
  `id` int(11) NOT NULL AUTO_INCREMENT,
  `structureId` int(11) DEFAULT NULL,
  `name` varchar(255) COLLATE utf8_unicode_ci NOT NULL,
  `handle` varchar(255) COLLATE utf8_unicode_ci NOT NULL,
  `type` enum('single','channel','structure') COLLATE utf8_unicode_ci NOT NULL DEFAULT 'channel',
  `hasUrls` tinyint(1) unsigned NOT NULL DEFAULT '1',
  `template` varchar(500) COLLATE utf8_unicode_ci DEFAULT NULL,
  `enableVersioning` tinyint(1) unsigned NOT NULL DEFAULT '0',
  `dateCreated` datetime NOT NULL,
  `dateUpdated` datetime NOT NULL,
  `uid` char(36) COLLATE utf8_unicode_ci NOT NULL DEFAULT '0',
  PRIMARY KEY (`id`),
  UNIQUE KEY `craft_sections_name_unq_idx` (`name`),
  UNIQUE KEY `craft_sections_handle_unq_idx` (`handle`),
  KEY `craft_sections_structureId_fk` (`structureId`)
) ENGINE=InnoDB AUTO_INCREMENT=5 DEFAULT CHARSET=utf8 COLLATE=utf8_unicode_ci;

--
-- Data for table `craft_sections`
--

INSERT INTO `craft_sections` (`id`, `structureId`, `name`, `handle`, `type`, `hasUrls`, `template`, `enableVersioning`, `dateCreated`, `dateUpdated`, `uid`) VALUES
 ('1', NULL, 'Homepage', 'homepage', 'single', '1', 'homepage', '1', '2018-03-28 09:59:41', '2018-04-02 08:22:03', '1d5ce7d5-1405-40b9-b996-f2ae92355ceb'),
 ('2', NULL, 'News', 'news', 'channel', '1', 'news/_entry', '1', '2018-03-28 09:59:41', '2018-03-28 09:59:41', '0560b209-efa4-414c-9035-05b9aaa16667'),
 ('3', NULL, 'Pages', 'pages', 'channel', '1', 'pages/_page_switcher.twig', '1', '2018-04-02 13:55:56', '2018-04-04 08:38:44', 'ca3afe18-4537-468b-a43c-f08950943a77'),
 ('4', NULL, 'Social Links', 'socialLinks', 'channel', '0', NULL, '1', '2018-04-03 14:57:48', '2018-04-03 14:57:48', '61b7e0ee-3fac-49f2-8512-0786d9300507');



DROP TABLE IF EXISTS `craft_sections_i18n`;


--
-- Schema for table `craft_sections_i18n`
--
CREATE TABLE `craft_sections_i18n` (
  `id` int(11) NOT NULL AUTO_INCREMENT,
  `sectionId` int(11) NOT NULL,
  `locale` char(12) COLLATE utf8_unicode_ci NOT NULL,
  `enabledByDefault` tinyint(1) unsigned NOT NULL DEFAULT '1',
  `urlFormat` text COLLATE utf8_unicode_ci,
  `nestedUrlFormat` text COLLATE utf8_unicode_ci,
  `dateCreated` datetime NOT NULL,
  `dateUpdated` datetime NOT NULL,
  `uid` char(36) COLLATE utf8_unicode_ci NOT NULL DEFAULT '0',
  PRIMARY KEY (`id`),
  UNIQUE KEY `craft_sections_i18n_sectionId_locale_unq_idx` (`sectionId`,`locale`),
  KEY `craft_sections_i18n_locale_fk` (`locale`)
) ENGINE=InnoDB AUTO_INCREMENT=5 DEFAULT CHARSET=utf8 COLLATE=utf8_unicode_ci;

--
-- Data for table `craft_sections_i18n`
--

INSERT INTO `craft_sections_i18n` (`id`, `sectionId`, `locale`, `enabledByDefault`, `urlFormat`, `nestedUrlFormat`, `dateCreated`, `dateUpdated`, `uid`) VALUES
 ('1', '1', 'en', '1', '__home__', NULL, '2018-03-28 09:59:41', '2018-03-28 09:59:41', '24c1c313-c903-4846-a805-5e49e23336b3'),
 ('2', '2', 'en', '1', 'news/{postDate.year}/{slug}', NULL, '2018-03-28 09:59:41', '2018-03-28 09:59:41', 'a270d4a7-180c-4237-a8b2-15f6cf890133'),
 ('3', '3', 'en', '1', 'pages/{slug}', NULL, '2018-04-02 13:55:56', '2018-04-04 08:38:44', '7df66c74-ab18-44a9-8213-2e38a523dd74'),
 ('4', '4', 'en', '1', NULL, NULL, '2018-04-03 14:57:48', '2018-04-03 14:57:48', '22771be0-6923-4a06-aa54-440248b19aca');



DROP TABLE IF EXISTS `craft_sessions`;


--
-- Schema for table `craft_sessions`
--
CREATE TABLE `craft_sessions` (
  `id` int(11) NOT NULL AUTO_INCREMENT,
  `userId` int(11) NOT NULL,
  `token` char(100) COLLATE utf8_unicode_ci NOT NULL,
  `dateCreated` datetime NOT NULL,
  `dateUpdated` datetime NOT NULL,
  `uid` char(36) COLLATE utf8_unicode_ci NOT NULL DEFAULT '0',
  PRIMARY KEY (`id`),
  KEY `craft_sessions_uid_idx` (`uid`),
  KEY `craft_sessions_token_idx` (`token`),
  KEY `craft_sessions_dateUpdated_idx` (`dateUpdated`),
  KEY `craft_sessions_userId_fk` (`userId`)
) ENGINE=InnoDB AUTO_INCREMENT=17 DEFAULT CHARSET=utf8 COLLATE=utf8_unicode_ci;

DROP TABLE IF EXISTS `craft_shunnedmessages`;


--
-- Schema for table `craft_shunnedmessages`
--
CREATE TABLE `craft_shunnedmessages` (
  `id` int(11) NOT NULL AUTO_INCREMENT,
  `userId` int(11) NOT NULL,
  `message` varchar(255) COLLATE utf8_unicode_ci NOT NULL,
  `expiryDate` datetime DEFAULT NULL,
  `dateCreated` datetime NOT NULL,
  `dateUpdated` datetime NOT NULL,
  `uid` char(36) COLLATE utf8_unicode_ci NOT NULL DEFAULT '0',
  PRIMARY KEY (`id`),
  UNIQUE KEY `craft_shunnedmessages_userId_message_unq_idx` (`userId`,`message`)
) ENGINE=InnoDB DEFAULT CHARSET=utf8 COLLATE=utf8_unicode_ci;

DROP TABLE IF EXISTS `craft_structureelements`;


--
-- Schema for table `craft_structureelements`
--
CREATE TABLE `craft_structureelements` (
  `id` int(11) NOT NULL AUTO_INCREMENT,
  `structureId` int(11) NOT NULL,
  `elementId` int(11) DEFAULT NULL,
  `root` int(11) unsigned DEFAULT NULL,
  `lft` int(11) unsigned NOT NULL,
  `rgt` int(11) unsigned NOT NULL,
  `level` smallint(6) unsigned NOT NULL,
  `dateCreated` datetime NOT NULL,
  `dateUpdated` datetime NOT NULL,
  `uid` char(36) COLLATE utf8_unicode_ci NOT NULL DEFAULT '0',
  PRIMARY KEY (`id`),
  UNIQUE KEY `craft_structureelements_structureId_elementId_unq_idx` (`structureId`,`elementId`),
  KEY `craft_structureelements_root_idx` (`root`),
  KEY `craft_structureelements_lft_idx` (`lft`),
  KEY `craft_structureelements_rgt_idx` (`rgt`),
  KEY `craft_structureelements_level_idx` (`level`),
  KEY `craft_structureelements_elementId_fk` (`elementId`)
) ENGINE=InnoDB DEFAULT CHARSET=utf8 COLLATE=utf8_unicode_ci;

DROP TABLE IF EXISTS `craft_structures`;


--
-- Schema for table `craft_structures`
--
CREATE TABLE `craft_structures` (
  `id` int(11) NOT NULL AUTO_INCREMENT,
  `maxLevels` smallint(6) unsigned DEFAULT NULL,
  `dateCreated` datetime NOT NULL,
  `dateUpdated` datetime NOT NULL,
  `uid` char(36) COLLATE utf8_unicode_ci NOT NULL DEFAULT '0',
  PRIMARY KEY (`id`)
) ENGINE=InnoDB DEFAULT CHARSET=utf8 COLLATE=utf8_unicode_ci;

DROP TABLE IF EXISTS `craft_systemsettings`;


--
-- Schema for table `craft_systemsettings`
--
CREATE TABLE `craft_systemsettings` (
  `id` int(11) NOT NULL AUTO_INCREMENT,
  `category` varchar(15) COLLATE utf8_unicode_ci NOT NULL,
  `settings` text COLLATE utf8_unicode_ci,
  `dateCreated` datetime NOT NULL,
  `dateUpdated` datetime NOT NULL,
  `uid` char(36) COLLATE utf8_unicode_ci NOT NULL DEFAULT '0',
  PRIMARY KEY (`id`),
  UNIQUE KEY `craft_systemsettings_category_unq_idx` (`category`)
) ENGINE=InnoDB AUTO_INCREMENT=2 DEFAULT CHARSET=utf8 COLLATE=utf8_unicode_ci;

--
-- Data for table `craft_systemsettings`
--

INSERT INTO `craft_systemsettings` (`id`, `category`, `settings`, `dateCreated`, `dateUpdated`, `uid`) VALUES
 ('1', 'email', '{\"protocol\":\"php\",\"emailAddress\":\"kiruha_i@mail.ru\",\"senderName\":\"Bark And Fly\"}', '2018-03-28 09:59:41', '2018-03-28 09:59:41', '86be1a7d-d6ef-439d-8250-a8a2bc3d2493');



DROP TABLE IF EXISTS `craft_taggroups`;


--
-- Schema for table `craft_taggroups`
--
CREATE TABLE `craft_taggroups` (
  `id` int(11) NOT NULL AUTO_INCREMENT,
  `name` varchar(255) COLLATE utf8_unicode_ci NOT NULL,
  `handle` varchar(255) COLLATE utf8_unicode_ci NOT NULL,
  `fieldLayoutId` int(10) DEFAULT NULL,
  `dateCreated` datetime NOT NULL,
  `dateUpdated` datetime NOT NULL,
  `uid` char(36) COLLATE utf8_unicode_ci NOT NULL DEFAULT '0',
  PRIMARY KEY (`id`),
  UNIQUE KEY `craft_taggroups_name_unq_idx` (`name`),
  UNIQUE KEY `craft_taggroups_handle_unq_idx` (`handle`),
  KEY `craft_taggroups_fieldLayoutId_fk` (`fieldLayoutId`)
) ENGINE=InnoDB AUTO_INCREMENT=2 DEFAULT CHARSET=utf8 COLLATE=utf8_unicode_ci;

--
-- Data for table `craft_taggroups`
--

INSERT INTO `craft_taggroups` (`id`, `name`, `handle`, `fieldLayoutId`, `dateCreated`, `dateUpdated`, `uid`) VALUES
 ('1', 'Default', 'default', '1', '2018-03-28 09:59:41', '2018-03-28 09:59:41', 'bad64e83-4073-463b-ad5c-68d623defc06');



DROP TABLE IF EXISTS `craft_tags`;


--
-- Schema for table `craft_tags`
--
CREATE TABLE `craft_tags` (
  `id` int(11) NOT NULL,
  `groupId` int(11) NOT NULL,
  `dateCreated` datetime NOT NULL,
  `dateUpdated` datetime NOT NULL,
  `uid` char(36) COLLATE utf8_unicode_ci NOT NULL DEFAULT '0',
  PRIMARY KEY (`id`),
  KEY `craft_tags_groupId_fk` (`groupId`)
) ENGINE=InnoDB DEFAULT CHARSET=utf8 COLLATE=utf8_unicode_ci;

DROP TABLE IF EXISTS `craft_tasks`;


--
-- Schema for table `craft_tasks`
--
CREATE TABLE `craft_tasks` (
  `id` int(11) NOT NULL AUTO_INCREMENT,
  `root` int(11) unsigned DEFAULT NULL,
  `lft` int(11) unsigned NOT NULL,
  `rgt` int(11) unsigned NOT NULL,
  `level` smallint(6) unsigned NOT NULL,
  `currentStep` int(11) unsigned DEFAULT NULL,
  `totalSteps` int(11) unsigned DEFAULT NULL,
  `status` enum('pending','error','running') COLLATE utf8_unicode_ci DEFAULT NULL,
  `type` varchar(150) COLLATE utf8_unicode_ci NOT NULL,
  `description` varchar(255) COLLATE utf8_unicode_ci DEFAULT NULL,
  `settings` mediumtext COLLATE utf8_unicode_ci,
  `dateCreated` datetime NOT NULL,
  `dateUpdated` datetime NOT NULL,
  `uid` char(36) COLLATE utf8_unicode_ci NOT NULL DEFAULT '0',
  PRIMARY KEY (`id`),
  KEY `craft_tasks_root_idx` (`root`),
  KEY `craft_tasks_lft_idx` (`lft`),
  KEY `craft_tasks_rgt_idx` (`rgt`),
  KEY `craft_tasks_level_idx` (`level`)
) ENGINE=InnoDB DEFAULT CHARSET=utf8 COLLATE=utf8_unicode_ci;

DROP TABLE IF EXISTS `craft_templatecachecriteria`;


--
-- Schema for table `craft_templatecachecriteria`
--
CREATE TABLE `craft_templatecachecriteria` (
  `id` int(11) NOT NULL AUTO_INCREMENT,
  `cacheId` int(11) NOT NULL,
  `type` varchar(150) COLLATE utf8_unicode_ci NOT NULL,
  `criteria` text COLLATE utf8_unicode_ci NOT NULL,
  PRIMARY KEY (`id`),
  KEY `craft_templatecachecriteria_cacheId_fk` (`cacheId`),
  KEY `craft_templatecachecriteria_type_idx` (`type`)
) ENGINE=InnoDB DEFAULT CHARSET=utf8 COLLATE=utf8_unicode_ci;

DROP TABLE IF EXISTS `craft_templatecacheelements`;


--
-- Schema for table `craft_templatecacheelements`
--
CREATE TABLE `craft_templatecacheelements` (
  `cacheId` int(11) NOT NULL,
  `elementId` int(11) NOT NULL,
  KEY `craft_templatecacheelements_cacheId_fk` (`cacheId`),
  KEY `craft_templatecacheelements_elementId_fk` (`elementId`)
) ENGINE=InnoDB DEFAULT CHARSET=utf8 COLLATE=utf8_unicode_ci;

DROP TABLE IF EXISTS `craft_templatecaches`;


--
-- Schema for table `craft_templatecaches`
--
CREATE TABLE `craft_templatecaches` (
  `id` int(11) NOT NULL AUTO_INCREMENT,
  `cacheKey` varchar(255) COLLATE utf8_unicode_ci NOT NULL,
  `locale` char(12) COLLATE utf8_unicode_ci NOT NULL,
  `path` varchar(255) COLLATE utf8_unicode_ci DEFAULT NULL,
  `expiryDate` datetime NOT NULL,
  `body` mediumtext COLLATE utf8_unicode_ci NOT NULL,
  PRIMARY KEY (`id`),
  KEY `craft_templatecaches_cacheKey_locale_expiryDate_path_idx` (`cacheKey`,`locale`,`expiryDate`,`path`),
  KEY `craft_templatecaches_cacheKey_locale_expiryDate_idx` (`cacheKey`,`locale`,`expiryDate`),
  KEY `craft_templatecaches_locale_fk` (`locale`)
) ENGINE=InnoDB DEFAULT CHARSET=utf8 COLLATE=utf8_unicode_ci;

DROP TABLE IF EXISTS `craft_tokens`;


--
-- Schema for table `craft_tokens`
--
CREATE TABLE `craft_tokens` (
  `id` int(11) NOT NULL AUTO_INCREMENT,
  `token` char(32) COLLATE utf8_unicode_ci NOT NULL,
  `route` text COLLATE utf8_unicode_ci,
  `usageLimit` tinyint(3) unsigned DEFAULT NULL,
  `usageCount` tinyint(3) unsigned DEFAULT NULL,
  `expiryDate` datetime NOT NULL,
  `dateCreated` datetime NOT NULL,
  `dateUpdated` datetime NOT NULL,
  `uid` char(36) COLLATE utf8_unicode_ci NOT NULL DEFAULT '0',
  PRIMARY KEY (`id`),
  UNIQUE KEY `craft_tokens_token_unq_idx` (`token`),
  KEY `craft_tokens_expiryDate_idx` (`expiryDate`)
) ENGINE=InnoDB DEFAULT CHARSET=utf8 COLLATE=utf8_unicode_ci;

DROP TABLE IF EXISTS `craft_usergroups`;


--
-- Schema for table `craft_usergroups`
--
CREATE TABLE `craft_usergroups` (
  `id` int(11) NOT NULL AUTO_INCREMENT,
  `name` varchar(255) COLLATE utf8_unicode_ci NOT NULL,
  `handle` varchar(255) COLLATE utf8_unicode_ci NOT NULL,
  `dateCreated` datetime NOT NULL,
  `dateUpdated` datetime NOT NULL,
  `uid` char(36) COLLATE utf8_unicode_ci NOT NULL DEFAULT '0',
  PRIMARY KEY (`id`),
  UNIQUE KEY `craft_usergroups_name_unq_idx` (`name`),
  UNIQUE KEY `craft_usergroups_handle_unq_idx` (`handle`)
) ENGINE=InnoDB DEFAULT CHARSET=utf8 COLLATE=utf8_unicode_ci;

DROP TABLE IF EXISTS `craft_usergroups_users`;


--
-- Schema for table `craft_usergroups_users`
--
CREATE TABLE `craft_usergroups_users` (
  `id` int(11) NOT NULL AUTO_INCREMENT,
  `groupId` int(11) NOT NULL,
  `userId` int(11) NOT NULL,
  `dateCreated` datetime NOT NULL,
  `dateUpdated` datetime NOT NULL,
  `uid` char(36) COLLATE utf8_unicode_ci NOT NULL DEFAULT '0',
  PRIMARY KEY (`id`),
  UNIQUE KEY `craft_usergroups_users_groupId_userId_unq_idx` (`groupId`,`userId`),
  KEY `craft_usergroups_users_userId_fk` (`userId`)
) ENGINE=InnoDB DEFAULT CHARSET=utf8 COLLATE=utf8_unicode_ci;

DROP TABLE IF EXISTS `craft_userpermissions`;


--
-- Schema for table `craft_userpermissions`
--
CREATE TABLE `craft_userpermissions` (
  `id` int(11) NOT NULL AUTO_INCREMENT,
  `name` varchar(255) COLLATE utf8_unicode_ci NOT NULL,
  `dateCreated` datetime NOT NULL,
  `dateUpdated` datetime NOT NULL,
  `uid` char(36) COLLATE utf8_unicode_ci NOT NULL DEFAULT '0',
  PRIMARY KEY (`id`),
  UNIQUE KEY `craft_userpermissions_name_unq_idx` (`name`)
) ENGINE=InnoDB DEFAULT CHARSET=utf8 COLLATE=utf8_unicode_ci;

DROP TABLE IF EXISTS `craft_userpermissions_usergroups`;


--
-- Schema for table `craft_userpermissions_usergroups`
--
CREATE TABLE `craft_userpermissions_usergroups` (
  `id` int(11) NOT NULL AUTO_INCREMENT,
  `permissionId` int(11) NOT NULL,
  `groupId` int(11) NOT NULL,
  `dateCreated` datetime NOT NULL,
  `dateUpdated` datetime NOT NULL,
  `uid` char(36) COLLATE utf8_unicode_ci NOT NULL DEFAULT '0',
  PRIMARY KEY (`id`),
  UNIQUE KEY `craft_userpermissions_usergroups_permissionId_groupId_unq_idx` (`permissionId`,`groupId`),
  KEY `craft_userpermissions_usergroups_groupId_fk` (`groupId`)
) ENGINE=InnoDB DEFAULT CHARSET=utf8 COLLATE=utf8_unicode_ci;

DROP TABLE IF EXISTS `craft_userpermissions_users`;


--
-- Schema for table `craft_userpermissions_users`
--
CREATE TABLE `craft_userpermissions_users` (
  `id` int(11) NOT NULL AUTO_INCREMENT,
  `permissionId` int(11) NOT NULL,
  `userId` int(11) NOT NULL,
  `dateCreated` datetime NOT NULL,
  `dateUpdated` datetime NOT NULL,
  `uid` char(36) COLLATE utf8_unicode_ci NOT NULL DEFAULT '0',
  PRIMARY KEY (`id`),
  UNIQUE KEY `craft_userpermissions_users_permissionId_userId_unq_idx` (`permissionId`,`userId`),
  KEY `craft_userpermissions_users_userId_fk` (`userId`)
) ENGINE=InnoDB DEFAULT CHARSET=utf8 COLLATE=utf8_unicode_ci;

DROP TABLE IF EXISTS `craft_users`;


--
-- Schema for table `craft_users`
--
CREATE TABLE `craft_users` (
  `id` int(11) NOT NULL,
  `username` varchar(100) COLLATE utf8_unicode_ci NOT NULL,
  `photo` varchar(100) COLLATE utf8_unicode_ci DEFAULT NULL,
  `firstName` varchar(100) COLLATE utf8_unicode_ci DEFAULT NULL,
  `lastName` varchar(100) COLLATE utf8_unicode_ci DEFAULT NULL,
  `email` varchar(255) COLLATE utf8_unicode_ci NOT NULL,
  `password` char(255) COLLATE utf8_unicode_ci DEFAULT NULL,
  `preferredLocale` char(12) COLLATE utf8_unicode_ci DEFAULT NULL,
  `weekStartDay` tinyint(1) unsigned NOT NULL DEFAULT '0',
  `admin` tinyint(1) unsigned NOT NULL DEFAULT '0',
  `client` tinyint(1) unsigned NOT NULL DEFAULT '0',
  `locked` tinyint(1) unsigned NOT NULL DEFAULT '0',
  `suspended` tinyint(1) unsigned NOT NULL DEFAULT '0',
  `pending` tinyint(1) unsigned NOT NULL DEFAULT '0',
  `archived` tinyint(1) unsigned NOT NULL DEFAULT '0',
  `lastLoginDate` datetime DEFAULT NULL,
  `lastLoginAttemptIPAddress` varchar(45) COLLATE utf8_unicode_ci DEFAULT NULL,
  `invalidLoginWindowStart` datetime DEFAULT NULL,
  `invalidLoginCount` tinyint(4) unsigned DEFAULT NULL,
  `lastInvalidLoginDate` datetime DEFAULT NULL,
  `lockoutDate` datetime DEFAULT NULL,
  `verificationCode` char(100) COLLATE utf8_unicode_ci DEFAULT NULL,
  `verificationCodeIssuedDate` datetime DEFAULT NULL,
  `unverifiedEmail` varchar(255) COLLATE utf8_unicode_ci DEFAULT NULL,
  `passwordResetRequired` tinyint(1) unsigned NOT NULL DEFAULT '0',
  `lastPasswordChangeDate` datetime DEFAULT NULL,
  `dateCreated` datetime NOT NULL,
  `dateUpdated` datetime NOT NULL,
  `uid` char(36) COLLATE utf8_unicode_ci NOT NULL DEFAULT '0',
  PRIMARY KEY (`id`),
  UNIQUE KEY `craft_users_username_unq_idx` (`username`),
  UNIQUE KEY `craft_users_email_unq_idx` (`email`),
  KEY `craft_users_verificationCode_idx` (`verificationCode`),
  KEY `craft_users_uid_idx` (`uid`),
  KEY `craft_users_preferredLocale_fk` (`preferredLocale`)
) ENGINE=InnoDB DEFAULT CHARSET=utf8 COLLATE=utf8_unicode_ci;

--
-- Data for table `craft_users`
--

INSERT INTO `craft_users` (`id`, `username`, `photo`, `firstName`, `lastName`, `email`, `password`, `preferredLocale`, `weekStartDay`, `admin`, `client`, `locked`, `suspended`, `pending`, `archived`, `lastLoginDate`, `lastLoginAttemptIPAddress`, `invalidLoginWindowStart`, `invalidLoginCount`, `lastInvalidLoginDate`, `lockoutDate`, `verificationCode`, `verificationCodeIssuedDate`, `unverifiedEmail`, `passwordResetRequired`, `lastPasswordChangeDate`, `dateCreated`, `dateUpdated`, `uid`) VALUES
 ('1', 'Admin', NULL, '', '', 'kiruha_i@mail.ru', '$2y$13$hYLDToNy0gb6Xw2eXqMAVelcdNVKr8ZXacR9Ql/winegaoiQpyUc2', NULL, '1', '1', '0', '0', '0', '0', '0', '2018-04-09 10:39:18', '::1', NULL, NULL, '2018-03-28 14:49:31', NULL, NULL, NULL, NULL, '0', '2018-03-28 14:48:51', '2018-03-28 09:59:37', '2018-04-09 10:39:18', '906f7001-4960-4195-9b42-2a8be5b0c20a');



DROP TABLE IF EXISTS `craft_widgets`;


--
-- Schema for table `craft_widgets`
--
CREATE TABLE `craft_widgets` (
  `id` int(11) NOT NULL AUTO_INCREMENT,
  `userId` int(11) NOT NULL,
  `type` varchar(150) COLLATE utf8_unicode_ci NOT NULL,
  `sortOrder` smallint(6) unsigned DEFAULT NULL,
  `colspan` tinyint(4) unsigned DEFAULT NULL,
  `settings` text COLLATE utf8_unicode_ci,
  `enabled` tinyint(1) unsigned NOT NULL DEFAULT '1',
  `dateCreated` datetime NOT NULL,
  `dateUpdated` datetime NOT NULL,
  `uid` char(36) COLLATE utf8_unicode_ci NOT NULL DEFAULT '0',
  PRIMARY KEY (`id`),
  KEY `craft_widgets_userId_fk` (`userId`)
) ENGINE=InnoDB AUTO_INCREMENT=5 DEFAULT CHARSET=utf8 COLLATE=utf8_unicode_ci;

--
-- Data for table `craft_widgets`
--

INSERT INTO `craft_widgets` (`id`, `userId`, `type`, `sortOrder`, `colspan`, `settings`, `enabled`, `dateCreated`, `dateUpdated`, `uid`) VALUES
 ('1', '1', 'RecentEntries', '1', NULL, NULL, '1', '2018-03-28 09:59:58', '2018-03-28 09:59:58', '36736246-2d86-42f4-b8cf-1ce5e56c3342'),
 ('2', '1', 'GetHelp', '2', NULL, NULL, '1', '2018-03-28 09:59:58', '2018-03-28 09:59:58', '9560b09d-956d-4a88-90cf-147933f6f507'),
 ('3', '1', 'Updates', '3', NULL, NULL, '1', '2018-03-28 09:59:58', '2018-03-28 09:59:58', 'f02c4657-e589-4cb2-ba81-1c03d0c1a340'),
 ('4', '1', 'Feed', '4', NULL, '{\"url\":\"https:\\/\\/craftcms.com\\/news.rss\",\"title\":\"Craft News\"}', '1', '2018-03-28 09:59:58', '2018-03-28 09:59:58', '263febd5-a940-4c6c-bc68-c565858591a2');


--
-- Constraints for tables
--


--
-- Constraints for table `craft_assetfiles`
--
ALTER TABLE `craft_assetfiles`
	ADD CONSTRAINT `craft_assetfiles_folderId_fk` FOREIGN KEY (`folderId`) REFERENCES `craft_assetfolders` (`id`) ON DELETE CASCADE,
	ADD CONSTRAINT `craft_assetfiles_id_fk` FOREIGN KEY (`id`) REFERENCES `craft_elements` (`id`) ON DELETE CASCADE,
	ADD CONSTRAINT `craft_assetfiles_sourceId_fk` FOREIGN KEY (`sourceId`) REFERENCES `craft_assetsources` (`id`) ON DELETE CASCADE;

--
-- Constraints for table `craft_assetfolders`
--
ALTER TABLE `craft_assetfolders`
	ADD CONSTRAINT `craft_assetfolders_parentId_fk` FOREIGN KEY (`parentId`) REFERENCES `craft_assetfolders` (`id`) ON DELETE CASCADE,
	ADD CONSTRAINT `craft_assetfolders_sourceId_fk` FOREIGN KEY (`sourceId`) REFERENCES `craft_assetsources` (`id`) ON DELETE CASCADE;

--
-- Constraints for table `craft_assetindexdata`
--
ALTER TABLE `craft_assetindexdata`
	ADD CONSTRAINT `craft_assetindexdata_sourceId_fk` FOREIGN KEY (`sourceId`) REFERENCES `craft_assetsources` (`id`) ON DELETE CASCADE;

--
-- Constraints for table `craft_assetsources`
--
ALTER TABLE `craft_assetsources`
	ADD CONSTRAINT `craft_assetsources_fieldLayoutId_fk` FOREIGN KEY (`fieldLayoutId`) REFERENCES `craft_fieldlayouts` (`id`) ON DELETE SET NULL;

--
-- Constraints for table `craft_categories`
--
ALTER TABLE `craft_categories`
	ADD CONSTRAINT `craft_categories_groupId_fk` FOREIGN KEY (`groupId`) REFERENCES `craft_categorygroups` (`id`) ON DELETE CASCADE,
	ADD CONSTRAINT `craft_categories_id_fk` FOREIGN KEY (`id`) REFERENCES `craft_elements` (`id`) ON DELETE CASCADE;

--
-- Constraints for table `craft_categorygroups`
--
ALTER TABLE `craft_categorygroups`
	ADD CONSTRAINT `craft_categorygroups_fieldLayoutId_fk` FOREIGN KEY (`fieldLayoutId`) REFERENCES `craft_fieldlayouts` (`id`) ON DELETE SET NULL,
	ADD CONSTRAINT `craft_categorygroups_structureId_fk` FOREIGN KEY (`structureId`) REFERENCES `craft_structures` (`id`) ON DELETE CASCADE;

--
-- Constraints for table `craft_categorygroups_i18n`
--
ALTER TABLE `craft_categorygroups_i18n`
	ADD CONSTRAINT `craft_categorygroups_i18n_groupId_fk` FOREIGN KEY (`groupId`) REFERENCES `craft_categorygroups` (`id`) ON DELETE CASCADE,
	ADD CONSTRAINT `craft_categorygroups_i18n_locale_fk` FOREIGN KEY (`locale`) REFERENCES `craft_locales` (`locale`) ON DELETE CASCADE ON UPDATE CASCADE;

--
-- Constraints for table `craft_content`
--
ALTER TABLE `craft_content`
	ADD CONSTRAINT `craft_content_elementId_fk` FOREIGN KEY (`elementId`) REFERENCES `craft_elements` (`id`) ON DELETE CASCADE,
	ADD CONSTRAINT `craft_content_locale_fk` FOREIGN KEY (`locale`) REFERENCES `craft_locales` (`locale`) ON DELETE CASCADE ON UPDATE CASCADE;

--
-- Constraints for table `craft_elements_i18n`
--
ALTER TABLE `craft_elements_i18n`
	ADD CONSTRAINT `craft_elements_i18n_elementId_fk` FOREIGN KEY (`elementId`) REFERENCES `craft_elements` (`id`) ON DELETE CASCADE,
	ADD CONSTRAINT `craft_elements_i18n_locale_fk` FOREIGN KEY (`locale`) REFERENCES `craft_locales` (`locale`) ON DELETE CASCADE ON UPDATE CASCADE;

--
-- Constraints for table `craft_emailmessages`
--
ALTER TABLE `craft_emailmessages`
	ADD CONSTRAINT `craft_emailmessages_locale_fk` FOREIGN KEY (`locale`) REFERENCES `craft_locales` (`locale`) ON DELETE CASCADE ON UPDATE CASCADE;

--
-- Constraints for table `craft_entries`
--
ALTER TABLE `craft_entries`
	ADD CONSTRAINT `craft_entries_authorId_fk` FOREIGN KEY (`authorId`) REFERENCES `craft_users` (`id`) ON DELETE CASCADE,
	ADD CONSTRAINT `craft_entries_id_fk` FOREIGN KEY (`id`) REFERENCES `craft_elements` (`id`) ON DELETE CASCADE,
	ADD CONSTRAINT `craft_entries_sectionId_fk` FOREIGN KEY (`sectionId`) REFERENCES `craft_sections` (`id`) ON DELETE CASCADE,
	ADD CONSTRAINT `craft_entries_typeId_fk` FOREIGN KEY (`typeId`) REFERENCES `craft_entrytypes` (`id`) ON DELETE CASCADE;

--
-- Constraints for table `craft_entrydrafts`
--
ALTER TABLE `craft_entrydrafts`
	ADD CONSTRAINT `craft_entrydrafts_creatorId_fk` FOREIGN KEY (`creatorId`) REFERENCES `craft_users` (`id`) ON DELETE CASCADE,
	ADD CONSTRAINT `craft_entrydrafts_entryId_fk` FOREIGN KEY (`entryId`) REFERENCES `craft_entries` (`id`) ON DELETE CASCADE,
	ADD CONSTRAINT `craft_entrydrafts_locale_fk` FOREIGN KEY (`locale`) REFERENCES `craft_locales` (`locale`) ON DELETE CASCADE ON UPDATE CASCADE,
	ADD CONSTRAINT `craft_entrydrafts_sectionId_fk` FOREIGN KEY (`sectionId`) REFERENCES `craft_sections` (`id`) ON DELETE CASCADE;

--
-- Constraints for table `craft_entrytypes`
--
ALTER TABLE `craft_entrytypes`
	ADD CONSTRAINT `craft_entrytypes_fieldLayoutId_fk` FOREIGN KEY (`fieldLayoutId`) REFERENCES `craft_fieldlayouts` (`id`) ON DELETE SET NULL,
	ADD CONSTRAINT `craft_entrytypes_sectionId_fk` FOREIGN KEY (`sectionId`) REFERENCES `craft_sections` (`id`) ON DELETE CASCADE;

--
-- Constraints for table `craft_entryversions`
--
ALTER TABLE `craft_entryversions`
	ADD CONSTRAINT `craft_entryversions_creatorId_fk` FOREIGN KEY (`creatorId`) REFERENCES `craft_users` (`id`) ON DELETE SET NULL,
	ADD CONSTRAINT `craft_entryversions_entryId_fk` FOREIGN KEY (`entryId`) REFERENCES `craft_entries` (`id`) ON DELETE CASCADE,
	ADD CONSTRAINT `craft_entryversions_locale_fk` FOREIGN KEY (`locale`) REFERENCES `craft_locales` (`locale`) ON DELETE CASCADE ON UPDATE CASCADE,
	ADD CONSTRAINT `craft_entryversions_sectionId_fk` FOREIGN KEY (`sectionId`) REFERENCES `craft_sections` (`id`) ON DELETE CASCADE;

--
-- Constraints for table `craft_fieldlayoutfields`
--
ALTER TABLE `craft_fieldlayoutfields`
	ADD CONSTRAINT `craft_fieldlayoutfields_fieldId_fk` FOREIGN KEY (`fieldId`) REFERENCES `craft_fields` (`id`) ON DELETE CASCADE,
	ADD CONSTRAINT `craft_fieldlayoutfields_layoutId_fk` FOREIGN KEY (`layoutId`) REFERENCES `craft_fieldlayouts` (`id`) ON DELETE CASCADE,
	ADD CONSTRAINT `craft_fieldlayoutfields_tabId_fk` FOREIGN KEY (`tabId`) REFERENCES `craft_fieldlayouttabs` (`id`) ON DELETE CASCADE;

--
-- Constraints for table `craft_fieldlayouttabs`
--
ALTER TABLE `craft_fieldlayouttabs`
	ADD CONSTRAINT `craft_fieldlayouttabs_layoutId_fk` FOREIGN KEY (`layoutId`) REFERENCES `craft_fieldlayouts` (`id`) ON DELETE CASCADE;

--
-- Constraints for table `craft_fields`
--
ALTER TABLE `craft_fields`
	ADD CONSTRAINT `craft_fields_groupId_fk` FOREIGN KEY (`groupId`) REFERENCES `craft_fieldgroups` (`id`) ON DELETE CASCADE;

--
-- Constraints for table `craft_globalsets`
--
ALTER TABLE `craft_globalsets`
	ADD CONSTRAINT `craft_globalsets_fieldLayoutId_fk` FOREIGN KEY (`fieldLayoutId`) REFERENCES `craft_fieldlayouts` (`id`) ON DELETE SET NULL,
	ADD CONSTRAINT `craft_globalsets_id_fk` FOREIGN KEY (`id`) REFERENCES `craft_elements` (`id`) ON DELETE CASCADE;

--
-- Constraints for table `craft_matrixblocks`
--
ALTER TABLE `craft_matrixblocks`
	ADD CONSTRAINT `craft_matrixblocks_fieldId_fk` FOREIGN KEY (`fieldId`) REFERENCES `craft_fields` (`id`) ON DELETE CASCADE,
	ADD CONSTRAINT `craft_matrixblocks_id_fk` FOREIGN KEY (`id`) REFERENCES `craft_elements` (`id`) ON DELETE CASCADE,
	ADD CONSTRAINT `craft_matrixblocks_ownerId_fk` FOREIGN KEY (`ownerId`) REFERENCES `craft_elements` (`id`) ON DELETE CASCADE,
	ADD CONSTRAINT `craft_matrixblocks_ownerLocale_fk` FOREIGN KEY (`ownerLocale`) REFERENCES `craft_locales` (`locale`) ON DELETE CASCADE ON UPDATE CASCADE,
	ADD CONSTRAINT `craft_matrixblocks_typeId_fk` FOREIGN KEY (`typeId`) REFERENCES `craft_matrixblocktypes` (`id`) ON DELETE CASCADE;

--
-- Constraints for table `craft_matrixblocktypes`
--
ALTER TABLE `craft_matrixblocktypes`
	ADD CONSTRAINT `craft_matrixblocktypes_fieldId_fk` FOREIGN KEY (`fieldId`) REFERENCES `craft_fields` (`id`) ON DELETE CASCADE,
	ADD CONSTRAINT `craft_matrixblocktypes_fieldLayoutId_fk` FOREIGN KEY (`fieldLayoutId`) REFERENCES `craft_fieldlayouts` (`id`) ON DELETE SET NULL;

--
-- Constraints for table `craft_matrixcontent_advertisement`
--
ALTER TABLE `craft_matrixcontent_advertisement`
	ADD CONSTRAINT `craft_matrixcontent_advertisement_elementId_fk` FOREIGN KEY (`elementId`) REFERENCES `craft_elements` (`id`) ON DELETE CASCADE,
	ADD CONSTRAINT `craft_matrixcontent_advertisement_locale_fk` FOREIGN KEY (`locale`) REFERENCES `craft_locales` (`locale`) ON DELETE CASCADE ON UPDATE CASCADE;

--
-- Constraints for table `craft_matrixcontent_bookingpanel`
--
ALTER TABLE `craft_matrixcontent_bookingpanel`
	ADD CONSTRAINT `craft_matrixcontent_bookingpanel_elementId_fk` FOREIGN KEY (`elementId`) REFERENCES `craft_elements` (`id`) ON DELETE CASCADE,
	ADD CONSTRAINT `craft_matrixcontent_bookingpanel_locale_fk` FOREIGN KEY (`locale`) REFERENCES `craft_locales` (`locale`) ON DELETE CASCADE ON UPDATE CASCADE;

--
-- Constraints for table `craft_matrixcontent_facilitieslist`
--
ALTER TABLE `craft_matrixcontent_facilitieslist`
	ADD CONSTRAINT `craft_matrixcontent_facilitieslist_elementId_fk` FOREIGN KEY (`elementId`) REFERENCES `craft_elements` (`id`) ON DELETE CASCADE,
	ADD CONSTRAINT `craft_matrixcontent_facilitieslist_locale_fk` FOREIGN KEY (`locale`) REFERENCES `craft_locales` (`locale`) ON DELETE CASCADE ON UPDATE CASCADE;

--
-- Constraints for table `craft_matrixcontent_featuredservices`
--
ALTER TABLE `craft_matrixcontent_featuredservices`
	ADD CONSTRAINT `craft_matrixcontent_featuredservices_elementId_fk` FOREIGN KEY (`elementId`) REFERENCES `craft_elements` (`id`) ON DELETE CASCADE,
	ADD CONSTRAINT `craft_matrixcontent_featuredservices_locale_fk` FOREIGN KEY (`locale`) REFERENCES `craft_locales` (`locale`) ON DELETE CASCADE ON UPDATE CASCADE;

--
-- Constraints for table `craft_matrixcontent_feedbackcarousel`
--
ALTER TABLE `craft_matrixcontent_feedbackcarousel`
	ADD CONSTRAINT `craft_matrixcontent_feedbackcarousel_elementId_fk` FOREIGN KEY (`elementId`) REFERENCES `craft_elements` (`id`) ON DELETE CASCADE,
	ADD CONSTRAINT `craft_matrixcontent_feedbackcarousel_locale_fk` FOREIGN KEY (`locale`) REFERENCES `craft_locales` (`locale`) ON DELETE CASCADE ON UPDATE CASCADE;

--
-- Constraints for table `craft_matrixcontent_pagecover`
--
ALTER TABLE `craft_matrixcontent_pagecover`
	ADD CONSTRAINT `craft_matrixcontent_pagecover_elementId_fk` FOREIGN KEY (`elementId`) REFERENCES `craft_elements` (`id`) ON DELETE CASCADE,
	ADD CONSTRAINT `craft_matrixcontent_pagecover_locale_fk` FOREIGN KEY (`locale`) REFERENCES `craft_locales` (`locale`) ON DELETE CASCADE ON UPDATE CASCADE;

--
-- Constraints for table `craft_matrixcontent_serviceslist`
--
ALTER TABLE `craft_matrixcontent_serviceslist`
	ADD CONSTRAINT `craft_matrixcontent_serviceslist_elementId_fk` FOREIGN KEY (`elementId`) REFERENCES `craft_elements` (`id`) ON DELETE CASCADE,
	ADD CONSTRAINT `craft_matrixcontent_serviceslist_locale_fk` FOREIGN KEY (`locale`) REFERENCES `craft_locales` (`locale`) ON DELETE CASCADE ON UPDATE CASCADE;

--
-- Constraints for table `craft_matrixcontent_topcarousel`
--
ALTER TABLE `craft_matrixcontent_topcarousel`
	ADD CONSTRAINT `craft_matrixcontent_topcarousel_elementId_fk` FOREIGN KEY (`elementId`) REFERENCES `craft_elements` (`id`) ON DELETE CASCADE,
	ADD CONSTRAINT `craft_matrixcontent_topcarousel_locale_fk` FOREIGN KEY (`locale`) REFERENCES `craft_locales` (`locale`) ON DELETE CASCADE ON UPDATE CASCADE;

--
-- Constraints for table `craft_migrations`
--
ALTER TABLE `craft_migrations`
	ADD CONSTRAINT `craft_migrations_pluginId_fk` FOREIGN KEY (`pluginId`) REFERENCES `craft_plugins` (`id`) ON DELETE CASCADE;

--
-- Constraints for table `craft_relations`
--
ALTER TABLE `craft_relations`
	ADD CONSTRAINT `craft_relations_fieldId_fk` FOREIGN KEY (`fieldId`) REFERENCES `craft_fields` (`id`) ON DELETE CASCADE,
	ADD CONSTRAINT `craft_relations_sourceId_fk` FOREIGN KEY (`sourceId`) REFERENCES `craft_elements` (`id`) ON DELETE CASCADE,
	ADD CONSTRAINT `craft_relations_sourceLocale_fk` FOREIGN KEY (`sourceLocale`) REFERENCES `craft_locales` (`locale`) ON DELETE CASCADE ON UPDATE CASCADE,
	ADD CONSTRAINT `craft_relations_targetId_fk` FOREIGN KEY (`targetId`) REFERENCES `craft_elements` (`id`) ON DELETE CASCADE;

--
-- Constraints for table `craft_routes`
--
ALTER TABLE `craft_routes`
	ADD CONSTRAINT `craft_routes_locale_fk` FOREIGN KEY (`locale`) REFERENCES `craft_locales` (`locale`) ON DELETE CASCADE ON UPDATE CASCADE;

--
-- Constraints for table `craft_sections`
--
ALTER TABLE `craft_sections`
	ADD CONSTRAINT `craft_sections_structureId_fk` FOREIGN KEY (`structureId`) REFERENCES `craft_structures` (`id`) ON DELETE SET NULL;

--
-- Constraints for table `craft_sections_i18n`
--
ALTER TABLE `craft_sections_i18n`
	ADD CONSTRAINT `craft_sections_i18n_locale_fk` FOREIGN KEY (`locale`) REFERENCES `craft_locales` (`locale`) ON DELETE CASCADE ON UPDATE CASCADE,
	ADD CONSTRAINT `craft_sections_i18n_sectionId_fk` FOREIGN KEY (`sectionId`) REFERENCES `craft_sections` (`id`) ON DELETE CASCADE;

--
-- Constraints for table `craft_sessions`
--
ALTER TABLE `craft_sessions`
	ADD CONSTRAINT `craft_sessions_userId_fk` FOREIGN KEY (`userId`) REFERENCES `craft_users` (`id`) ON DELETE CASCADE;

--
-- Constraints for table `craft_shunnedmessages`
--
ALTER TABLE `craft_shunnedmessages`
	ADD CONSTRAINT `craft_shunnedmessages_userId_fk` FOREIGN KEY (`userId`) REFERENCES `craft_users` (`id`) ON DELETE CASCADE;

--
-- Constraints for table `craft_structureelements`
--
ALTER TABLE `craft_structureelements`
	ADD CONSTRAINT `craft_structureelements_elementId_fk` FOREIGN KEY (`elementId`) REFERENCES `craft_elements` (`id`) ON DELETE CASCADE,
	ADD CONSTRAINT `craft_structureelements_structureId_fk` FOREIGN KEY (`structureId`) REFERENCES `craft_structures` (`id`) ON DELETE CASCADE;

--
-- Constraints for table `craft_taggroups`
--
ALTER TABLE `craft_taggroups`
	ADD CONSTRAINT `craft_taggroups_fieldLayoutId_fk` FOREIGN KEY (`fieldLayoutId`) REFERENCES `craft_fieldlayouts` (`id`) ON DELETE SET NULL;

--
-- Constraints for table `craft_tags`
--
ALTER TABLE `craft_tags`
	ADD CONSTRAINT `craft_tags_groupId_fk` FOREIGN KEY (`groupId`) REFERENCES `craft_taggroups` (`id`) ON DELETE CASCADE,
	ADD CONSTRAINT `craft_tags_id_fk` FOREIGN KEY (`id`) REFERENCES `craft_elements` (`id`) ON DELETE CASCADE;

--
-- Constraints for table `craft_templatecachecriteria`
--
ALTER TABLE `craft_templatecachecriteria`
	ADD CONSTRAINT `craft_templatecachecriteria_cacheId_fk` FOREIGN KEY (`cacheId`) REFERENCES `craft_templatecaches` (`id`) ON DELETE CASCADE;

--
-- Constraints for table `craft_templatecacheelements`
--
ALTER TABLE `craft_templatecacheelements`
	ADD CONSTRAINT `craft_templatecacheelements_cacheId_fk` FOREIGN KEY (`cacheId`) REFERENCES `craft_templatecaches` (`id`) ON DELETE CASCADE,
	ADD CONSTRAINT `craft_templatecacheelements_elementId_fk` FOREIGN KEY (`elementId`) REFERENCES `craft_elements` (`id`) ON DELETE CASCADE;

--
-- Constraints for table `craft_templatecaches`
--
ALTER TABLE `craft_templatecaches`
	ADD CONSTRAINT `craft_templatecaches_locale_fk` FOREIGN KEY (`locale`) REFERENCES `craft_locales` (`locale`) ON DELETE CASCADE ON UPDATE CASCADE;

--
-- Constraints for table `craft_usergroups_users`
--
ALTER TABLE `craft_usergroups_users`
	ADD CONSTRAINT `craft_usergroups_users_groupId_fk` FOREIGN KEY (`groupId`) REFERENCES `craft_usergroups` (`id`) ON DELETE CASCADE,
	ADD CONSTRAINT `craft_usergroups_users_userId_fk` FOREIGN KEY (`userId`) REFERENCES `craft_users` (`id`) ON DELETE CASCADE;

--
-- Constraints for table `craft_userpermissions_usergroups`
--
ALTER TABLE `craft_userpermissions_usergroups`
	ADD CONSTRAINT `craft_userpermissions_usergroups_groupId_fk` FOREIGN KEY (`groupId`) REFERENCES `craft_usergroups` (`id`) ON DELETE CASCADE,
	ADD CONSTRAINT `craft_userpermissions_usergroups_permissionId_fk` FOREIGN KEY (`permissionId`) REFERENCES `craft_userpermissions` (`id`) ON DELETE CASCADE;

--
-- Constraints for table `craft_userpermissions_users`
--
ALTER TABLE `craft_userpermissions_users`
	ADD CONSTRAINT `craft_userpermissions_users_permissionId_fk` FOREIGN KEY (`permissionId`) REFERENCES `craft_userpermissions` (`id`) ON DELETE CASCADE,
	ADD CONSTRAINT `craft_userpermissions_users_userId_fk` FOREIGN KEY (`userId`) REFERENCES `craft_users` (`id`) ON DELETE CASCADE;

--
-- Constraints for table `craft_users`
--
ALTER TABLE `craft_users`
	ADD CONSTRAINT `craft_users_id_fk` FOREIGN KEY (`id`) REFERENCES `craft_elements` (`id`) ON DELETE CASCADE,
	ADD CONSTRAINT `craft_users_preferredLocale_fk` FOREIGN KEY (`preferredLocale`) REFERENCES `craft_locales` (`locale`) ON DELETE SET NULL ON UPDATE CASCADE;

--
-- Constraints for table `craft_widgets`
--
ALTER TABLE `craft_widgets`
	ADD CONSTRAINT `craft_widgets_userId_fk` FOREIGN KEY (`userId`) REFERENCES `craft_users` (`id`) ON DELETE CASCADE;

SET FOREIGN_KEY_CHECKS = 1;
