-- Generated by Craft v2.6.3013 on Apr 5, 2018, 9:34:13 AM.

--
-- Disable foreign key checks and autocommit.
--

SET FOREIGN_KEY_CHECKS = 0;
SET SQL_MODE = "NO_AUTO_VALUE_ON_ZERO";
SET AUTOCOMMIT = 0;
SET NAMES utf8;


DROP TABLE IF EXISTS `craft_assetfiles`;


--
-- Schema for table `craft_assetfiles`
--
CREATE TABLE `craft_assetfiles` (
  `id` int(11) NOT NULL,
  `sourceId` int(11) DEFAULT NULL,
  `folderId` int(11) NOT NULL,
  `filename` varchar(255) COLLATE utf8_unicode_ci NOT NULL,
  `kind` varchar(50) COLLATE utf8_unicode_ci NOT NULL DEFAULT 'unknown',
  `width` int(11) unsigned DEFAULT NULL,
  `height` int(11) unsigned DEFAULT NULL,
  `size` bigint(20) unsigned DEFAULT NULL,
  `dateModified` datetime DEFAULT NULL,
  `dateCreated` datetime NOT NULL,
  `dateUpdated` datetime NOT NULL,
  `uid` char(36) COLLATE utf8_unicode_ci NOT NULL DEFAULT '0',
  PRIMARY KEY (`id`),
  UNIQUE KEY `craft_assetfiles_filename_folderId_unq_idx` (`filename`,`folderId`),
  KEY `craft_assetfiles_sourceId_fk` (`sourceId`),
  KEY `craft_assetfiles_folderId_fk` (`folderId`)
) ENGINE=InnoDB DEFAULT CHARSET=utf8 COLLATE=utf8_unicode_ci;

--
-- Data for table `craft_assetfiles`
--

INSERT INTO `craft_assetfiles` (`id`, `sourceId`, `folderId`, `filename`, `kind`, `width`, `height`, `size`, `dateModified`, `dateCreated`, `dateUpdated`, `uid`) VALUES
 ('7', '1', '1', 'logo_inverse.png', 'image', '384', '210', '27647', '2018-04-02 11:34:19', '2018-04-02 11:34:19', '2018-04-02 11:34:19', '6cea7814-12e0-4158-9358-dbe1e7ebf0d3'),
 ('8', '1', '1', 'logo.png', 'image', '190', '103', '11941', '2018-04-02 11:34:19', '2018-04-02 11:34:20', '2018-04-02 11:34:20', 'b5832c6c-894a-42cb-ab07-3fd910a536d5'),
 ('22', '1', '1', 'facebook.png', 'image', '26', '26', '254', '2018-04-03 15:07:10', '2018-04-03 15:07:10', '2018-04-03 15:07:10', '8627a3ca-fe48-464e-880c-63ad46f0be4a'),
 ('23', '1', '1', 'instagram.png', 'image', '34', '34', '4726', '2018-04-03 15:07:10', '2018-04-03 15:07:11', '2018-04-03 15:07:11', '817b6f3f-d532-48f1-890b-f9cfc1959bb8'),
 ('24', '1', '1', 'twitter.png', 'image', '27', '27', '596', '2018-04-03 15:07:11', '2018-04-03 15:07:11', '2018-04-03 15:07:11', '7b5e116a-ecce-46b1-a8e9-04b53e7accfa'),
 ('25', '1', '1', 'youtube.png', 'image', '47', '19', '767', '2018-04-03 15:07:11', '2018-04-03 15:07:11', '2018-04-03 15:07:11', 'c41d5fc6-a393-4363-ab79-fbc5c9def53b'),
 ('30', '2', '2', 'art_cover_welcome_2.jpg', 'image', '1440', '440', '438585', '2018-04-03 16:29:27', '2018-04-03 16:29:27', '2018-04-03 16:29:27', 'c5f03467-9e30-447a-9155-e5257e4a733c'),
 ('31', '2', '2', 'art_cover_welcome.jpg', 'image', '1440', '440', '402540', '2018-04-03 16:29:28', '2018-04-03 16:29:28', '2018-04-03 16:29:28', 'e5e5bf29-ba61-46c3-bd99-166f7059adcf');



DROP TABLE IF EXISTS `craft_assetfolders`;


--
-- Schema for table `craft_assetfolders`
--
CREATE TABLE `craft_assetfolders` (
  `id` int(11) NOT NULL AUTO_INCREMENT,
  `parentId` int(11) DEFAULT NULL,
  `sourceId` int(11) DEFAULT NULL,
  `name` varchar(255) COLLATE utf8_unicode_ci NOT NULL,
  `path` varchar(255) COLLATE utf8_unicode_ci DEFAULT NULL,
  `dateCreated` datetime NOT NULL,
  `dateUpdated` datetime NOT NULL,
  `uid` char(36) COLLATE utf8_unicode_ci NOT NULL DEFAULT '0',
  PRIMARY KEY (`id`),
  UNIQUE KEY `craft_assetfolders_name_parentId_sourceId_unq_idx` (`name`,`parentId`,`sourceId`),
  KEY `craft_assetfolders_parentId_fk` (`parentId`),
  KEY `craft_assetfolders_sourceId_fk` (`sourceId`)
) ENGINE=InnoDB AUTO_INCREMENT=3 DEFAULT CHARSET=utf8 COLLATE=utf8_unicode_ci;

--
-- Data for table `craft_assetfolders`
--

INSERT INTO `craft_assetfolders` (`id`, `parentId`, `sourceId`, `name`, `path`, `dateCreated`, `dateUpdated`, `uid`) VALUES
 ('1', NULL, '1', 'Common Site Assets', '', '2018-04-02 10:00:46', '2018-04-02 10:00:46', '42685989-011d-401f-a8e4-ae15c6256c77'),
 ('2', NULL, '2', 'Carousel', '', '2018-04-03 16:27:07', '2018-04-03 16:27:07', '57c57f20-bdb0-48a6-b91d-c84310540803');



DROP TABLE IF EXISTS `craft_assetindexdata`;


--
-- Schema for table `craft_assetindexdata`
--
CREATE TABLE `craft_assetindexdata` (
  `id` int(11) NOT NULL AUTO_INCREMENT,
  `sessionId` varchar(36) COLLATE utf8_unicode_ci NOT NULL DEFAULT '',
  `sourceId` int(10) NOT NULL,
  `offset` int(10) NOT NULL,
  `uri` varchar(255) COLLATE utf8_unicode_ci DEFAULT NULL,
  `size` varchar(255) COLLATE utf8_unicode_ci DEFAULT NULL,
  `recordId` int(10) DEFAULT NULL,
  `dateCreated` datetime NOT NULL,
  `dateUpdated` datetime NOT NULL,
  `uid` char(36) COLLATE utf8_unicode_ci NOT NULL DEFAULT '0',
  PRIMARY KEY (`id`),
  UNIQUE KEY `craft_assetindexdata_sessionId_sourceId_offset_unq_idx` (`sessionId`,`sourceId`,`offset`),
  KEY `craft_assetindexdata_sourceId_fk` (`sourceId`)
) ENGINE=InnoDB DEFAULT CHARSET=utf8 COLLATE=utf8_unicode_ci;

DROP TABLE IF EXISTS `craft_assetsources`;


--
-- Schema for table `craft_assetsources`
--
CREATE TABLE `craft_assetsources` (
  `id` int(11) NOT NULL AUTO_INCREMENT,
  `name` varchar(255) COLLATE utf8_unicode_ci NOT NULL,
  `handle` varchar(255) COLLATE utf8_unicode_ci NOT NULL,
  `type` varchar(150) COLLATE utf8_unicode_ci NOT NULL,
  `settings` text COLLATE utf8_unicode_ci,
  `sortOrder` smallint(6) unsigned DEFAULT NULL,
  `fieldLayoutId` int(10) DEFAULT NULL,
  `dateCreated` datetime NOT NULL,
  `dateUpdated` datetime NOT NULL,
  `uid` char(36) COLLATE utf8_unicode_ci NOT NULL DEFAULT '0',
  PRIMARY KEY (`id`),
  UNIQUE KEY `craft_assetsources_name_unq_idx` (`name`),
  UNIQUE KEY `craft_assetsources_handle_unq_idx` (`handle`),
  KEY `craft_assetsources_fieldLayoutId_fk` (`fieldLayoutId`)
) ENGINE=InnoDB AUTO_INCREMENT=3 DEFAULT CHARSET=utf8 COLLATE=utf8_unicode_ci;

--
-- Data for table `craft_assetsources`
--

INSERT INTO `craft_assetsources` (`id`, `name`, `handle`, `type`, `settings`, `sortOrder`, `fieldLayoutId`, `dateCreated`, `dateUpdated`, `uid`) VALUES
 ('1', 'Common Site Assets', 'commonSiteAssets', 'Local', '{\"path\":\"{craftAssetsBasePath}\\/site\\/\",\"publicURLs\":\"1\",\"url\":\"{craftAssetsBaseUrl}\\/site\\/\"}', '1', '15', '2018-04-02 10:00:46', '2018-04-02 11:34:00', '143deac3-d41d-4320-8046-017946387849'),
 ('2', 'Carousel', 'carousel', 'Local', '{\"path\":\"{craftAssetsBasePath}\\/site\\/\",\"publicURLs\":\"1\",\"url\":\"{craftAssetsBaseUrl}\\/site\\/\"}', '2', '71', '2018-04-03 16:27:07', '2018-04-03 16:27:07', 'bac1ebca-1e42-4e36-a196-5bf393d2f19a');



DROP TABLE IF EXISTS `craft_assettransformindex`;


--
-- Schema for table `craft_assettransformindex`
--
CREATE TABLE `craft_assettransformindex` (
  `id` int(11) NOT NULL AUTO_INCREMENT,
  `fileId` int(11) NOT NULL,
  `filename` varchar(255) COLLATE utf8_unicode_ci DEFAULT NULL,
  `format` varchar(255) COLLATE utf8_unicode_ci DEFAULT NULL,
  `location` varchar(255) COLLATE utf8_unicode_ci NOT NULL,
  `sourceId` int(11) DEFAULT NULL,
  `fileExists` tinyint(1) DEFAULT NULL,
  `inProgress` tinyint(1) DEFAULT NULL,
  `dateIndexed` datetime DEFAULT NULL,
  `dateCreated` datetime NOT NULL,
  `dateUpdated` datetime NOT NULL,
  `uid` char(36) COLLATE utf8_unicode_ci NOT NULL DEFAULT '0',
  PRIMARY KEY (`id`),
  KEY `craft_assettransformindex_sourceId_fileId_location_idx` (`sourceId`,`fileId`,`location`)
) ENGINE=InnoDB DEFAULT CHARSET=utf8 COLLATE=utf8_unicode_ci;

DROP TABLE IF EXISTS `craft_assettransforms`;


--
-- Schema for table `craft_assettransforms`
--
CREATE TABLE `craft_assettransforms` (
  `id` int(11) NOT NULL AUTO_INCREMENT,
  `name` varchar(255) COLLATE utf8_unicode_ci NOT NULL,
  `handle` varchar(255) COLLATE utf8_unicode_ci NOT NULL,
  `mode` enum('stretch','fit','crop') COLLATE utf8_unicode_ci NOT NULL DEFAULT 'crop',
  `position` enum('top-left','top-center','top-right','center-left','center-center','center-right','bottom-left','bottom-center','bottom-right') COLLATE utf8_unicode_ci NOT NULL DEFAULT 'center-center',
  `height` int(10) DEFAULT NULL,
  `width` int(10) DEFAULT NULL,
  `format` varchar(255) COLLATE utf8_unicode_ci DEFAULT NULL,
  `quality` int(10) DEFAULT NULL,
  `dimensionChangeTime` datetime DEFAULT NULL,
  `dateCreated` datetime NOT NULL,
  `dateUpdated` datetime NOT NULL,
  `uid` char(36) COLLATE utf8_unicode_ci NOT NULL DEFAULT '0',
  PRIMARY KEY (`id`),
  UNIQUE KEY `craft_assettransforms_name_unq_idx` (`name`),
  UNIQUE KEY `craft_assettransforms_handle_unq_idx` (`handle`)
) ENGINE=InnoDB DEFAULT CHARSET=utf8 COLLATE=utf8_unicode_ci;

DROP TABLE IF EXISTS `craft_categories`;


--
-- Schema for table `craft_categories`
--
CREATE TABLE `craft_categories` (
  `id` int(11) NOT NULL,
  `groupId` int(11) NOT NULL,
  `dateCreated` datetime NOT NULL,
  `dateUpdated` datetime NOT NULL,
  `uid` char(36) COLLATE utf8_unicode_ci NOT NULL DEFAULT '0',
  PRIMARY KEY (`id`),
  KEY `craft_categories_groupId_fk` (`groupId`)
) ENGINE=InnoDB DEFAULT CHARSET=utf8 COLLATE=utf8_unicode_ci;

DROP TABLE IF EXISTS `craft_categorygroups`;


--
-- Schema for table `craft_categorygroups`
--
CREATE TABLE `craft_categorygroups` (
  `id` int(11) NOT NULL AUTO_INCREMENT,
  `structureId` int(11) NOT NULL,
  `fieldLayoutId` int(11) DEFAULT NULL,
  `name` varchar(255) COLLATE utf8_unicode_ci NOT NULL,
  `handle` varchar(255) COLLATE utf8_unicode_ci NOT NULL,
  `hasUrls` tinyint(1) unsigned NOT NULL DEFAULT '1',
  `template` varchar(500) COLLATE utf8_unicode_ci DEFAULT NULL,
  `dateCreated` datetime NOT NULL,
  `dateUpdated` datetime NOT NULL,
  `uid` char(36) COLLATE utf8_unicode_ci NOT NULL DEFAULT '0',
  PRIMARY KEY (`id`),
  UNIQUE KEY `craft_categorygroups_name_unq_idx` (`name`),
  UNIQUE KEY `craft_categorygroups_handle_unq_idx` (`handle`),
  KEY `craft_categorygroups_structureId_fk` (`structureId`),
  KEY `craft_categorygroups_fieldLayoutId_fk` (`fieldLayoutId`)
) ENGINE=InnoDB DEFAULT CHARSET=utf8 COLLATE=utf8_unicode_ci;

DROP TABLE IF EXISTS `craft_categorygroups_i18n`;


--
-- Schema for table `craft_categorygroups_i18n`
--
CREATE TABLE `craft_categorygroups_i18n` (
  `id` int(11) NOT NULL AUTO_INCREMENT,
  `groupId` int(11) NOT NULL,
  `locale` char(12) COLLATE utf8_unicode_ci NOT NULL,
  `urlFormat` text COLLATE utf8_unicode_ci,
  `nestedUrlFormat` text COLLATE utf8_unicode_ci,
  `dateCreated` datetime NOT NULL,
  `dateUpdated` datetime NOT NULL,
  `uid` char(36) COLLATE utf8_unicode_ci NOT NULL DEFAULT '0',
  PRIMARY KEY (`id`),
  UNIQUE KEY `craft_categorygroups_i18n_groupId_locale_unq_idx` (`groupId`,`locale`),
  KEY `craft_categorygroups_i18n_locale_fk` (`locale`)
) ENGINE=InnoDB DEFAULT CHARSET=utf8 COLLATE=utf8_unicode_ci;

DROP TABLE IF EXISTS `craft_content`;


--
-- Schema for table `craft_content`
--
CREATE TABLE `craft_content` (
  `id` int(11) NOT NULL AUTO_INCREMENT,
  `elementId` int(11) NOT NULL,
  `locale` char(12) COLLATE utf8_unicode_ci NOT NULL,
  `title` varchar(255) COLLATE utf8_unicode_ci DEFAULT NULL,
  `field_body` text COLLATE utf8_unicode_ci,
  `field_phoneNumber` varchar(20) COLLATE utf8_unicode_ci DEFAULT NULL,
  `field_foundationYear` varchar(4) COLLATE utf8_unicode_ci DEFAULT NULL,
  `field_addressLine1` text COLLATE utf8_unicode_ci,
  `field_addressLine2` text COLLATE utf8_unicode_ci,
  `field_addressLine3` text COLLATE utf8_unicode_ci,
  `field_companyTitle` text COLLATE utf8_unicode_ci,
  `field_logocolored` text COLLATE utf8_unicode_ci,
  `field_logogreyed` text COLLATE utf8_unicode_ci,
  `field_showInMenu` tinyint(1) unsigned NOT NULL DEFAULT '0',
  `field_sortingOrder` tinyint(3) unsigned DEFAULT '0',
  `field_showInFooter` tinyint(1) unsigned NOT NULL DEFAULT '0',
  `field_footerSortingOrder` tinyint(3) unsigned DEFAULT '0',
  `field_socialLink` text COLLATE utf8_unicode_ci,
  `dateCreated` datetime NOT NULL,
  `dateUpdated` datetime NOT NULL,
  `uid` char(36) COLLATE utf8_unicode_ci NOT NULL DEFAULT '0',
  PRIMARY KEY (`id`),
  UNIQUE KEY `craft_content_elementId_locale_unq_idx` (`elementId`,`locale`),
  KEY `craft_content_title_idx` (`title`),
  KEY `craft_content_locale_fk` (`locale`)
) ENGINE=InnoDB AUTO_INCREMENT=31 DEFAULT CHARSET=utf8 COLLATE=utf8_unicode_ci;

--
-- Data for table `craft_content`
--

INSERT INTO `craft_content` (`id`, `elementId`, `locale`, `title`, `field_body`, `field_phoneNumber`, `field_foundationYear`, `field_addressLine1`, `field_addressLine2`, `field_addressLine3`, `field_companyTitle`, `field_logocolored`, `field_logogreyed`, `field_showInMenu`, `field_sortingOrder`, `field_showInFooter`, `field_footerSortingOrder`, `field_socialLink`, `dateCreated`, `dateUpdated`, `uid`) VALUES
 ('1', '1', 'en', NULL, NULL, NULL, NULL, NULL, NULL, NULL, NULL, NULL, NULL, '0', '0', '0', '0', NULL, '2018-03-28 09:59:37', '2018-03-28 14:48:51', 'f2591d2b-3295-452f-baf7-7b08738d7f71'),
 ('2', '2', 'en', 'Welcome to Localhost!', '<p>It’s true, this site doesn’t have a whole lot of content yet, but don’t worry. Our web developers have just installed the CMS, and they’re setting things up for the content editors this very moment. Soon Localhost will be an oasis of fresh perspectives, sharp analyses, and astute opinions that will keep you coming back again and again.</p>', NULL, NULL, NULL, NULL, NULL, NULL, NULL, NULL, '0', '0', '0', '0', NULL, '2018-03-28 09:59:41', '2018-04-02 08:22:04', '73fb41aa-b1f5-49fe-bc06-01fcd7890729'),
 ('3', '3', 'en', 'We just installed Craft!', '<p>Craft is the CMS that’s powering Localhost. It’s beautiful, powerful, flexible, and easy-to-use, and it’s made by Pixel &amp; Tonic. We can’t wait to dive in and see what it’s capable of!</p><!--pagebreak--><p>This is even more captivating content, which you couldn’t see on the News index page because it was entered after a Page Break, and the News index template only likes to show the content on the first page.</p><p>Craft: a nice alternative to Word, if you’re making a website.</p>', NULL, NULL, NULL, NULL, NULL, NULL, NULL, NULL, '0', '0', '0', '0', NULL, '2018-03-28 09:59:41', '2018-03-28 09:59:41', 'a5479f8d-dc1b-448e-a7ac-9c08e8e4c9ed'),
 ('4', '4', 'en', NULL, NULL, '0131  333 1222', '2017', 'Hallyards Farm House', 'Kirkliston', 'EH29 9DZ', 'Bark n’ Fly', '', '', '0', '0', '0', '0', NULL, '2018-04-02 08:37:52', '2018-04-02 09:34:36', 'bb6d9360-a1ab-4e7d-a83a-a220d215d61f'),
 ('7', '7', 'en', 'Logo Inverse', NULL, NULL, NULL, NULL, NULL, NULL, NULL, NULL, NULL, '0', '0', '0', '0', NULL, '2018-04-02 11:34:19', '2018-04-02 11:34:19', 'c7bdf9ef-98f6-4d78-8ed4-ae8dcc63168c'),
 ('8', '8', 'en', 'Logo', NULL, NULL, NULL, NULL, NULL, NULL, NULL, NULL, NULL, '0', '0', '0', '0', NULL, '2018-04-02 11:34:19', '2018-04-02 11:34:19', 'd7ac739a-ed5d-4a72-bf1a-2bddd21cf0c5'),
 ('9', '9', 'en', 'Home', NULL, NULL, NULL, NULL, NULL, NULL, NULL, NULL, NULL, '1', '0', '0', '0', NULL, '2018-04-02 15:22:42', '2018-04-04 11:28:18', '46bdc63d-556d-4519-b711-24b5b386c3eb'),
 ('10', '11', 'en', 'Services', NULL, NULL, NULL, NULL, NULL, NULL, NULL, NULL, NULL, '1', '1', '1', '1', NULL, '2018-04-02 15:32:17', '2018-04-04 08:38:45', 'd6859674-a806-4fa5-8df7-3ec6649db423'),
 ('11', '12', 'en', 'Pricing', NULL, NULL, NULL, NULL, NULL, NULL, NULL, NULL, NULL, '1', '2', '0', '0', NULL, '2018-04-02 15:33:05', '2018-04-04 08:38:45', '35cf2f11-4576-49d0-9507-b5b17d57eb44'),
 ('12', '13', 'en', 'Facilities', NULL, NULL, NULL, NULL, NULL, NULL, NULL, NULL, NULL, '1', '3', '1', '2', NULL, '2018-04-02 15:33:24', '2018-04-04 08:38:45', '84c4c20b-5a2f-4a0c-9abe-d775f5846130'),
 ('13', '14', 'en', 'Training', NULL, NULL, NULL, NULL, NULL, NULL, NULL, NULL, NULL, '1', '4', '1', '5', NULL, '2018-04-02 15:34:08', '2018-04-04 08:38:45', 'a156c025-79c1-4d38-aa15-83d10920f173'),
 ('14', '15', 'en', 'About Us', NULL, NULL, NULL, NULL, NULL, NULL, NULL, NULL, NULL, '1', '5', '1', '3', NULL, '2018-04-02 15:34:22', '2018-04-04 08:38:45', 'f11572a6-123d-45b3-93ef-12d3f33f4de6'),
 ('15', '16', 'en', 'Pupparazzi', NULL, NULL, NULL, NULL, NULL, NULL, NULL, NULL, NULL, '1', '6', '1', '4', NULL, '2018-04-02 15:34:39', '2018-04-04 08:38:45', '06194597-e823-4990-9747-40d8072c0de9'),
 ('16', '17', 'en', 'Contact Us', NULL, NULL, NULL, NULL, NULL, NULL, NULL, NULL, NULL, '1', '7', '1', '6', NULL, '2018-04-02 15:34:57', '2018-04-04 08:38:45', '0b613315-cae3-446e-8fed-071416fc0b94'),
 ('17', '18', 'en', 'Privacy Policy', NULL, NULL, NULL, NULL, NULL, NULL, NULL, NULL, NULL, '0', '0', '1', '7', NULL, '2018-04-03 12:46:49', '2018-04-04 08:38:45', '40524f66-2c3e-4e62-b5ca-46666ca14e45'),
 ('18', '19', 'en', 'Terms & Conditions', NULL, NULL, NULL, NULL, NULL, NULL, NULL, NULL, NULL, '0', '0', '1', '8', NULL, '2018-04-03 12:47:28', '2018-04-04 08:38:45', 'e1cffd2f-24b3-44d9-b498-ebecce80e901'),
 ('19', '20', 'en', 'Cookies', NULL, NULL, NULL, NULL, NULL, NULL, NULL, NULL, NULL, '0', '0', '0', '9', NULL, '2018-04-03 12:47:50', '2018-04-04 08:38:46', '85175129-dfc1-4564-892f-4f511c09baf0'),
 ('20', '21', 'en', 'VAT registration: 264563488', NULL, NULL, NULL, NULL, NULL, NULL, NULL, NULL, NULL, '0', '0', '1', '10', NULL, '2018-04-03 12:48:26', '2018-04-04 08:38:46', '58d5488c-afcc-4d40-88be-95c7da828638'),
 ('21', '22', 'en', 'Facebook', NULL, NULL, NULL, NULL, NULL, NULL, NULL, NULL, NULL, '0', '0', '0', '0', NULL, '2018-04-03 15:07:10', '2018-04-03 15:07:10', '225803f9-6345-4292-b8fc-7d9007bb4bb0'),
 ('22', '23', 'en', 'Instagram', NULL, NULL, NULL, NULL, NULL, NULL, NULL, NULL, NULL, '0', '0', '0', '0', NULL, '2018-04-03 15:07:10', '2018-04-03 15:07:10', '4d9b6806-925c-465b-ad55-0eff2be16862'),
 ('23', '24', 'en', 'Twitter', NULL, NULL, NULL, NULL, NULL, NULL, NULL, NULL, NULL, '0', '0', '0', '0', NULL, '2018-04-03 15:07:11', '2018-04-03 15:07:11', '5c138031-648f-4a2e-b31e-1ce5d0591ae1'),
 ('24', '25', 'en', 'Youtube', NULL, NULL, NULL, NULL, NULL, NULL, NULL, NULL, NULL, '0', '0', '0', '0', NULL, '2018-04-03 15:07:11', '2018-04-03 15:07:11', '1a91fe72-bc52-473d-852e-90c48eaa35f3'),
 ('25', '26', 'en', 'Twitter', NULL, NULL, NULL, NULL, NULL, NULL, NULL, NULL, NULL, '0', '0', '0', '0', 'https://twitter.com/', '2018-04-03 15:08:30', '2018-04-03 15:08:30', '2e541c0d-d99f-4ab2-b01c-dcde492dfb41'),
 ('26', '27', 'en', 'Facebook', NULL, NULL, NULL, NULL, NULL, NULL, NULL, NULL, NULL, '0', '0', '0', '0', 'https://facebook.com/', '2018-04-03 15:08:59', '2018-04-03 15:08:59', 'a40c55a5-41da-4a29-98c2-35a3eaede3dd'),
 ('27', '28', 'en', 'Youtube', NULL, NULL, NULL, NULL, NULL, NULL, NULL, NULL, NULL, '0', '0', '0', '0', 'https://youtube.com/', '2018-04-03 15:09:19', '2018-04-03 15:09:19', '8653423a-284b-4a13-af04-652e442cbb94'),
 ('28', '29', 'en', 'Instagram', NULL, NULL, NULL, NULL, NULL, NULL, NULL, NULL, NULL, '0', '0', '0', '0', 'https://instagram.com/', '2018-04-03 15:09:33', '2018-04-03 15:09:33', 'fbe341e7-0258-446c-90f9-3d3425d98703'),
 ('29', '30', 'en', 'Art Cover Welcome 2', NULL, NULL, NULL, NULL, NULL, NULL, NULL, NULL, NULL, '0', '0', '0', '0', NULL, '2018-04-03 16:29:27', '2018-04-03 16:29:27', 'e4c3c6e7-2782-4dd9-80c5-f43b7f4f9c89'),
 ('30', '31', 'en', 'Art Cover Welcome', NULL, NULL, NULL, NULL, NULL, NULL, NULL, NULL, NULL, '0', '0', '0', '0', NULL, '2018-04-03 16:29:28', '2018-04-03 16:29:28', 'e08a3375-ac98-4c55-a472-aaff60bb551e');



DROP TABLE IF EXISTS `craft_deprecationerrors`;


--
-- Schema for table `craft_deprecationerrors`
--
CREATE TABLE `craft_deprecationerrors` (
  `id` int(11) NOT NULL AUTO_INCREMENT,
  `key` varchar(255) COLLATE utf8_unicode_ci NOT NULL,
  `fingerprint` varchar(255) COLLATE utf8_unicode_ci NOT NULL,
  `lastOccurrence` datetime NOT NULL,
  `file` varchar(255) COLLATE utf8_unicode_ci NOT NULL,
  `line` smallint(6) unsigned NOT NULL,
  `class` varchar(255) COLLATE utf8_unicode_ci DEFAULT NULL,
  `method` varchar(255) COLLATE utf8_unicode_ci DEFAULT NULL,
  `template` varchar(255) COLLATE utf8_unicode_ci DEFAULT NULL,
  `templateLine` smallint(6) unsigned DEFAULT NULL,
  `message` varchar(255) COLLATE utf8_unicode_ci DEFAULT NULL,
  `traces` text COLLATE utf8_unicode_ci,
  `dateCreated` datetime NOT NULL,
  `dateUpdated` datetime NOT NULL,
  `uid` char(36) COLLATE utf8_unicode_ci NOT NULL DEFAULT '0',
  PRIMARY KEY (`id`),
  UNIQUE KEY `craft_deprecationerrors_key_fingerprint_unq_idx` (`key`,`fingerprint`)
) ENGINE=InnoDB DEFAULT CHARSET=utf8 COLLATE=utf8_unicode_ci;

DROP TABLE IF EXISTS `craft_elementindexsettings`;


--
-- Schema for table `craft_elementindexsettings`
--
CREATE TABLE `craft_elementindexsettings` (
  `id` int(11) NOT NULL AUTO_INCREMENT,
  `type` varchar(150) COLLATE utf8_unicode_ci NOT NULL,
  `settings` text COLLATE utf8_unicode_ci,
  `dateCreated` datetime NOT NULL,
  `dateUpdated` datetime NOT NULL,
  `uid` char(36) COLLATE utf8_unicode_ci NOT NULL DEFAULT '0',
  PRIMARY KEY (`id`),
  UNIQUE KEY `craft_elementindexsettings_type_unq_idx` (`type`)
) ENGINE=InnoDB AUTO_INCREMENT=12 DEFAULT CHARSET=utf8 COLLATE=utf8_unicode_ci;

--
-- Data for table `craft_elementindexsettings`
--

INSERT INTO `craft_elementindexsettings` (`id`, `type`, `settings`, `dateCreated`, `dateUpdated`, `uid`) VALUES
 ('1', 'Entry', '{\"sources\":{\"section:3\":{\"tableAttributes\":{\"1\":\"link\",\"2\":\"slug\",\"3\":\"field:11\",\"4\":\"field:15\",\"5\":\"field:16\",\"6\":\"field:17\",\"7\":\"type\"}},\"section:2\":{\"tableAttributes\":{\"1\":\"postDate\",\"2\":\"expiryDate\",\"3\":\"link\"}},\"singles\":{\"tableAttributes\":{\"1\":\"link\",\"2\":\"section\"}},\"*\":{\"tableAttributes\":{\"1\":\"section\",\"2\":\"postDate\",\"3\":\"expiryDate\",\"4\":\"link\"}}}}', '2018-04-02 14:05:13', '2018-04-03 16:23:07', 'a9e1ec3a-6c51-4f56-bd38-e96691dd00a4'),
 ('8', 'Asset', '{\"sourceOrder\":[[\"key\",\"folder:1\"],[\"heading\",\"asdf\"]],\"sources\":{\"folder:1\":{\"tableAttributes\":{\"1\":\"filename\",\"2\":\"size\",\"3\":\"dateModified\"}}}}', '2018-04-03 16:24:05', '2018-04-03 16:24:44', 'facc1d5c-d48c-4011-aa0b-2e63cf6d48bd');



DROP TABLE IF EXISTS `craft_elements`;


--
-- Schema for table `craft_elements`
--
CREATE TABLE `craft_elements` (
  `id` int(11) NOT NULL AUTO_INCREMENT,
  `type` varchar(150) COLLATE utf8_unicode_ci NOT NULL,
  `enabled` tinyint(1) unsigned NOT NULL DEFAULT '1',
  `archived` tinyint(1) unsigned NOT NULL DEFAULT '0',
  `dateCreated` datetime NOT NULL,
  `dateUpdated` datetime NOT NULL,
  `uid` char(36) COLLATE utf8_unicode_ci NOT NULL DEFAULT '0',
  PRIMARY KEY (`id`),
  KEY `craft_elements_type_idx` (`type`),
  KEY `craft_elements_enabled_idx` (`enabled`),
  KEY `craft_elements_archived_dateCreated_idx` (`archived`,`dateCreated`)
) ENGINE=InnoDB AUTO_INCREMENT=34 DEFAULT CHARSET=utf8 COLLATE=utf8_unicode_ci;

--
-- Data for table `craft_elements`
--

INSERT INTO `craft_elements` (`id`, `type`, `enabled`, `archived`, `dateCreated`, `dateUpdated`, `uid`) VALUES
 ('1', 'User', '1', '0', '2018-03-28 09:59:37', '2018-03-28 14:48:51', '8df939f1-b5f6-4f1a-84d0-503a74055fa1'),
 ('2', 'Entry', '1', '0', '2018-03-28 09:59:41', '2018-04-02 08:22:04', 'a5637297-e424-49ac-8709-e8c6ef4db405'),
 ('3', 'Entry', '1', '0', '2018-03-28 09:59:41', '2018-03-28 09:59:41', '65ed17b1-ad84-48b5-9ec9-9facbcf7b1a6'),
 ('4', 'GlobalSet', '1', '0', '2018-04-02 08:37:52', '2018-04-02 09:34:36', 'a328626e-4f92-4ae4-b63e-21ffdd88c76e'),
 ('7', 'Asset', '1', '0', '2018-04-02 11:34:19', '2018-04-02 11:34:19', 'f3b477c7-3304-4c42-8d00-4bbe26c9e8a1'),
 ('8', 'Asset', '1', '0', '2018-04-02 11:34:19', '2018-04-02 11:34:19', '057f5065-4e61-462d-a8b1-285b54f1505a'),
 ('9', 'Entry', '1', '0', '2018-04-02 15:22:42', '2018-04-04 11:28:18', '02c42c26-793f-40a0-9d53-c0e2e754b704'),
 ('10', 'MatrixBlock', '1', '0', '2018-04-02 15:22:42', '2018-04-04 11:28:18', '9d008297-7305-4187-b065-e98be0239899'),
 ('11', 'Entry', '1', '0', '2018-04-02 15:32:17', '2018-04-04 08:38:45', 'a18e01e6-270a-4259-aea7-7fa5553f58c8'),
 ('12', 'Entry', '1', '0', '2018-04-02 15:33:05', '2018-04-04 08:38:45', 'fb1e5793-9493-4d97-933f-81766da355f9'),
 ('13', 'Entry', '1', '0', '2018-04-02 15:33:24', '2018-04-04 08:38:45', '8e5856fe-32fd-43e4-9524-0b34dce8296c'),
 ('14', 'Entry', '1', '0', '2018-04-02 15:34:08', '2018-04-04 08:38:45', 'b7ea500c-5d04-4781-ae33-6ffd17a0f6fe'),
 ('15', 'Entry', '1', '0', '2018-04-02 15:34:22', '2018-04-04 08:38:45', '6f3a3816-2fad-4997-b8b9-43d21267a33b'),
 ('16', 'Entry', '1', '0', '2018-04-02 15:34:39', '2018-04-04 08:38:45', 'b429bcb1-76f3-4ba1-a84e-b7f13f5afe94'),
 ('17', 'Entry', '1', '0', '2018-04-02 15:34:57', '2018-04-04 08:38:45', 'f2acb3ca-2ee3-4950-93e5-7464fb20e44b'),
 ('18', 'Entry', '1', '0', '2018-04-03 12:46:49', '2018-04-04 08:38:45', '5583398a-b086-4915-95e5-9afc6111b4ab'),
 ('19', 'Entry', '1', '0', '2018-04-03 12:47:28', '2018-04-04 08:38:45', '9559d20b-91e9-4df4-b4a5-8766d196dbfb'),
 ('20', 'Entry', '1', '0', '2018-04-03 12:47:50', '2018-04-04 08:38:46', '8545b079-5f20-4e0f-8bf0-9e1333d22fa8'),
 ('21', 'Entry', '1', '0', '2018-04-03 12:48:26', '2018-04-04 08:38:46', '166febe8-de41-4630-8936-e612318b8eb4'),
 ('22', 'Asset', '1', '0', '2018-04-03 15:07:10', '2018-04-03 15:07:10', '269b50ab-fc84-4477-b557-45c15b1e6a3d'),
 ('23', 'Asset', '1', '0', '2018-04-03 15:07:10', '2018-04-03 15:07:10', '2ba3caf2-69f7-465a-8971-4ff09802f192'),
 ('24', 'Asset', '1', '0', '2018-04-03 15:07:11', '2018-04-03 15:07:11', 'de605099-15d4-4f6e-ac67-290e9732ad10'),
 ('25', 'Asset', '1', '0', '2018-04-03 15:07:11', '2018-04-03 15:07:11', 'bc6a81ba-53d7-4aa5-b1fa-d3b55a7d6a54'),
 ('26', 'Entry', '1', '0', '2018-04-03 15:08:30', '2018-04-03 15:08:30', '3a4553e5-0178-4e97-8f5b-bb78f3e2311a'),
 ('27', 'Entry', '1', '0', '2018-04-03 15:08:59', '2018-04-03 15:08:59', '117005e4-d394-4693-b04e-3d3f7179bbf7'),
 ('28', 'Entry', '1', '0', '2018-04-03 15:09:19', '2018-04-03 15:09:19', 'ff879fe4-624f-47d7-80ef-95422db00104'),
 ('29', 'Entry', '1', '0', '2018-04-03 15:09:33', '2018-04-03 15:09:33', '53f512fe-d198-4c2d-a609-984c33ca633c'),
 ('30', 'Asset', '1', '0', '2018-04-03 16:29:27', '2018-04-03 16:29:27', 'f3b6f2e8-858f-4155-b240-2ab1c64c419a'),
 ('31', 'Asset', '1', '0', '2018-04-03 16:29:28', '2018-04-03 16:29:28', '45e4bad1-b747-4843-88be-bdfeec46c60d'),
 ('32', 'MatrixBlock', '1', '0', '2018-04-03 16:32:55', '2018-04-04 11:28:18', 'fd385cbb-ee20-4d2d-8d14-626a40e112b0'),
 ('33', 'MatrixBlock', '1', '0', '2018-04-04 11:01:27', '2018-04-04 11:28:18', '10090924-f246-4ae8-8477-6fcb0eb510c2');



DROP TABLE IF EXISTS `craft_elements_i18n`;


--
-- Schema for table `craft_elements_i18n`
--
CREATE TABLE `craft_elements_i18n` (
  `id` int(11) NOT NULL AUTO_INCREMENT,
  `elementId` int(11) NOT NULL,
  `locale` char(12) COLLATE utf8_unicode_ci NOT NULL,
  `slug` varchar(255) COLLATE utf8_unicode_ci DEFAULT NULL,
  `uri` varchar(255) COLLATE utf8_unicode_ci DEFAULT NULL,
  `enabled` tinyint(1) unsigned NOT NULL DEFAULT '1',
  `dateCreated` datetime NOT NULL,
  `dateUpdated` datetime NOT NULL,
  `uid` char(36) COLLATE utf8_unicode_ci NOT NULL DEFAULT '0',
  PRIMARY KEY (`id`),
  UNIQUE KEY `craft_elements_i18n_elementId_locale_unq_idx` (`elementId`,`locale`),
  UNIQUE KEY `craft_elements_i18n_uri_locale_unq_idx` (`uri`,`locale`),
  KEY `craft_elements_i18n_slug_locale_idx` (`slug`,`locale`),
  KEY `craft_elements_i18n_enabled_idx` (`enabled`),
  KEY `craft_elements_i18n_locale_fk` (`locale`)
) ENGINE=InnoDB AUTO_INCREMENT=34 DEFAULT CHARSET=utf8 COLLATE=utf8_unicode_ci;

--
-- Data for table `craft_elements_i18n`
--

INSERT INTO `craft_elements_i18n` (`id`, `elementId`, `locale`, `slug`, `uri`, `enabled`, `dateCreated`, `dateUpdated`, `uid`) VALUES
 ('1', '1', 'en', '', NULL, '1', '2018-03-28 09:59:37', '2018-03-28 14:48:51', 'da06fe9f-d7be-411c-bd6b-0e0eefc4fef9'),
 ('2', '2', 'en', 'homepage', '__home__', '1', '2018-03-28 09:59:41', '2018-04-02 08:22:04', '9946bcf2-8dc4-4fa0-aaf0-651c51783d9c'),
 ('3', '3', 'en', 'we-just-installed-craft', 'news/2018/we-just-installed-craft', '1', '2018-03-28 09:59:41', '2018-03-28 09:59:41', 'e4b83fbc-a264-495e-9fdf-84fac1977981'),
 ('4', '4', 'en', '', NULL, '1', '2018-04-02 08:37:52', '2018-04-02 09:34:36', '55e995fb-f616-4a5a-8a45-44540d90fdc2'),
 ('7', '7', 'en', 'logo-inverse', NULL, '1', '2018-04-02 11:34:19', '2018-04-02 11:34:19', '54caca08-7fd7-4881-8bbc-7fd71bcc01a7'),
 ('8', '8', 'en', 'logo', NULL, '1', '2018-04-02 11:34:19', '2018-04-02 11:34:19', '180dc1cd-8e79-467f-8aed-825066d4077d'),
 ('9', '9', 'en', 'homepage', 'pages/homepage', '1', '2018-04-02 15:22:42', '2018-04-04 11:28:18', '3be026d8-692c-4c32-94ce-74f3537ccba5'),
 ('10', '10', 'en', '', NULL, '1', '2018-04-02 15:22:42', '2018-04-04 11:28:18', '64a0cc43-439a-4111-b12c-ba38963aee2f'),
 ('11', '11', 'en', 'services', 'pages/services', '1', '2018-04-02 15:32:17', '2018-04-04 08:38:45', '653aba2e-c547-48ce-8359-95bc69ae9184'),
 ('12', '12', 'en', 'pricing', 'pages/pricing', '1', '2018-04-02 15:33:05', '2018-04-04 08:38:45', '1bcb62cf-a5e4-4b88-a761-cba8cb0d90a2'),
 ('13', '13', 'en', 'facilities', 'pages/facilities', '1', '2018-04-02 15:33:24', '2018-04-04 08:38:45', '414e4a79-963a-4bff-81fb-75ca012c3505'),
 ('14', '14', 'en', 'training', 'pages/training', '1', '2018-04-02 15:34:08', '2018-04-04 08:38:45', '107edd4b-e5a5-400d-9977-3209531576d3'),
 ('15', '15', 'en', 'about-us', 'pages/about-us', '1', '2018-04-02 15:34:22', '2018-04-04 08:38:45', 'bdd09fab-53ae-4b84-b168-3123fea6c8d6'),
 ('16', '16', 'en', 'pupparazzi', 'pages/pupparazzi', '1', '2018-04-02 15:34:39', '2018-04-04 08:38:45', 'a788680c-1f98-4e55-a1b4-29e91660d8d1'),
 ('17', '17', 'en', 'contact-us', 'pages/contact-us', '1', '2018-04-02 15:34:57', '2018-04-04 08:38:45', '5f8c93a7-6691-4cb6-a6e0-344cbe4f028e'),
 ('18', '18', 'en', 'privacy-policy', 'pages/privacy-policy', '1', '2018-04-03 12:46:49', '2018-04-04 08:38:45', '3c3f1d10-d950-4def-b25c-5ce648fa2305'),
 ('19', '19', 'en', 'terms-conditions', 'pages/terms-conditions', '1', '2018-04-03 12:47:28', '2018-04-04 08:38:46', 'e1a84250-3fae-48f8-806e-e381ee0670a1'),
 ('20', '20', 'en', 'cookies', 'pages/cookies', '1', '2018-04-03 12:47:50', '2018-04-04 08:38:46', '18402755-7a46-4125-9610-8b855cd862ca'),
 ('21', '21', 'en', 'vat-registration-264563488', 'pages/vat-registration-264563488', '1', '2018-04-03 12:48:26', '2018-04-04 08:38:46', '15d3fcab-eabc-46c4-8bc4-bc03559bb1c6'),
 ('22', '22', 'en', 'facebook', NULL, '1', '2018-04-03 15:07:10', '2018-04-03 15:07:10', 'e9782e82-587a-4602-904f-90635e0c856b'),
 ('23', '23', 'en', 'instagram', NULL, '1', '2018-04-03 15:07:10', '2018-04-03 15:07:10', 'c4310fe3-fce1-46b9-b8c7-48654d0e36f4'),
 ('24', '24', 'en', 'twitter', NULL, '1', '2018-04-03 15:07:11', '2018-04-03 15:07:11', '4146fb33-8564-43b4-8811-0460ee7c880a'),
 ('25', '25', 'en', 'youtube', NULL, '1', '2018-04-03 15:07:11', '2018-04-03 15:07:11', 'a0fee25f-cfc9-42f5-ad6d-0f65a2fb5f5b'),
 ('26', '26', 'en', 'twitter', NULL, '1', '2018-04-03 15:08:30', '2018-04-03 15:08:30', 'c10be9cb-45d7-44e6-9e50-450201c70d68'),
 ('27', '27', 'en', 'facebook', NULL, '1', '2018-04-03 15:08:59', '2018-04-03 15:08:59', '10129301-1e7b-4e77-932a-8b5058880e29'),
 ('28', '28', 'en', 'youtube', NULL, '1', '2018-04-03 15:09:19', '2018-04-03 15:09:19', '63b5bcad-5ae6-4f3b-b590-55c65210eca0'),
 ('29', '29', 'en', 'instagram', NULL, '1', '2018-04-03 15:09:33', '2018-04-03 15:09:33', '41aa3baf-90cb-4c00-8364-4bd37d4e5863'),
 ('30', '30', 'en', 'art-cover-welcome-2', NULL, '1', '2018-04-03 16:29:27', '2018-04-03 16:29:27', '1b2e63cc-61ac-4751-b7ca-568d357b2329'),
 ('31', '31', 'en', 'art-cover-welcome', NULL, '1', '2018-04-03 16:29:28', '2018-04-03 16:29:28', '8bdd6944-266a-4720-9735-b0033d706e0a'),
 ('32', '32', 'en', '', NULL, '1', '2018-04-03 16:32:55', '2018-04-04 11:28:18', '68cd1a42-4c54-43e2-96d0-1fad291b5ace'),
 ('33', '33', 'en', '', NULL, '1', '2018-04-04 11:01:27', '2018-04-04 11:28:18', '0224e6b9-3469-4a85-985b-9a01306bde37');



DROP TABLE IF EXISTS `craft_emailmessages`;


--
-- Schema for table `craft_emailmessages`
--
CREATE TABLE `craft_emailmessages` (
  `id` int(11) NOT NULL AUTO_INCREMENT,
  `key` char(150) COLLATE utf8_unicode_ci NOT NULL,
  `locale` char(12) COLLATE utf8_unicode_ci NOT NULL,
  `subject` varchar(1000) COLLATE utf8_unicode_ci NOT NULL,
  `body` text COLLATE utf8_unicode_ci NOT NULL,
  `dateCreated` datetime NOT NULL,
  `dateUpdated` datetime NOT NULL,
  `uid` char(36) COLLATE utf8_unicode_ci NOT NULL DEFAULT '0',
  PRIMARY KEY (`id`),
  UNIQUE KEY `craft_emailmessages_key_locale_unq_idx` (`key`,`locale`),
  KEY `craft_emailmessages_locale_fk` (`locale`)
) ENGINE=InnoDB DEFAULT CHARSET=utf8 COLLATE=utf8_unicode_ci;

DROP TABLE IF EXISTS `craft_entries`;


--
-- Schema for table `craft_entries`
--
CREATE TABLE `craft_entries` (
  `id` int(11) NOT NULL,
  `sectionId` int(11) NOT NULL,
  `typeId` int(11) DEFAULT NULL,
  `authorId` int(11) DEFAULT NULL,
  `postDate` datetime DEFAULT NULL,
  `expiryDate` datetime DEFAULT NULL,
  `dateCreated` datetime NOT NULL,
  `dateUpdated` datetime NOT NULL,
  `uid` char(36) COLLATE utf8_unicode_ci NOT NULL DEFAULT '0',
  PRIMARY KEY (`id`),
  KEY `craft_entries_sectionId_idx` (`sectionId`),
  KEY `craft_entries_typeId_idx` (`typeId`),
  KEY `craft_entries_postDate_idx` (`postDate`),
  KEY `craft_entries_expiryDate_idx` (`expiryDate`),
  KEY `craft_entries_authorId_fk` (`authorId`)
) ENGINE=InnoDB DEFAULT CHARSET=utf8 COLLATE=utf8_unicode_ci;

--
-- Data for table `craft_entries`
--

INSERT INTO `craft_entries` (`id`, `sectionId`, `typeId`, `authorId`, `postDate`, `expiryDate`, `dateCreated`, `dateUpdated`, `uid`) VALUES
 ('2', '1', '1', NULL, '2018-04-02 08:22:03', NULL, '2018-03-28 09:59:41', '2018-04-02 08:22:03', '6e905ee2-8e5b-45b5-a202-41dff1a3aeb7'),
 ('3', '2', '2', '1', '2018-03-28 09:59:41', NULL, '2018-03-28 09:59:41', '2018-03-28 09:59:41', '3ffaf3c5-bd3f-4f5c-837d-4f673b65c9a2'),
 ('9', '3', '3', '1', '2018-04-02 15:22:00', NULL, '2018-04-02 15:22:42', '2018-04-04 11:28:18', '486094ed-cf30-4a8a-a193-447f6ddd0eb6'),
 ('11', '3', '4', '1', '2018-04-02 15:32:00', NULL, '2018-04-02 15:32:17', '2018-04-03 12:41:34', 'ee4a35ef-3924-4bd8-b772-dc24f1cbccc8'),
 ('12', '3', '5', '1', '2018-04-02 15:33:00', NULL, '2018-04-02 15:33:05', '2018-04-02 15:59:36', 'b4472a92-7cc2-41be-81d9-bb9f6829b547'),
 ('13', '3', '6', '1', '2018-04-02 15:33:00', NULL, '2018-04-02 15:33:24', '2018-04-03 12:41:45', 'c0d89e5d-881b-417c-8e2e-27f27ea866cf'),
 ('14', '3', '7', '1', '2018-04-02 15:34:00', NULL, '2018-04-02 15:34:08', '2018-04-03 12:42:10', '5aa3bed3-bbcc-4792-9853-93b8ddc0ca11'),
 ('15', '3', '8', '1', '2018-04-02 15:34:00', NULL, '2018-04-02 15:34:22', '2018-04-03 12:41:53', '858ad111-6777-4dc9-94ed-8634bfdf66b9'),
 ('16', '3', '9', '1', '2018-04-02 15:34:00', NULL, '2018-04-02 15:34:39', '2018-04-03 12:42:01', '3a3bde7c-6392-41a8-99aa-5a6091af25c7'),
 ('17', '3', '10', '1', '2018-04-02 15:34:00', NULL, '2018-04-02 15:34:57', '2018-04-03 12:42:25', '3a4a99e4-cafc-4b08-8590-d7790dbe95d3'),
 ('18', '3', '11', '1', '2018-04-03 12:46:49', NULL, '2018-04-03 12:46:49', '2018-04-03 12:46:49', '9d0946f8-dc28-4d47-96e2-563b838c7cf8'),
 ('19', '3', '11', '1', '2018-04-03 12:47:28', NULL, '2018-04-03 12:47:28', '2018-04-03 12:47:28', '44c363c0-3590-4e98-80b7-0bdef97a9cf6'),
 ('20', '3', '11', '1', '2018-04-03 12:47:50', NULL, '2018-04-03 12:47:50', '2018-04-03 12:47:50', '4448818c-6d58-46c4-980f-3862cdcb5bcf'),
 ('21', '3', '11', '1', '2018-04-03 12:48:26', NULL, '2018-04-03 12:48:26', '2018-04-03 12:48:26', '3845d1a6-7586-45df-972e-a848cdfc35d2'),
 ('26', '4', '12', '1', '2018-04-03 15:07:00', NULL, '2018-04-03 15:08:30', '2018-04-03 15:08:30', '87c3b2b6-cd08-4901-a7b2-d963318c9cbb'),
 ('27', '4', '12', '1', '2018-04-03 15:08:59', NULL, '2018-04-03 15:08:59', '2018-04-03 15:08:59', '795656e0-68fb-4473-9edd-1d024d25d1ea'),
 ('28', '4', '12', '1', '2018-04-03 15:09:19', NULL, '2018-04-03 15:09:19', '2018-04-03 15:09:19', '51b81bec-11f2-45e0-bd05-1e0a5aa1efb1'),
 ('29', '4', '12', '1', '2018-04-03 15:09:33', NULL, '2018-04-03 15:09:34', '2018-04-03 15:09:34', 'c30da4d9-72d6-4ef3-83cb-a0c164617e5e');



DROP TABLE IF EXISTS `craft_entrydrafts`;


--
-- Schema for table `craft_entrydrafts`
--
CREATE TABLE `craft_entrydrafts` (
  `id` int(11) NOT NULL AUTO_INCREMENT,
  `entryId` int(11) NOT NULL,
  `sectionId` int(11) NOT NULL,
  `creatorId` int(11) NOT NULL,
  `locale` char(12) COLLATE utf8_unicode_ci NOT NULL,
  `name` varchar(255) COLLATE utf8_unicode_ci NOT NULL,
  `notes` tinytext COLLATE utf8_unicode_ci,
  `data` mediumtext COLLATE utf8_unicode_ci NOT NULL,
  `dateCreated` datetime NOT NULL,
  `dateUpdated` datetime NOT NULL,
  `uid` char(36) COLLATE utf8_unicode_ci NOT NULL DEFAULT '0',
  PRIMARY KEY (`id`),
  KEY `craft_entrydrafts_entryId_locale_idx` (`entryId`,`locale`),
  KEY `craft_entrydrafts_sectionId_fk` (`sectionId`),
  KEY `craft_entrydrafts_creatorId_fk` (`creatorId`),
  KEY `craft_entrydrafts_locale_fk` (`locale`)
) ENGINE=InnoDB DEFAULT CHARSET=utf8 COLLATE=utf8_unicode_ci;

DROP TABLE IF EXISTS `craft_entrytypes`;


--
-- Schema for table `craft_entrytypes`
--
CREATE TABLE `craft_entrytypes` (
  `id` int(11) NOT NULL AUTO_INCREMENT,
  `sectionId` int(11) NOT NULL,
  `fieldLayoutId` int(11) DEFAULT NULL,
  `name` varchar(255) COLLATE utf8_unicode_ci NOT NULL,
  `handle` varchar(255) COLLATE utf8_unicode_ci NOT NULL,
  `hasTitleField` tinyint(1) unsigned NOT NULL DEFAULT '1',
  `titleLabel` varchar(255) COLLATE utf8_unicode_ci DEFAULT 'Title',
  `titleFormat` varchar(255) COLLATE utf8_unicode_ci DEFAULT NULL,
  `sortOrder` smallint(6) unsigned DEFAULT NULL,
  `dateCreated` datetime NOT NULL,
  `dateUpdated` datetime NOT NULL,
  `uid` char(36) COLLATE utf8_unicode_ci NOT NULL DEFAULT '0',
  PRIMARY KEY (`id`),
  UNIQUE KEY `craft_entrytypes_name_sectionId_unq_idx` (`name`,`sectionId`),
  UNIQUE KEY `craft_entrytypes_handle_sectionId_unq_idx` (`handle`,`sectionId`),
  KEY `craft_entrytypes_sectionId_fk` (`sectionId`),
  KEY `craft_entrytypes_fieldLayoutId_fk` (`fieldLayoutId`)
) ENGINE=InnoDB AUTO_INCREMENT=13 DEFAULT CHARSET=utf8 COLLATE=utf8_unicode_ci;

--
-- Data for table `craft_entrytypes`
--

INSERT INTO `craft_entrytypes` (`id`, `sectionId`, `fieldLayoutId`, `name`, `handle`, `hasTitleField`, `titleLabel`, `titleFormat`, `sortOrder`, `dateCreated`, `dateUpdated`, `uid`) VALUES
 ('1', '1', '3', 'Homepage', 'homepage', '1', 'Title', NULL, '1', '2018-03-28 09:59:41', '2018-03-28 09:59:41', 'ad51f669-f2e8-4113-870c-fbf060ee9763'),
 ('2', '2', '5', 'News', 'news', '1', 'Title', NULL, '1', '2018-03-28 09:59:41', '2018-03-28 09:59:41', '8fef13a0-8955-4928-aa6c-7dd67b012300'),
 ('3', '3', '76', 'Home Page', 'homePage', '1', 'Title', NULL, '1', '2018-04-02 13:55:56', '2018-04-04 09:17:40', 'ef393d08-9c89-4382-bfe7-4e061b737000'),
 ('4', '3', '60', 'Services Page', 'servicesPage', '1', 'Title', NULL, '2', '2018-04-02 15:01:27', '2018-04-03 12:39:37', '34910f26-d3c7-488d-9193-aee2ece6843c'),
 ('5', '3', '61', 'Pricing Page', 'pricingPage', '1', 'Title', NULL, '3', '2018-04-02 15:17:20', '2018-04-03 12:39:47', 'd971b4cb-060c-4ef9-9f01-f4fc9fceab8a'),
 ('6', '3', '62', 'Facilities Page', 'facilitiesPage', '1', 'Title', NULL, '4', '2018-04-02 15:17:39', '2018-04-03 12:40:04', '725c8b10-6fa6-4fa2-8195-9de7ba3ddf7b'),
 ('7', '3', '63', 'Training Page', 'trainingPage', '1', 'Title', NULL, '5', '2018-04-02 15:19:06', '2018-04-03 12:40:14', '41d83102-ad68-41a9-8960-c6da10cc6dbd'),
 ('8', '3', '64', 'About Us Page', 'aboutUsPage', '1', 'Title', NULL, '6', '2018-04-02 15:19:28', '2018-04-03 12:40:29', '010720ac-4849-4330-a65d-6f13dab2963d'),
 ('9', '3', '65', 'Pupparazzi Page', 'pupparazziPage', '1', 'Title', NULL, '7', '2018-04-02 15:19:53', '2018-04-03 12:40:38', 'd4570480-d255-464c-bbaa-c4baf06c247b'),
 ('10', '3', '66', 'Contact Us Page', 'contactUsPage', '1', 'Title', NULL, '8', '2018-04-02 15:20:12', '2018-04-03 12:40:48', 'fff601b4-b7f1-4e4a-adf3-f8b01e4e3ecf'),
 ('11', '3', '68', 'Mere Page', 'merePage', '1', 'Title', NULL, '9', '2018-04-03 12:46:06', '2018-04-03 12:48:40', '80fc7d5c-c3c8-4905-a4c0-97f363a472d1'),
 ('12', '4', '70', 'Social Links', 'socialLinks', '1', 'Title', NULL, '1', '2018-04-03 14:57:48', '2018-04-03 15:02:07', '89cac5b8-3b86-43eb-b271-713b1e753518');



DROP TABLE IF EXISTS `craft_entryversions`;


--
-- Schema for table `craft_entryversions`
--
CREATE TABLE `craft_entryversions` (
  `id` int(11) NOT NULL AUTO_INCREMENT,
  `entryId` int(11) NOT NULL,
  `sectionId` int(11) NOT NULL,
  `creatorId` int(11) DEFAULT NULL,
  `locale` char(12) COLLATE utf8_unicode_ci NOT NULL,
  `num` smallint(6) unsigned NOT NULL,
  `notes` tinytext COLLATE utf8_unicode_ci,
  `data` mediumtext COLLATE utf8_unicode_ci NOT NULL,
  `dateCreated` datetime NOT NULL,
  `dateUpdated` datetime NOT NULL,
  `uid` char(36) COLLATE utf8_unicode_ci NOT NULL DEFAULT '0',
  PRIMARY KEY (`id`),
  KEY `craft_entryversions_entryId_locale_idx` (`entryId`,`locale`),
  KEY `craft_entryversions_sectionId_fk` (`sectionId`),
  KEY `craft_entryversions_creatorId_fk` (`creatorId`),
  KEY `craft_entryversions_locale_fk` (`locale`)
) ENGINE=InnoDB AUTO_INCREMENT=55 DEFAULT CHARSET=utf8 COLLATE=utf8_unicode_ci;

--
-- Data for table `craft_entryversions`
--

INSERT INTO `craft_entryversions` (`id`, `entryId`, `sectionId`, `creatorId`, `locale`, `num`, `notes`, `data`, `dateCreated`, `dateUpdated`, `uid`) VALUES
 ('1', '2', '1', '1', 'en', '1', NULL, '{\"typeId\":\"1\",\"authorId\":null,\"title\":\"Homepage\",\"slug\":\"homepage\",\"postDate\":1522231181,\"expiryDate\":null,\"enabled\":1,\"parentId\":null,\"fields\":[]}', '2018-03-28 09:59:41', '2018-03-28 09:59:41', '7c5f78c9-4ede-4a78-9c45-e4bbde331c07'),
 ('2', '2', '1', '1', 'en', '2', NULL, '{\"typeId\":null,\"authorId\":null,\"title\":\"Welcome to Localhost!\",\"slug\":\"homepage\",\"postDate\":1522231181,\"expiryDate\":null,\"enabled\":\"1\",\"parentId\":null,\"fields\":{\"1\":\"<p>It\\u2019s true, this site doesn\\u2019t have a whole lot of content yet, but don\\u2019t worry. Our web developers have just installed the CMS, and they\\u2019re setting things up for the content editors this very moment. Soon Localhost will be an oasis of fresh perspectives, sharp analyses, and astute opinions that will keep you coming back again and again.<\\/p>\"}}', '2018-03-28 09:59:41', '2018-03-28 09:59:41', '01a0e689-434d-49f7-b478-67602e4bfdab'),
 ('3', '3', '2', '1', 'en', '1', NULL, '{\"typeId\":\"2\",\"authorId\":\"1\",\"title\":\"We just installed Craft!\",\"slug\":\"we-just-installed-craft\",\"postDate\":1522231181,\"expiryDate\":null,\"enabled\":1,\"parentId\":null,\"fields\":[]}', '2018-03-28 09:59:41', '2018-03-28 09:59:41', 'dd9e6475-1481-4498-831f-a4ec81e81f57'),
 ('4', '9', '3', '1', 'en', '1', '', '{\"typeId\":\"3\",\"authorId\":\"1\",\"title\":\"Home\",\"slug\":\"home\",\"postDate\":1522682520,\"expiryDate\":null,\"enabled\":1,\"parentId\":null,\"fields\":{\"11\":\"1\",\"12\":{\"10\":{\"type\":\"topCarousel\",\"enabled\":\"1\",\"fields\":{\"caption\":\"At Bark n\\u2019 Fly, we treat your dog as if it were our own\",\"coverpPcture\":[\"7\"]}}}}}', '2018-04-02 15:22:42', '2018-04-02 15:22:42', '1fb50fbd-66c4-427d-8aea-9efc38de6820'),
 ('5', '9', '3', '1', 'en', '2', '', '{\"typeId\":\"3\",\"authorId\":\"1\",\"title\":\"Home\",\"slug\":\"home\",\"postDate\":1522682520,\"expiryDate\":null,\"enabled\":1,\"parentId\":null,\"fields\":{\"11\":\"1\",\"12\":{\"10\":{\"type\":\"topCarousel\",\"enabled\":\"1\",\"fields\":{\"caption\":\"At Bark n\\u2019 Fly, we treat your dog\\r\\nas if it were our own\",\"coverpPcture\":[\"7\"]}}}}}', '2018-04-02 15:23:29', '2018-04-02 15:23:29', '2f246482-3735-453d-b436-c34b4271c8a9'),
 ('6', '11', '3', '1', 'en', '1', '', '{\"typeId\":\"4\",\"authorId\":\"1\",\"title\":\"Services\",\"slug\":\"services\",\"postDate\":1522683137,\"expiryDate\":null,\"enabled\":1,\"parentId\":null,\"fields\":{\"11\":\"1\"}}', '2018-04-02 15:32:17', '2018-04-02 15:32:17', 'e3a004b3-20bc-46c7-9523-cdfaaf801976'),
 ('7', '12', '3', '1', 'en', '1', '', '{\"typeId\":\"5\",\"authorId\":\"1\",\"title\":\"Pricing\",\"slug\":\"pricing\",\"postDate\":1522683185,\"expiryDate\":null,\"enabled\":1,\"parentId\":null,\"fields\":{\"11\":\"1\"}}', '2018-04-02 15:33:05', '2018-04-02 15:33:05', 'bcf35870-934e-4aba-bd87-449d5f929c66'),
 ('8', '13', '3', '1', 'en', '1', '', '{\"typeId\":\"3\",\"authorId\":\"1\",\"title\":\"Facilities\",\"slug\":\"facilities\",\"postDate\":1522683204,\"expiryDate\":null,\"enabled\":1,\"parentId\":null,\"fields\":{\"11\":\"1\",\"12\":[]}}', '2018-04-02 15:33:24', '2018-04-02 15:33:24', 'fb7d4ace-bbdb-440f-90ed-ca844d701a08'),
 ('9', '13', '3', '1', 'en', '2', '', '{\"typeId\":\"6\",\"authorId\":\"1\",\"title\":\"Facilities\",\"slug\":\"facilities\",\"postDate\":1522683180,\"expiryDate\":null,\"enabled\":1,\"parentId\":null,\"fields\":{\"11\":\"1\"}}', '2018-04-02 15:33:34', '2018-04-02 15:33:34', '569f4a94-1b72-4110-8035-0de126496e01'),
 ('10', '14', '3', '1', 'en', '1', '', '{\"typeId\":\"7\",\"authorId\":\"1\",\"title\":\"Training\",\"slug\":\"training\",\"postDate\":1522683248,\"expiryDate\":null,\"enabled\":1,\"parentId\":null,\"fields\":{\"11\":\"1\"}}', '2018-04-02 15:34:08', '2018-04-02 15:34:08', 'cb10288b-1c77-43a0-bab1-5ff7a80a9547'),
 ('11', '15', '3', '1', 'en', '1', '', '{\"typeId\":\"8\",\"authorId\":\"1\",\"title\":\"About Us\",\"slug\":\"about-us\",\"postDate\":1522683262,\"expiryDate\":null,\"enabled\":1,\"parentId\":null,\"fields\":{\"11\":\"1\"}}', '2018-04-02 15:34:22', '2018-04-02 15:34:22', 'e66ca676-0cde-4e44-8d88-caed3f33ffc7'),
 ('12', '16', '3', '1', 'en', '1', '', '{\"typeId\":\"9\",\"authorId\":\"1\",\"title\":\"Pupparazzi\",\"slug\":\"pupparazzi\",\"postDate\":1522683279,\"expiryDate\":null,\"enabled\":1,\"parentId\":null,\"fields\":{\"11\":\"1\"}}', '2018-04-02 15:34:39', '2018-04-02 15:34:39', '984f3e74-ea3e-445e-ad5c-1879eda6ca7c'),
 ('13', '17', '3', '1', 'en', '1', '', '{\"typeId\":\"10\",\"authorId\":\"1\",\"title\":\"Contact Us\",\"slug\":\"contact-us\",\"postDate\":1522683297,\"expiryDate\":null,\"enabled\":1,\"parentId\":null,\"fields\":{\"11\":\"1\"}}', '2018-04-02 15:34:57', '2018-04-02 15:34:57', 'a7057c73-58a5-4998-896f-fac577e5990a'),
 ('14', '15', '3', '1', 'en', '2', '', '{\"typeId\":\"8\",\"authorId\":\"1\",\"title\":\"About Us\",\"slug\":\"about-us\",\"postDate\":1522683240,\"expiryDate\":null,\"enabled\":1,\"parentId\":null,\"fields\":{\"11\":\"\"}}', '2018-04-02 15:53:07', '2018-04-02 15:53:07', 'b3fa4050-bb7d-4090-81a3-4aeabd199b45'),
 ('15', '17', '3', '1', 'en', '2', '', '{\"typeId\":\"10\",\"authorId\":\"1\",\"title\":\"Contact Us\",\"slug\":\"contact-us\",\"postDate\":1522683240,\"expiryDate\":null,\"enabled\":0,\"parentId\":null,\"fields\":{\"11\":\"1\"}}', '2018-04-02 15:53:30', '2018-04-02 15:53:30', 'b8ae9b1a-75be-4230-855f-fa738da9fa28'),
 ('16', '17', '3', '1', 'en', '3', '', '{\"typeId\":\"10\",\"authorId\":\"1\",\"title\":\"Contact Us\",\"slug\":\"contact-us\",\"postDate\":1522683240,\"expiryDate\":null,\"enabled\":1,\"parentId\":null,\"fields\":{\"11\":\"1\"}}', '2018-04-02 15:53:53', '2018-04-02 15:53:53', 'db484f95-cf9f-4774-b3da-8d5007dd75c7'),
 ('17', '15', '3', '1', 'en', '3', '', '{\"typeId\":\"8\",\"authorId\":\"1\",\"title\":\"About Us\",\"slug\":\"about-us\",\"postDate\":1522683240,\"expiryDate\":null,\"enabled\":1,\"parentId\":null,\"fields\":{\"11\":\"1\"}}', '2018-04-02 15:54:02', '2018-04-02 15:54:02', 'bd0e1073-4019-419e-8567-fff06bd55d0f'),
 ('18', '11', '3', '1', 'en', '2', '', '{\"typeId\":\"4\",\"authorId\":\"1\",\"title\":\"Services\",\"slug\":\"services\",\"postDate\":1522683120,\"expiryDate\":null,\"enabled\":1,\"parentId\":null,\"fields\":{\"11\":\"1\",\"15\":\"1\"}}', '2018-04-02 15:59:28', '2018-04-02 15:59:28', '425239f0-0050-4398-970e-08f985dbec5a'),
 ('19', '12', '3', '1', 'en', '2', '', '{\"typeId\":\"5\",\"authorId\":\"1\",\"title\":\"Pricing\",\"slug\":\"pricing\",\"postDate\":1522683180,\"expiryDate\":null,\"enabled\":1,\"parentId\":null,\"fields\":{\"11\":\"1\",\"15\":\"2\"}}', '2018-04-02 15:59:36', '2018-04-02 15:59:36', 'fcde5da8-8263-45c1-9292-846f3d8a96b3'),
 ('20', '13', '3', '1', 'en', '3', '', '{\"typeId\":\"6\",\"authorId\":\"1\",\"title\":\"Facilities\",\"slug\":\"facilities\",\"postDate\":1522683180,\"expiryDate\":null,\"enabled\":1,\"parentId\":null,\"fields\":{\"11\":\"1\",\"15\":\"3\"}}', '2018-04-02 16:01:13', '2018-04-02 16:01:13', 'd97f7a86-8732-4b75-a421-76249848bf50'),
 ('21', '14', '3', '1', 'en', '2', '', '{\"typeId\":\"7\",\"authorId\":\"1\",\"title\":\"Training\",\"slug\":\"training\",\"postDate\":1522683240,\"expiryDate\":null,\"enabled\":1,\"parentId\":null,\"fields\":{\"11\":\"1\",\"15\":\"4\"}}', '2018-04-02 16:01:26', '2018-04-02 16:01:26', '02065b09-381d-47bb-a252-26b2062b8c66'),
 ('22', '15', '3', '1', 'en', '4', '', '{\"typeId\":\"8\",\"authorId\":\"1\",\"title\":\"About Us\",\"slug\":\"about-us\",\"postDate\":1522683240,\"expiryDate\":null,\"enabled\":1,\"parentId\":null,\"fields\":{\"11\":\"1\",\"15\":\"5\"}}', '2018-04-02 16:01:33', '2018-04-02 16:01:33', '3d16bcfd-38b2-4ae2-99d9-ebc2ee3de1e8'),
 ('23', '16', '3', '1', 'en', '2', '', '{\"typeId\":\"9\",\"authorId\":\"1\",\"title\":\"Pupparazzi\",\"slug\":\"pupparazzi\",\"postDate\":1522683240,\"expiryDate\":null,\"enabled\":1,\"parentId\":null,\"fields\":{\"11\":\"1\",\"15\":\"6\"}}', '2018-04-02 16:01:39', '2018-04-02 16:01:39', '20d89dcc-3314-4f60-9eea-5250538729ab'),
 ('24', '17', '3', '1', 'en', '4', '', '{\"typeId\":\"10\",\"authorId\":\"1\",\"title\":\"Contact Us\",\"slug\":\"contact-us\",\"postDate\":1522683240,\"expiryDate\":null,\"enabled\":1,\"parentId\":null,\"fields\":{\"11\":\"1\",\"15\":\"7\"}}', '2018-04-02 16:01:49', '2018-04-02 16:01:49', '9cc5b97a-1f7c-4206-bc98-b15cf054e75e'),
 ('25', '11', '3', '1', 'en', '3', '', '{\"typeId\":\"4\",\"authorId\":\"1\",\"title\":\"Services\",\"slug\":\"service\",\"postDate\":1522683120,\"expiryDate\":null,\"enabled\":1,\"parentId\":null,\"fields\":{\"11\":\"1\",\"15\":\"1\"}}', '2018-04-03 08:37:52', '2018-04-03 08:37:52', 'ad30afa9-fccb-4771-881b-41f74d16d368'),
 ('26', '9', '3', '1', 'en', '3', '', '{\"typeId\":\"3\",\"authorId\":\"1\",\"title\":\"Home\",\"slug\":\"homepage\",\"postDate\":1522682520,\"expiryDate\":null,\"enabled\":1,\"parentId\":null,\"fields\":{\"11\":\"1\",\"15\":\"0\",\"12\":{\"10\":{\"type\":\"topCarousel\",\"enabled\":\"1\",\"fields\":{\"caption\":\"At Bark n\\u2019 Fly, we treat your dog\\r\\nas if it were our own\",\"coverpPcture\":[\"7\"]}}}}}', '2018-04-03 08:38:13', '2018-04-03 08:38:13', '27c47eb0-1318-4fa7-bc50-2e92cb100c6d'),
 ('27', '11', '3', '1', 'en', '4', '', '{\"typeId\":\"4\",\"authorId\":\"1\",\"title\":\"Services\",\"slug\":\"services\",\"postDate\":1522683120,\"expiryDate\":null,\"enabled\":1,\"parentId\":null,\"fields\":{\"11\":\"1\",\"15\":\"1\"}}', '2018-04-03 09:38:24', '2018-04-03 09:38:24', 'c557ea7f-2097-4783-b5ec-ac39e24ae99e'),
 ('28', '14', '3', '1', 'en', '3', '', '{\"typeId\":\"7\",\"authorId\":\"1\",\"title\":\"Training\",\"slug\":\"training\",\"postDate\":1522683240,\"expiryDate\":null,\"enabled\":1,\"parentId\":null,\"fields\":{\"16\":\"1\",\"11\":\"1\",\"15\":\"4\"}}', '2018-04-03 11:34:23', '2018-04-03 11:34:23', '8db2dc06-04ef-4a8a-b146-f2da0410d529'),
 ('29', '11', '3', '1', 'en', '5', '', '{\"typeId\":\"4\",\"authorId\":\"1\",\"title\":\"Services\",\"slug\":\"services\",\"postDate\":1522683120,\"expiryDate\":null,\"enabled\":1,\"parentId\":null,\"fields\":{\"16\":\"1\",\"11\":\"1\",\"15\":\"1\"}}', '2018-04-03 11:34:29', '2018-04-03 11:34:29', '0d44aff3-0f68-4c24-8734-8af03b96119d'),
 ('30', '16', '3', '1', 'en', '3', '', '{\"typeId\":\"9\",\"authorId\":\"1\",\"title\":\"Pupparazzi\",\"slug\":\"pupparazzi\",\"postDate\":1522683240,\"expiryDate\":null,\"enabled\":1,\"parentId\":null,\"fields\":{\"16\":\"1\",\"11\":\"1\",\"15\":\"6\"}}', '2018-04-03 11:34:34', '2018-04-03 11:34:34', '71154874-9375-4a34-a2cf-e1107c6396ee'),
 ('31', '13', '3', '1', 'en', '4', '', '{\"typeId\":\"6\",\"authorId\":\"1\",\"title\":\"Facilities\",\"slug\":\"facilities\",\"postDate\":1522683180,\"expiryDate\":null,\"enabled\":1,\"parentId\":null,\"fields\":{\"16\":\"1\",\"11\":\"1\",\"15\":\"3\"}}', '2018-04-03 11:34:42', '2018-04-03 11:34:42', 'c8053e89-11ab-4bdc-a583-58623431e476'),
 ('32', '15', '3', '1', 'en', '5', '', '{\"typeId\":\"8\",\"authorId\":\"1\",\"title\":\"About Us\",\"slug\":\"about-us\",\"postDate\":1522683240,\"expiryDate\":null,\"enabled\":1,\"parentId\":null,\"fields\":{\"16\":\"1\",\"11\":\"1\",\"15\":\"5\"}}', '2018-04-03 11:34:48', '2018-04-03 11:34:48', '80e9f620-c860-45c9-abe5-59d9dd7ed38d'),
 ('33', '17', '3', '1', 'en', '5', '', '{\"typeId\":\"10\",\"authorId\":\"1\",\"title\":\"Contact Us\",\"slug\":\"contact-us\",\"postDate\":1522683240,\"expiryDate\":null,\"enabled\":1,\"parentId\":null,\"fields\":{\"16\":\"1\",\"11\":\"1\",\"15\":\"7\"}}', '2018-04-03 11:35:04', '2018-04-03 11:35:04', 'c71d83f4-8d0d-4127-b2ab-c6d60aa90d69'),
 ('34', '11', '3', '1', 'en', '6', '', '{\"typeId\":\"4\",\"authorId\":\"1\",\"title\":\"Services\",\"slug\":\"services\",\"postDate\":1522683120,\"expiryDate\":null,\"enabled\":1,\"parentId\":null,\"fields\":{\"17\":\"1\",\"15\":\"1\",\"16\":\"1\",\"11\":\"1\"}}', '2018-04-03 12:41:34', '2018-04-03 12:41:34', 'c4925fd4-b775-4f7b-ba54-abbf368ba267'),
 ('35', '13', '3', '1', 'en', '5', '', '{\"typeId\":\"6\",\"authorId\":\"1\",\"title\":\"Facilities\",\"slug\":\"facilities\",\"postDate\":1522683180,\"expiryDate\":null,\"enabled\":1,\"parentId\":null,\"fields\":{\"17\":\"2\",\"15\":\"3\",\"16\":\"1\",\"11\":\"1\"}}', '2018-04-03 12:41:45', '2018-04-03 12:41:45', 'ea05baa0-6b4f-4de6-bb24-0f12c0485469'),
 ('36', '15', '3', '1', 'en', '6', '', '{\"typeId\":\"8\",\"authorId\":\"1\",\"title\":\"About Us\",\"slug\":\"about-us\",\"postDate\":1522683240,\"expiryDate\":null,\"enabled\":1,\"parentId\":null,\"fields\":{\"17\":\"3\",\"15\":\"5\",\"16\":\"1\",\"11\":\"1\"}}', '2018-04-03 12:41:53', '2018-04-03 12:41:53', '372c9903-c721-4d00-a745-d1d1d1789e24'),
 ('37', '16', '3', '1', 'en', '4', '', '{\"typeId\":\"9\",\"authorId\":\"1\",\"title\":\"Pupparazzi\",\"slug\":\"pupparazzi\",\"postDate\":1522683240,\"expiryDate\":null,\"enabled\":1,\"parentId\":null,\"fields\":{\"17\":\"4\",\"15\":\"6\",\"16\":\"1\",\"11\":\"1\"}}', '2018-04-03 12:42:01', '2018-04-03 12:42:01', '3070ddc3-a4d3-42fc-82ab-b47f7de53884'),
 ('38', '14', '3', '1', 'en', '4', '', '{\"typeId\":\"7\",\"authorId\":\"1\",\"title\":\"Training\",\"slug\":\"training\",\"postDate\":1522683240,\"expiryDate\":null,\"enabled\":1,\"parentId\":null,\"fields\":{\"17\":\"5\",\"15\":\"4\",\"16\":\"1\",\"11\":\"1\"}}', '2018-04-03 12:42:10', '2018-04-03 12:42:10', '273ff863-cd5c-4148-903c-e7372c3abdb5'),
 ('39', '17', '3', '1', 'en', '6', '', '{\"typeId\":\"10\",\"authorId\":\"1\",\"title\":\"Contact Us\",\"slug\":\"contact-us\",\"postDate\":1522683240,\"expiryDate\":null,\"enabled\":1,\"parentId\":null,\"fields\":{\"17\":\"6\",\"15\":\"7\",\"16\":\"1\",\"11\":\"1\"}}', '2018-04-03 12:42:25', '2018-04-03 12:42:25', 'f2ba4d0f-8aad-4068-8654-86ab30fcba41'),
 ('40', '18', '3', '1', 'en', '1', '', '{\"typeId\":\"11\",\"authorId\":\"1\",\"title\":\"Privacy Policy\",\"slug\":\"privacy-policy\",\"postDate\":1522759609,\"expiryDate\":null,\"enabled\":1,\"parentId\":null,\"fields\":{\"17\":\"7\",\"15\":\"0\",\"16\":\"1\",\"11\":\"\"}}', '2018-04-03 12:46:49', '2018-04-03 12:46:49', '218cde1e-6f6b-45f1-8594-cbfa65b100ca'),
 ('41', '19', '3', '1', 'en', '1', '', '{\"typeId\":\"11\",\"authorId\":\"1\",\"title\":\"Terms & Conditions\",\"slug\":\"terms-conditions\",\"postDate\":1522759648,\"expiryDate\":null,\"enabled\":1,\"parentId\":null,\"fields\":{\"17\":\"8\",\"15\":\"0\",\"16\":\"1\",\"11\":\"\"}}', '2018-04-03 12:47:28', '2018-04-03 12:47:28', '831a8a0a-efd5-4d45-a40a-5fafbdce1a4f'),
 ('42', '20', '3', '1', 'en', '1', '', '{\"typeId\":\"11\",\"authorId\":\"1\",\"title\":\"Cookies\",\"slug\":\"cookies\",\"postDate\":1522759670,\"expiryDate\":null,\"enabled\":1,\"parentId\":null,\"fields\":{\"17\":\"9\",\"15\":\"0\",\"16\":\"\",\"11\":\"\"}}', '2018-04-03 12:47:50', '2018-04-03 12:47:50', '619d8905-4514-4848-9bd5-1565cc55ab4b'),
 ('43', '21', '3', '1', 'en', '1', '', '{\"typeId\":\"11\",\"authorId\":\"1\",\"title\":\"VAT registration: 264563488\",\"slug\":\"vat-registration-264563488\",\"postDate\":1522759706,\"expiryDate\":null,\"enabled\":1,\"parentId\":null,\"fields\":{\"17\":\"10\",\"15\":\"0\",\"16\":\"1\",\"11\":\"\"}}', '2018-04-03 12:48:26', '2018-04-03 12:48:26', '7a2f9628-ed14-4af0-8816-0f6bcdcf9354'),
 ('44', '26', '4', '1', 'en', '1', '', '{\"typeId\":null,\"authorId\":\"1\",\"title\":\"Twitter\",\"slug\":\"twitter\",\"postDate\":1522768020,\"expiryDate\":null,\"enabled\":1,\"parentId\":null,\"fields\":{\"19\":[\"24\"],\"18\":\"https:\\/\\/twitter.com\\/\"}}', '2018-04-03 15:08:30', '2018-04-03 15:08:30', '07953874-8e1e-4b8b-97cf-abeee6699ac8'),
 ('45', '27', '4', '1', 'en', '1', '', '{\"typeId\":null,\"authorId\":\"1\",\"title\":\"Facebook\",\"slug\":\"facebook\",\"postDate\":1522768139,\"expiryDate\":null,\"enabled\":1,\"parentId\":null,\"fields\":{\"19\":[\"22\"],\"18\":\"https:\\/\\/facebook.com\\/\"}}', '2018-04-03 15:08:59', '2018-04-03 15:08:59', '8ddd9b76-176b-4607-8da2-b318702a2266'),
 ('46', '28', '4', '1', 'en', '1', '', '{\"typeId\":null,\"authorId\":\"1\",\"title\":\"Youtube\",\"slug\":\"youtube\",\"postDate\":1522768159,\"expiryDate\":null,\"enabled\":1,\"parentId\":null,\"fields\":{\"19\":[\"25\"],\"18\":\"https:\\/\\/youtube.com\\/\"}}', '2018-04-03 15:09:19', '2018-04-03 15:09:19', 'd75c7c4f-68e9-45d2-a7b0-fbba6ec0ffe2'),
 ('47', '29', '4', '1', 'en', '1', '', '{\"typeId\":null,\"authorId\":\"1\",\"title\":\"Instagram\",\"slug\":\"instagram\",\"postDate\":1522768173,\"expiryDate\":null,\"enabled\":1,\"parentId\":null,\"fields\":{\"19\":[\"23\"],\"18\":\"https:\\/\\/instagram.com\\/\"}}', '2018-04-03 15:09:34', '2018-04-03 15:09:34', 'a69424d4-578a-4094-ac94-f70b3f1b20d2'),
 ('48', '9', '3', '1', 'en', '4', '', '{\"typeId\":\"3\",\"authorId\":\"1\",\"title\":\"Home\",\"slug\":\"homepage\",\"postDate\":1522682520,\"expiryDate\":null,\"enabled\":1,\"parentId\":null,\"fields\":{\"17\":\"0\",\"15\":\"0\",\"16\":\"\",\"11\":\"1\",\"12\":{\"10\":{\"type\":\"topCarousel\",\"enabled\":\"1\",\"fields\":{\"caption\":\"At Bark n\\u2019 Fly, we treat your dog\\r\\nas if it were our own\",\"coverpPcture\":[\"31\"]}},\"32\":{\"type\":\"topCarousel\",\"enabled\":\"1\",\"fields\":{\"caption\":\"At Bark n\\u2019 Fly, we treat your dog\\r\\nas if it were our own\",\"coverpPcture\":[\"30\"]}}}}}', '2018-04-03 16:32:55', '2018-04-03 16:32:55', '359279a8-9962-40b1-94f5-2fa5acaa8a12'),
 ('49', '9', '3', '1', 'en', '5', '', '{\"typeId\":\"3\",\"authorId\":\"1\",\"title\":\"Home\",\"slug\":\"homepage\",\"postDate\":1522682520,\"expiryDate\":null,\"enabled\":1,\"parentId\":null,\"fields\":{\"17\":\"0\",\"15\":\"0\",\"16\":\"\",\"11\":\"1\",\"12\":{\"10\":{\"type\":\"carouselBlock\",\"enabled\":\"\",\"fields\":{\"caption\":\"At Bark n\\u2019 Fly, we treat your dog\\r\\nas if it were our own\",\"coverPicture\":[\"31\"]}},\"32\":{\"type\":\"carouselBlock\",\"enabled\":\"\",\"fields\":{\"caption\":\"At Bark n\\u2019 Fly, we treat your dog\\r\\nas if it were our own\",\"coverPicture\":[\"30\"]}}}}}', '2018-04-04 08:48:32', '2018-04-04 08:48:32', '7ae2aed6-c304-494a-9099-98fedb9939c8'),
 ('50', '9', '3', '1', 'en', '6', '', '{\"typeId\":\"3\",\"authorId\":\"1\",\"title\":\"Home\",\"slug\":\"homepage\",\"postDate\":1522682520,\"expiryDate\":null,\"enabled\":1,\"parentId\":null,\"fields\":{\"17\":\"0\",\"15\":\"0\",\"16\":\"\",\"11\":\"1\",\"12\":{\"10\":{\"type\":\"carouselBlock\",\"enabled\":\"1\",\"fields\":{\"caption\":\"At Bark n\\u2019 Fly, we treat your dog\\r\\nas if it were our own\",\"coverPicture\":[\"31\"]}},\"32\":{\"type\":\"carouselBlock\",\"enabled\":\"1\",\"fields\":{\"caption\":\"At Bark n\\u2019 Fly, we treat your dog\\r\\nas if it were our own\",\"coverPicture\":[\"30\"]}}}}}', '2018-04-04 08:49:07', '2018-04-04 08:49:07', '5398a0f5-308f-4622-9aa2-3b60ee02e5e1'),
 ('51', '9', '3', '1', 'en', '7', '', '{\"typeId\":\"3\",\"authorId\":\"1\",\"title\":\"Home\",\"slug\":\"homepage\",\"postDate\":1522682520,\"expiryDate\":null,\"enabled\":1,\"parentId\":null,\"fields\":{\"20\":{\"33\":{\"type\":\"panel\",\"enabled\":\"1\",\"fields\":{\"topCaption\":\"Start your booking\",\"tab1Title\":\"Dog Boarding\",\"tab1Input1Caption\":\"Start\",\"tab1Input2Caption\":\"End\",\"tab1SubmitButtonCaption\":\"Book now\",\"tab2Title\":\"Dog Day Care \"}}},\"17\":\"0\",\"15\":\"0\",\"16\":\"\",\"11\":\"1\",\"12\":{\"10\":{\"type\":\"carouselBlock\",\"enabled\":\"1\",\"fields\":{\"caption\":\"At Bark n\\u2019 Fly, we treat your dog\\r\\nas if it were our own\",\"coverPicture\":[\"31\"]}},\"32\":{\"type\":\"carouselBlock\",\"enabled\":\"1\",\"fields\":{\"caption\":\"At Bark n\\u2019 Fly, we treat your dog\\r\\nas if it were our own\",\"coverPicture\":[\"30\"]}}}}}', '2018-04-04 11:01:27', '2018-04-04 11:01:27', '6fc1f244-199c-46c9-ac97-1b40ce0190e7'),
 ('52', '9', '3', '1', 'en', '8', '', '{\"typeId\":\"3\",\"authorId\":\"1\",\"title\":\"Home\",\"slug\":\"homepage\",\"postDate\":1522682520,\"expiryDate\":null,\"enabled\":1,\"parentId\":null,\"fields\":{\"20\":{\"33\":{\"type\":\"panel\",\"enabled\":\"1\",\"fields\":{\"topCaption\":\"Start your booking\",\"tab1Title\":\"Dog Boarding\",\"tab1Input1Caption\":\"Start\",\"tab1Input2Caption\":\"End\",\"tab1SubmitButtonCaption\":\"Book now\",\"tab2Title\":\"Dog Day Care \"}}},\"17\":\"0\",\"15\":\"0\",\"16\":\"\",\"11\":\"1\",\"12\":{\"10\":{\"type\":\"carouselBlock\",\"enabled\":\"1\",\"fields\":{\"caption\":\"At Bark n\\u2019 Fly, we treat your dog\\r\\nas if it were our own\",\"coverPicture\":[\"31\"]}},\"32\":{\"type\":\"carouselBlock\",\"enabled\":\"1\",\"fields\":{\"caption\":\"At Bark n\\u2019 Fly, we treat your dog\\r\\nas if it were our own\",\"coverPicture\":[\"30\"]}}}}}', '2018-04-04 11:01:59', '2018-04-04 11:01:59', 'c0835b32-9ea0-471c-a9e6-650f664a3dd7'),
 ('53', '9', '3', '1', 'en', '9', '', '{\"typeId\":\"3\",\"authorId\":\"1\",\"title\":\"Home\",\"slug\":\"homepage\",\"postDate\":1522682520,\"expiryDate\":null,\"enabled\":1,\"parentId\":null,\"fields\":{\"20\":{\"33\":{\"type\":\"panel\",\"enabled\":\"\",\"fields\":{\"topCaption\":\"Start your booking\",\"tab1Title\":\"Dog Boarding\",\"tab1Input1Caption\":\"Start\",\"tab1Input2Caption\":\"End\",\"tab1SubmitButtonCaption\":\"Book now\",\"tab2Title\":\"Dog Day Care \"}}},\"17\":\"0\",\"15\":\"0\",\"16\":\"\",\"11\":\"1\",\"12\":{\"10\":{\"type\":\"carouselBlock\",\"enabled\":\"1\",\"fields\":{\"caption\":\"At Bark n\\u2019 Fly, we treat your dog\\r\\nas if it were our own\",\"coverPicture\":[\"31\"]}},\"32\":{\"type\":\"carouselBlock\",\"enabled\":\"1\",\"fields\":{\"caption\":\"At Bark n\\u2019 Fly, we treat your dog\\r\\nas if it were our own\",\"coverPicture\":[\"30\"]}}}}}', '2018-04-04 11:27:09', '2018-04-04 11:27:09', '55865b76-f3bb-48f9-9bac-d8fa8411330c'),
 ('54', '9', '3', '1', 'en', '10', '', '{\"typeId\":\"3\",\"authorId\":\"1\",\"title\":\"Home\",\"slug\":\"homepage\",\"postDate\":1522682520,\"expiryDate\":null,\"enabled\":1,\"parentId\":null,\"fields\":{\"20\":{\"33\":{\"type\":\"panel\",\"enabled\":\"1\",\"fields\":{\"topCaption\":\"Start your booking\",\"tab1Title\":\"Dog Boarding\",\"tab1Input1Caption\":\"Start\",\"tab1Input2Caption\":\"End\",\"tab1SubmitButtonCaption\":\"Book now\",\"tab2Title\":\"Dog Day Care \"}}},\"17\":\"0\",\"15\":\"0\",\"16\":\"\",\"11\":\"1\",\"12\":{\"10\":{\"type\":\"carouselBlock\",\"enabled\":\"1\",\"fields\":{\"caption\":\"At Bark n\\u2019 Fly, we treat your dog\\r\\nas if it were our own\",\"coverPicture\":[\"31\"]}},\"32\":{\"type\":\"carouselBlock\",\"enabled\":\"1\",\"fields\":{\"caption\":\"At Bark n\\u2019 Fly, we treat your dog\\r\\nas if it were our own\",\"coverPicture\":[\"30\"]}}}}}', '2018-04-04 11:28:18', '2018-04-04 11:28:18', 'b77d43bf-7e85-439d-8fac-2e03fc21a090');



DROP TABLE IF EXISTS `craft_fieldgroups`;


--
-- Schema for table `craft_fieldgroups`
--
CREATE TABLE `craft_fieldgroups` (
  `id` int(11) NOT NULL AUTO_INCREMENT,
  `name` varchar(255) COLLATE utf8_unicode_ci NOT NULL,
  `dateCreated` datetime NOT NULL,
  `dateUpdated` datetime NOT NULL,
  `uid` char(36) COLLATE utf8_unicode_ci NOT NULL DEFAULT '0',
  PRIMARY KEY (`id`),
  UNIQUE KEY `craft_fieldgroups_name_unq_idx` (`name`)
) ENGINE=InnoDB AUTO_INCREMENT=6 DEFAULT CHARSET=utf8 COLLATE=utf8_unicode_ci;

--
-- Data for table `craft_fieldgroups`
--

INSERT INTO `craft_fieldgroups` (`id`, `name`, `dateCreated`, `dateUpdated`, `uid`) VALUES
 ('1', 'Default', '2018-03-28 09:59:41', '2018-03-28 09:59:41', '8053dfdf-2e1d-42cc-8959-c3bc07892dd0'),
 ('2', 'Company Info', '2018-04-02 08:51:35', '2018-04-02 08:51:40', '8b0fa1a8-33ef-44d2-86ce-fbe010e2a195'),
 ('3', 'HomePage', '2018-04-02 13:59:16', '2018-04-05 08:25:06', '8ec5bc95-7fce-4669-bce7-ca1c846fbff4'),
 ('4', 'Social Links', '2018-04-03 14:59:27', '2018-04-03 14:59:27', '52e66305-4f52-447f-a0e8-62f5f105ff94'),
 ('5', 'Layout', '2018-04-05 08:25:21', '2018-04-05 08:25:21', 'fed08f29-7f0d-4d6c-8498-c76e00359935');



DROP TABLE IF EXISTS `craft_fieldlayoutfields`;


--
-- Schema for table `craft_fieldlayoutfields`
--
CREATE TABLE `craft_fieldlayoutfields` (
  `id` int(11) NOT NULL AUTO_INCREMENT,
  `layoutId` int(11) NOT NULL,
  `tabId` int(11) NOT NULL,
  `fieldId` int(11) NOT NULL,
  `required` tinyint(1) unsigned NOT NULL DEFAULT '0',
  `sortOrder` smallint(6) unsigned DEFAULT NULL,
  `dateCreated` datetime NOT NULL,
  `dateUpdated` datetime NOT NULL,
  `uid` char(36) COLLATE utf8_unicode_ci NOT NULL DEFAULT '0',
  PRIMARY KEY (`id`),
  UNIQUE KEY `craft_fieldlayoutfields_layoutId_fieldId_unq_idx` (`layoutId`,`fieldId`),
  KEY `craft_fieldlayoutfields_sortOrder_idx` (`sortOrder`),
  KEY `craft_fieldlayoutfields_tabId_fk` (`tabId`),
  KEY `craft_fieldlayoutfields_fieldId_fk` (`fieldId`)
) ENGINE=InnoDB AUTO_INCREMENT=170 DEFAULT CHARSET=utf8 COLLATE=utf8_unicode_ci;

--
-- Data for table `craft_fieldlayoutfields`
--

INSERT INTO `craft_fieldlayoutfields` (`id`, `layoutId`, `tabId`, `fieldId`, `required`, `sortOrder`, `dateCreated`, `dateUpdated`, `uid`) VALUES
 ('1', '3', '1', '1', '1', '1', '2018-03-28 09:59:41', '2018-03-28 09:59:41', 'c6266157-bebb-499b-a26f-e143010a3097'),
 ('2', '5', '2', '1', '1', '1', '2018-03-28 09:59:41', '2018-03-28 09:59:41', '6db552f4-167a-4286-b316-8f772a01e58b'),
 ('3', '5', '2', '2', '0', '2', '2018-03-28 09:59:41', '2018-03-28 09:59:41', '380bc603-34a4-4384-a0c0-8268c090899c'),
 ('7', '11', '6', '8', '0', '1', '2018-04-02 09:15:42', '2018-04-02 09:15:42', '9d307a05-2b4c-4c29-a129-e5b5491f756f'),
 ('8', '11', '6', '4', '0', '2', '2018-04-02 09:15:42', '2018-04-02 09:15:42', 'ea3a147d-358a-4d20-b9b6-e299a63c129a'),
 ('9', '11', '6', '3', '1', '3', '2018-04-02 09:15:42', '2018-04-02 09:15:42', 'e51510e1-727b-49f8-bcc5-c42a9901f465'),
 ('10', '11', '6', '5', '0', '4', '2018-04-02 09:15:42', '2018-04-02 09:15:42', '071568da-6952-49a6-b50e-f34024ec987d'),
 ('11', '11', '6', '6', '0', '5', '2018-04-02 09:15:42', '2018-04-02 09:15:42', 'f3bcf009-9be2-4ed9-b310-f29fe13c6563'),
 ('12', '11', '6', '7', '0', '6', '2018-04-02 09:15:42', '2018-04-02 09:15:42', 'f4a58a05-c973-4119-95e8-c6b85f1373ad'),
 ('13', '11', '6', '9', '0', '7', '2018-04-02 09:15:42', '2018-04-02 09:15:42', '87b3fac0-d511-4ac0-9a31-c396b523d2d1'),
 ('14', '11', '6', '10', '0', '8', '2018-04-02 09:15:42', '2018-04-02 09:15:42', 'd38c7e78-3ed1-4a5f-bbe9-fea490d1bc1d'),
 ('110', '60', '49', '11', '0', '1', '2018-04-03 12:39:37', '2018-04-03 12:39:37', '85cdaef9-ce2b-4dd8-9e13-a788b438840a'),
 ('111', '60', '49', '15', '1', '2', '2018-04-03 12:39:37', '2018-04-03 12:39:37', '8b93d9f1-81ff-4398-9903-9348ead2b8f2'),
 ('112', '60', '49', '16', '0', '3', '2018-04-03 12:39:37', '2018-04-03 12:39:37', '8191f28d-d7df-4e8c-b5b0-c7b09895f7e0'),
 ('113', '60', '49', '17', '1', '4', '2018-04-03 12:39:37', '2018-04-03 12:39:37', '3ecbd7f2-a7c7-487f-abc3-5a20b6f066ec'),
 ('114', '61', '50', '11', '0', '1', '2018-04-03 12:39:47', '2018-04-03 12:39:47', '6b926193-4230-4fca-8a9b-dcfd3f03e1ac'),
 ('115', '61', '50', '15', '1', '2', '2018-04-03 12:39:47', '2018-04-03 12:39:47', '6a1c7367-d0ce-4c25-a77d-93c2f5478b49'),
 ('116', '61', '50', '16', '0', '3', '2018-04-03 12:39:47', '2018-04-03 12:39:47', 'aedfb584-c8e5-4efb-be2f-fd56486950f2'),
 ('117', '61', '50', '17', '1', '4', '2018-04-03 12:39:47', '2018-04-03 12:39:47', '717d654b-9777-4ab2-be34-6c2ce5505dbd'),
 ('118', '62', '51', '11', '0', '1', '2018-04-03 12:40:04', '2018-04-03 12:40:04', 'e1244508-e1b0-4ae8-9db5-fa6660c7e200'),
 ('119', '62', '51', '15', '1', '2', '2018-04-03 12:40:04', '2018-04-03 12:40:04', '8754da94-cc98-47a1-9464-3d1a947a67e5'),
 ('120', '62', '51', '16', '0', '3', '2018-04-03 12:40:04', '2018-04-03 12:40:04', '7cdffe0f-3acf-42b1-8f3a-9b9b5d6c5efd'),
 ('121', '62', '51', '17', '1', '4', '2018-04-03 12:40:04', '2018-04-03 12:40:04', '93afc6a7-4840-45ff-92d5-5f405e63a246'),
 ('122', '63', '52', '11', '0', '1', '2018-04-03 12:40:14', '2018-04-03 12:40:14', 'b2dfc3eb-5a64-4634-b71e-970c8c7e0988'),
 ('123', '63', '52', '15', '1', '2', '2018-04-03 12:40:14', '2018-04-03 12:40:14', '193b525f-9aba-43d5-b95c-88ed1b80d2e0'),
 ('124', '63', '52', '16', '0', '3', '2018-04-03 12:40:14', '2018-04-03 12:40:14', '775b0265-8909-42b7-8ce2-76658f65b482'),
 ('125', '63', '52', '17', '1', '4', '2018-04-03 12:40:14', '2018-04-03 12:40:14', 'fcdf9a01-6bdf-4eec-b497-81a6a7f56144'),
 ('126', '64', '53', '11', '0', '1', '2018-04-03 12:40:29', '2018-04-03 12:40:29', 'b84415cb-7cb3-4692-bc7d-e5cccdf7b9b8'),
 ('127', '64', '53', '15', '1', '2', '2018-04-03 12:40:29', '2018-04-03 12:40:29', '0cf23e4a-c3b6-4f7f-aee6-8df983d0d828'),
 ('128', '64', '53', '16', '0', '3', '2018-04-03 12:40:29', '2018-04-03 12:40:29', '12499d6c-53f5-4fd9-b8f8-80644b531454'),
 ('129', '64', '53', '17', '1', '4', '2018-04-03 12:40:29', '2018-04-03 12:40:29', '57d2ff43-2b82-437f-9c19-7cb6559ef467'),
 ('130', '65', '54', '11', '0', '1', '2018-04-03 12:40:38', '2018-04-03 12:40:38', '4c17b588-41ba-45c3-98a3-200b81f0de14'),
 ('131', '65', '54', '15', '1', '2', '2018-04-03 12:40:38', '2018-04-03 12:40:38', '903d6702-962d-4e8b-b1ea-467b88e904eb'),
 ('132', '65', '54', '16', '0', '3', '2018-04-03 12:40:38', '2018-04-03 12:40:38', '53d2384e-5e3f-4167-b135-3b6b7ca2181b'),
 ('133', '65', '54', '17', '1', '4', '2018-04-03 12:40:38', '2018-04-03 12:40:38', '6c2da683-a4d2-4b82-8e7e-caf8fabfa8f1'),
 ('134', '66', '55', '11', '0', '1', '2018-04-03 12:40:48', '2018-04-03 12:40:48', '38f2be04-a23a-4281-aca5-cdb94a5a5aae'),
 ('135', '66', '55', '15', '1', '2', '2018-04-03 12:40:48', '2018-04-03 12:40:48', 'f3dc7bb0-c16d-4a2c-8123-613a8931b2b9'),
 ('136', '66', '55', '16', '0', '3', '2018-04-03 12:40:48', '2018-04-03 12:40:48', '18cedd04-3e29-410c-97e7-a7644272e771'),
 ('137', '66', '55', '17', '1', '4', '2018-04-03 12:40:48', '2018-04-03 12:40:48', '9b51146e-ad9b-4250-a5dd-5ba0a420b55e'),
 ('142', '68', '57', '11', '0', '1', '2018-04-03 12:48:40', '2018-04-03 12:48:40', '6faa9f59-aaa5-4446-be1a-87d360d11033'),
 ('143', '68', '57', '15', '1', '2', '2018-04-03 12:48:40', '2018-04-03 12:48:40', 'bce9a0cd-755c-41ec-94e8-5e60ce6d7e99'),
 ('144', '68', '57', '16', '0', '3', '2018-04-03 12:48:40', '2018-04-03 12:48:40', '927d4db5-af2a-4398-ae0e-ae1b81448809'),
 ('145', '68', '57', '17', '1', '4', '2018-04-03 12:48:40', '2018-04-03 12:48:40', '677ffa11-bfae-49d4-a6ac-c70366638089'),
 ('146', '70', '58', '19', '1', '1', '2018-04-03 15:02:07', '2018-04-03 15:02:07', 'c5a3519e-5e29-475a-ab06-29e8fadff460'),
 ('147', '70', '58', '18', '1', '2', '2018-04-03 15:02:07', '2018-04-03 15:02:07', '3a5abe56-9a07-41e0-8387-b92cf659f2f0'),
 ('152', '74', '61', '13', '1', '1', '2018-04-04 08:20:04', '2018-04-04 08:20:04', '9d4ad93d-0bce-4135-8ef7-4aa1abf3ab52'),
 ('153', '74', '61', '14', '1', '2', '2018-04-04 08:20:04', '2018-04-04 08:20:04', '1d18d971-b112-4eb6-96a9-3f8064c21275'),
 ('154', '75', '62', '21', '0', '1', '2018-04-04 09:17:09', '2018-04-04 09:17:09', 'd7043e56-1de8-4173-909d-4fe78105e954'),
 ('155', '75', '62', '22', '0', '2', '2018-04-04 09:17:09', '2018-04-04 09:17:09', '4bb56f65-efdf-4a89-a2bb-7edfa665bbcf'),
 ('156', '75', '62', '23', '0', '3', '2018-04-04 09:17:09', '2018-04-04 09:17:09', '7a11f111-0db6-45bf-9d7e-cdced3ba863d'),
 ('157', '75', '62', '24', '0', '4', '2018-04-04 09:17:09', '2018-04-04 09:17:09', 'b1bb83c4-7e04-4aa1-b31a-1a461e3c0698'),
 ('158', '75', '62', '25', '0', '5', '2018-04-04 09:17:09', '2018-04-04 09:17:09', 'c747caa4-0a84-40a3-9012-260d9c19803e'),
 ('159', '75', '62', '26', '0', '6', '2018-04-04 09:17:09', '2018-04-04 09:17:09', '52ae8b34-1526-4fba-b138-32dcf2dac474'),
 ('160', '76', '63', '11', '0', '1', '2018-04-04 09:17:40', '2018-04-04 09:17:40', 'b26d53af-0339-4f99-b13b-1bd111c432c6'),
 ('161', '76', '63', '15', '1', '2', '2018-04-04 09:17:40', '2018-04-04 09:17:40', '6d4134a1-3396-4037-aad7-991bc6023016'),
 ('162', '76', '63', '16', '0', '3', '2018-04-04 09:17:40', '2018-04-04 09:17:40', '9c0ab413-90df-44be-bd02-bcd49e250d1c'),
 ('163', '76', '63', '17', '1', '4', '2018-04-04 09:17:40', '2018-04-04 09:17:40', '8404c95c-993d-49ec-9660-5ffa5cc691d5'),
 ('164', '76', '63', '12', '0', '5', '2018-04-04 09:17:40', '2018-04-04 09:17:40', '766421d8-a645-4d8b-bac1-5f779b04cd71'),
 ('165', '76', '63', '20', '0', '6', '2018-04-04 09:17:40', '2018-04-04 09:17:40', '4c9c0f80-a0ff-455d-9a91-736824a38c2f'),
 ('166', '77', '64', '28', '0', '1', '2018-04-05 08:29:57', '2018-04-05 08:29:57', '732e0d5a-5a66-4424-9fac-946e9acbb46c'),
 ('167', '77', '64', '29', '0', '2', '2018-04-05 08:29:57', '2018-04-05 08:29:57', 'c7a30616-0bc4-4048-b3a3-314a12b38661'),
 ('168', '77', '64', '30', '0', '3', '2018-04-05 08:29:57', '2018-04-05 08:29:57', '8c6ef436-e24c-4145-820f-9ff570174396'),
 ('169', '77', '64', '31', '0', '4', '2018-04-05 08:29:57', '2018-04-05 08:29:57', '92d1ff90-094b-4ba1-b849-e2bb3d65b2e5');



DROP TABLE IF EXISTS `craft_fieldlayouts`;


--
-- Schema for table `craft_fieldlayouts`
--
CREATE TABLE `craft_fieldlayouts` (
  `id` int(11) NOT NULL AUTO_INCREMENT,
  `type` varchar(150) COLLATE utf8_unicode_ci NOT NULL,
  `dateCreated` datetime NOT NULL,
  `dateUpdated` datetime NOT NULL,
  `uid` char(36) COLLATE utf8_unicode_ci NOT NULL DEFAULT '0',
  PRIMARY KEY (`id`),
  KEY `craft_fieldlayouts_type_idx` (`type`)
) ENGINE=InnoDB AUTO_INCREMENT=78 DEFAULT CHARSET=utf8 COLLATE=utf8_unicode_ci;

--
-- Data for table `craft_fieldlayouts`
--

INSERT INTO `craft_fieldlayouts` (`id`, `type`, `dateCreated`, `dateUpdated`, `uid`) VALUES
 ('1', 'Tag', '2018-03-28 09:59:41', '2018-03-28 09:59:41', 'a5a46eca-3c1e-40c3-9c3a-a72ddeb9b2bf'),
 ('3', 'Entry', '2018-03-28 09:59:41', '2018-03-28 09:59:41', '665e42dd-eaa1-44e1-9a29-a0bfa0fe92aa'),
 ('5', 'Entry', '2018-03-28 09:59:41', '2018-03-28 09:59:41', '7ade4c51-3e19-42bf-9c43-cbc8f58baa6e'),
 ('11', 'GlobalSet', '2018-04-02 09:15:42', '2018-04-02 09:15:42', 'f81c1dff-d318-4448-9e4f-7ee7bc221208'),
 ('15', 'Asset', '2018-04-02 11:34:00', '2018-04-02 11:34:00', '98374c94-13ab-4bf9-86a0-1f9bc2173381'),
 ('60', 'Entry', '2018-04-03 12:39:37', '2018-04-03 12:39:37', '37e48c13-fac1-411b-bc67-01b98084eb4d'),
 ('61', 'Entry', '2018-04-03 12:39:47', '2018-04-03 12:39:47', '8ab5d766-0503-4237-bd6a-7c663e94d981'),
 ('62', 'Entry', '2018-04-03 12:40:04', '2018-04-03 12:40:04', '5b546039-592c-4b2e-a67c-7ad377d672a1'),
 ('63', 'Entry', '2018-04-03 12:40:14', '2018-04-03 12:40:14', 'f6907042-3232-40e8-a56b-b5168f94f68c'),
 ('64', 'Entry', '2018-04-03 12:40:29', '2018-04-03 12:40:29', '78dff35f-9c7a-491a-8e1c-240c5fc9fad0'),
 ('65', 'Entry', '2018-04-03 12:40:38', '2018-04-03 12:40:38', '5ca4c8a6-0f27-4da9-ab69-d4f88b531999'),
 ('66', 'Entry', '2018-04-03 12:40:48', '2018-04-03 12:40:48', '9d1e5e69-223d-4857-a909-11de94939349'),
 ('68', 'Entry', '2018-04-03 12:48:40', '2018-04-03 12:48:40', 'b344f5c1-f898-4fac-809d-469b050ca83a'),
 ('70', 'Entry', '2018-04-03 15:02:07', '2018-04-03 15:02:07', '4b029768-22aa-4279-b176-3dd885f1fa0a'),
 ('71', 'Asset', '2018-04-03 16:27:07', '2018-04-03 16:27:07', '700ff86f-e882-4a85-839c-f9e65431bff2'),
 ('74', 'MatrixBlock', '2018-04-04 08:20:04', '2018-04-04 08:20:04', '39c49c80-da19-4b52-8f3d-681f1077df22'),
 ('75', 'MatrixBlock', '2018-04-04 09:17:09', '2018-04-04 09:17:09', '34c33e2d-9dea-458b-8fa6-ebd231428ade'),
 ('76', 'Entry', '2018-04-04 09:17:40', '2018-04-04 09:17:40', '178beb9c-3c03-4ad1-98ad-4720e5a2c66e'),
 ('77', 'MatrixBlock', '2018-04-05 08:29:57', '2018-04-05 08:29:57', '044f83d5-fea0-4334-90fd-068b717557fc');



DROP TABLE IF EXISTS `craft_fieldlayouttabs`;


--
-- Schema for table `craft_fieldlayouttabs`
--
CREATE TABLE `craft_fieldlayouttabs` (
  `id` int(11) NOT NULL AUTO_INCREMENT,
  `layoutId` int(11) NOT NULL,
  `name` varchar(255) COLLATE utf8_unicode_ci NOT NULL,
  `sortOrder` smallint(6) unsigned DEFAULT NULL,
  `dateCreated` datetime NOT NULL,
  `dateUpdated` datetime NOT NULL,
  `uid` char(36) COLLATE utf8_unicode_ci NOT NULL DEFAULT '0',
  PRIMARY KEY (`id`),
  KEY `craft_fieldlayouttabs_sortOrder_idx` (`sortOrder`),
  KEY `craft_fieldlayouttabs_layoutId_fk` (`layoutId`)
) ENGINE=InnoDB AUTO_INCREMENT=65 DEFAULT CHARSET=utf8 COLLATE=utf8_unicode_ci;

--
-- Data for table `craft_fieldlayouttabs`
--

INSERT INTO `craft_fieldlayouttabs` (`id`, `layoutId`, `name`, `sortOrder`, `dateCreated`, `dateUpdated`, `uid`) VALUES
 ('1', '3', 'Content', '1', '2018-03-28 09:59:41', '2018-03-28 09:59:41', '019d205a-67eb-4f94-86f1-96daed977ac7'),
 ('2', '5', 'Content', '1', '2018-03-28 09:59:41', '2018-03-28 09:59:41', '42a2a584-1c4c-4fb0-ac81-1a625a8ee549'),
 ('6', '11', 'Content', '1', '2018-04-02 09:15:42', '2018-04-02 09:15:42', '0a10fdc6-a45a-42ab-8643-cc69c69687f4'),
 ('49', '60', 'Services', '1', '2018-04-03 12:39:37', '2018-04-03 12:39:37', '8728c260-3672-47f1-8acc-840d3957bbf1'),
 ('50', '61', 'Page', '1', '2018-04-03 12:39:47', '2018-04-03 12:39:47', '08816eec-d47b-42ef-820b-d0793521e57d'),
 ('51', '62', 'Page', '1', '2018-04-03 12:40:04', '2018-04-03 12:40:04', '98909afe-2c9c-4e49-ae4b-ceed7d22a58f'),
 ('52', '63', 'Page', '1', '2018-04-03 12:40:14', '2018-04-03 12:40:14', '0bb41075-bd37-4aff-b214-d57e133b2634'),
 ('53', '64', 'Page', '1', '2018-04-03 12:40:29', '2018-04-03 12:40:29', '5cfc4562-9ed7-4d3c-ab97-a3b9e25f2ebb'),
 ('54', '65', 'Page', '1', '2018-04-03 12:40:38', '2018-04-03 12:40:38', '80ace79a-b8e7-4e3a-b4dd-cd3734f6fb97'),
 ('55', '66', 'Page', '1', '2018-04-03 12:40:48', '2018-04-03 12:40:48', '88f9c53a-6803-42ca-a0f1-e7b31ef51086'),
 ('57', '68', 'Page', '1', '2018-04-03 12:48:40', '2018-04-03 12:48:40', '5c50150e-7a3b-42e9-8bf0-0ad172853331'),
 ('58', '70', 'Social Links', '1', '2018-04-03 15:02:07', '2018-04-03 15:02:07', 'ade6d5fd-daf4-4a60-8567-adf36d676253'),
 ('61', '74', 'Content', '1', '2018-04-04 08:20:04', '2018-04-04 08:20:04', 'fb4c6309-ef50-4815-8016-9e4bf3eff313'),
 ('62', '75', 'Content', '1', '2018-04-04 09:17:09', '2018-04-04 09:17:09', 'fe6b06bf-dcc9-4dee-a031-6d3a137c1210'),
 ('63', '76', 'Page', '1', '2018-04-04 09:17:40', '2018-04-04 09:17:40', '876cad7a-d54f-4261-935f-54a6aeac0fc5'),
 ('64', '77', 'Content', '1', '2018-04-05 08:29:57', '2018-04-05 08:29:57', '1ef764fa-2e3b-4e0a-bd98-a7c4da4578db');



DROP TABLE IF EXISTS `craft_fields`;


--
-- Schema for table `craft_fields`
--
CREATE TABLE `craft_fields` (
  `id` int(11) NOT NULL AUTO_INCREMENT,
  `groupId` int(11) DEFAULT NULL,
  `name` varchar(255) COLLATE utf8_unicode_ci NOT NULL,
  `handle` varchar(58) COLLATE utf8_unicode_ci NOT NULL,
  `context` varchar(255) COLLATE utf8_unicode_ci NOT NULL DEFAULT 'global',
  `instructions` text COLLATE utf8_unicode_ci,
  `translatable` tinyint(1) unsigned NOT NULL DEFAULT '0',
  `type` varchar(150) COLLATE utf8_unicode_ci NOT NULL,
  `settings` text COLLATE utf8_unicode_ci,
  `dateCreated` datetime NOT NULL,
  `dateUpdated` datetime NOT NULL,
  `uid` char(36) COLLATE utf8_unicode_ci NOT NULL DEFAULT '0',
  PRIMARY KEY (`id`),
  UNIQUE KEY `craft_fields_handle_context_unq_idx` (`handle`,`context`),
  KEY `craft_fields_context_idx` (`context`),
  KEY `craft_fields_groupId_fk` (`groupId`)
) ENGINE=InnoDB AUTO_INCREMENT=32 DEFAULT CHARSET=utf8 COLLATE=utf8_unicode_ci;

--
-- Data for table `craft_fields`
--

INSERT INTO `craft_fields` (`id`, `groupId`, `name`, `handle`, `context`, `instructions`, `translatable`, `type`, `settings`, `dateCreated`, `dateUpdated`, `uid`) VALUES
 ('1', '1', 'Body', 'body', 'global', NULL, '1', 'RichText', '{\"configFile\":\"Standard.json\",\"columnType\":\"text\"}', '2018-03-28 09:59:41', '2018-03-28 09:59:41', 'a41a66b9-640b-46bf-8c12-80e63d7bee8c'),
 ('2', '1', 'Tags', 'tags', 'global', NULL, '0', 'Tags', '{\"source\":\"taggroup:1\"}', '2018-03-28 09:59:41', '2018-03-28 09:59:41', '7ed3468d-f027-4e0c-ba9c-6dd588c552e2'),
 ('3', '2', 'Phone Number', 'phoneNumber', 'global', '', '0', 'PlainText', '{\"placeholder\":\"\",\"maxLength\":\"20\",\"multiline\":\"\",\"initialRows\":\"4\"}', '2018-04-02 08:52:54', '2018-04-02 08:52:54', '5f7dacf3-ba0d-4458-8bcb-fb42b506291b'),
 ('4', '2', 'Foundation Year', 'foundationYear', 'global', 'Year which is displayed in footer', '0', 'PlainText', '{\"placeholder\":\"2017\",\"maxLength\":\"4\",\"multiline\":\"\",\"initialRows\":\"4\"}', '2018-04-02 09:07:39', '2018-04-02 09:07:39', '47f43a50-f7bf-4d56-b715-dec95325026e'),
 ('5', '2', 'Address Line 1', 'addressLine1', 'global', '', '0', 'PlainText', '{\"placeholder\":\"Hallyards Farm House\",\"maxLength\":\"\",\"multiline\":\"\",\"initialRows\":\"4\"}', '2018-04-02 09:11:07', '2018-04-02 09:11:55', 'd3661d62-93ec-4889-aa6b-97fcf259db43'),
 ('6', '2', 'Address Line 2', 'addressLine2', 'global', '', '0', 'PlainText', '{\"placeholder\":\"Kirkliston\",\"maxLength\":\"\",\"multiline\":\"\",\"initialRows\":\"4\"}', '2018-04-02 09:11:41', '2018-04-02 09:11:41', 'f7bd6431-6622-482a-a440-9c1f5d2af57d'),
 ('7', '2', 'Address Line 3', 'addressLine3', 'global', '', '0', 'PlainText', '{\"placeholder\":\"EH29 9DZ\",\"maxLength\":\"\",\"multiline\":\"\",\"initialRows\":\"4\"}', '2018-04-02 09:12:15', '2018-04-02 09:12:15', 'ea6298e4-11d1-41bc-8820-352f88df9e19'),
 ('8', '2', 'Company Title', 'companyTitle', 'global', '', '0', 'PlainText', '{\"placeholder\":\"Bark n\\u2019 Fly \",\"maxLength\":\"\",\"multiline\":\"\",\"initialRows\":\"4\"}', '2018-04-02 09:13:40', '2018-04-02 09:13:40', '36a31050-ed2b-476d-8dad-288e2198ccf2'),
 ('9', '2', 'LogoColored', 'logocolored', 'global', '', '0', 'PlainText', '{\"placeholder\":\"\",\"maxLength\":\"\",\"multiline\":\"\",\"initialRows\":\"4\"}', '2018-04-02 09:14:35', '2018-04-02 09:14:35', 'ef6df268-ddf4-4f46-97e7-cab6b7dbd4dd'),
 ('10', '2', 'LogoGreyed', 'logogreyed', 'global', '', '0', 'PlainText', '{\"placeholder\":\"\",\"maxLength\":\"\",\"multiline\":\"\",\"initialRows\":\"4\"}', '2018-04-02 09:14:44', '2018-04-02 09:14:44', '179e21ef-58d3-4d46-bb2a-2020a939ae83'),
 ('11', '5', 'Show In Menu', 'showInMenu', 'global', 'Indicates whether page should be presented in site header menu', '0', 'Lightswitch', '{\"default\":\"\"}', '2018-04-02 14:01:43', '2018-04-05 08:26:27', '3a606e4e-27dd-4051-9bc9-05d5ae43777a'),
 ('12', '3', 'Top Carousel', 'topCarousel', 'global', 'that one is located right under the main menu', '0', 'Matrix', '{\"maxBlocks\":null}', '2018-04-02 14:51:43', '2018-04-04 08:20:04', 'a2913f5b-dba0-447f-99c9-4db4d59e0a7c'),
 ('13', NULL, 'Caption', 'caption', 'matrixBlockType:1', '', '0', 'PlainText', '{\"placeholder\":\"\",\"maxLength\":\"\",\"multiline\":\"1\",\"initialRows\":\"4\"}', '2018-04-02 14:51:43', '2018-04-04 08:20:04', '8e57fbc3-0b84-4732-b42b-eea4d4b6ccd1'),
 ('14', NULL, 'Cover Picture', 'coverPicture', 'matrixBlockType:1', '', '0', 'Assets', '{\"useSingleFolder\":\"\",\"sources\":\"*\",\"defaultUploadLocationSource\":\"1\",\"defaultUploadLocationSubpath\":\"\",\"singleUploadLocationSource\":\"1\",\"singleUploadLocationSubpath\":\"\",\"restrictFiles\":\"\",\"limit\":\"\",\"viewMode\":\"list\",\"selectionLabel\":\"\"}', '2018-04-02 14:51:43', '2018-04-04 08:20:04', '0f486a15-b64d-4587-aade-f659d3b893c1'),
 ('15', '5', 'Menu Sorting Order', 'sortingOrder', 'global', '', '0', 'Number', '{\"min\":\"0\",\"max\":\"100\",\"decimals\":\"0\"}', '2018-04-02 15:57:21', '2018-04-05 08:26:12', '501ce91c-92f3-41c8-9592-bbc8731446f3'),
 ('16', '5', 'Show In Footer', 'showInFooter', 'global', '', '0', 'Lightswitch', '{\"default\":\"\"}', '2018-04-03 11:29:22', '2018-04-05 08:26:19', '5053982d-b6ae-48ba-afa1-24f40b8e74fa'),
 ('17', '5', 'Footer Sorting Order', 'footerSortingOrder', 'global', '', '0', 'Number', '{\"min\":\"0\",\"max\":\"100\",\"decimals\":\"0\"}', '2018-04-03 12:38:36', '2018-04-05 08:26:02', 'e82306e7-586c-4e50-b9ee-963e49aff9f1'),
 ('18', '4', 'Social Link', 'socialLink', 'global', 'URL to social network page', '0', 'PlainText', '{\"placeholder\":\"\",\"maxLength\":\"\",\"multiline\":\"\",\"initialRows\":\"4\"}', '2018-04-03 15:00:51', '2018-04-03 15:00:51', '73c160cd-5b60-40ec-91d6-4bc889dd1d9c'),
 ('19', '4', 'Icon', 'icon', 'global', '', '0', 'Assets', '{\"useSingleFolder\":\"\",\"sources\":\"*\",\"defaultUploadLocationSource\":\"1\",\"defaultUploadLocationSubpath\":\"\",\"singleUploadLocationSource\":\"1\",\"singleUploadLocationSubpath\":\"\",\"restrictFiles\":\"\",\"limit\":\"\",\"viewMode\":\"large\",\"selectionLabel\":\"\"}', '2018-04-03 15:01:41', '2018-04-03 15:01:41', 'bd18d24b-6682-437c-8b67-776b907d1445'),
 ('20', '3', 'Booking Panel', 'bookingPanel', 'global', 'Originally supposed to be placed at homepage', '0', 'Matrix', '{\"maxBlocks\":null}', '2018-04-04 09:17:09', '2018-04-04 09:17:09', 'b6a85192-9f35-4030-b674-0b7110a8397a'),
 ('21', NULL, 'Top Caption', 'topCaption', 'matrixBlockType:2', '', '0', 'PlainText', '{\"placeholder\":\"\",\"maxLength\":\"100\",\"multiline\":\"\",\"initialRows\":\"4\"}', '2018-04-04 09:17:09', '2018-04-04 09:17:09', '9a3907bc-54e7-45a7-9d7f-27a6a241c24e'),
 ('22', NULL, 'Tab-1 Title', 'tab1Title', 'matrixBlockType:2', '', '0', 'PlainText', '{\"placeholder\":\"\",\"maxLength\":\"50\",\"multiline\":\"\",\"initialRows\":\"4\"}', '2018-04-04 09:17:09', '2018-04-04 09:17:09', 'd4129f14-59c0-475a-a16f-595c4d8e4028'),
 ('23', NULL, 'Tab-1 Input-1 Caption', 'tab1Input1Caption', 'matrixBlockType:2', '', '0', 'PlainText', '{\"placeholder\":\"\",\"maxLength\":\"50\",\"multiline\":\"\",\"initialRows\":\"4\"}', '2018-04-04 09:17:09', '2018-04-04 09:17:09', 'ade307a3-4575-477c-98ca-2e23870dbabc'),
 ('24', NULL, 'Tab-1 Input-2 Caption', 'tab1Input2Caption', 'matrixBlockType:2', '', '0', 'PlainText', '{\"placeholder\":\"\",\"maxLength\":\"50\",\"multiline\":\"\",\"initialRows\":\"4\"}', '2018-04-04 09:17:09', '2018-04-04 09:17:09', 'c4b5ce47-34c0-4020-9bef-c8dafdeae1b4'),
 ('25', NULL, 'Tab-1 Submit Button Caption', 'tab1SubmitButtonCaption', 'matrixBlockType:2', '', '0', 'PlainText', '{\"placeholder\":\"\",\"maxLength\":\"50\",\"multiline\":\"\",\"initialRows\":\"4\"}', '2018-04-04 09:17:09', '2018-04-04 09:17:09', '8d5f890f-b022-498e-ba50-e9374348f880'),
 ('26', NULL, 'Tab-2 Title', 'tab2Title', 'matrixBlockType:2', '', '0', 'PlainText', '{\"placeholder\":\"\",\"maxLength\":\"50\",\"multiline\":\"\",\"initialRows\":\"4\"}', '2018-04-04 09:17:09', '2018-04-04 09:17:09', 'd27ce76f-ae54-4e87-ae16-6dd31051d0d0'),
 ('27', '3', 'Feedback Carousel', 'feedbackCarousel', 'global', '', '0', 'Matrix', '{\"maxBlocks\":null}', '2018-04-05 08:29:56', '2018-04-05 08:29:56', '780d0d2e-7185-4cd5-90bc-d80decd301a2'),
 ('28', NULL, 'Picture', 'picture', 'matrixBlockType:3', '', '0', 'Assets', '{\"useSingleFolder\":\"\",\"sources\":\"*\",\"defaultUploadLocationSource\":\"1\",\"defaultUploadLocationSubpath\":\"\",\"singleUploadLocationSource\":\"1\",\"singleUploadLocationSubpath\":\"\",\"restrictFiles\":\"\",\"limit\":\"\",\"viewMode\":\"list\",\"selectionLabel\":\"\"}', '2018-04-05 08:29:57', '2018-04-05 08:29:57', '85032468-d74b-497e-87f9-748bb2c3c2a7'),
 ('29', NULL, 'Text', 'text', 'matrixBlockType:3', '', '0', 'PlainText', '{\"placeholder\":\"\",\"maxLength\":\"\",\"multiline\":\"1\",\"initialRows\":\"4\"}', '2018-04-05 08:29:57', '2018-04-05 08:29:57', '4de4c1b9-5733-4ed7-86e2-d9e70c173897'),
 ('30', NULL, 'Author', 'author', 'matrixBlockType:3', '', '0', 'PlainText', '{\"placeholder\":\"\",\"maxLength\":\"50\",\"multiline\":\"\",\"initialRows\":\"4\"}', '2018-04-05 08:29:57', '2018-04-05 08:29:57', 'f96a60d0-84e1-403b-afda-05abc2e12e12'),
 ('31', NULL, 'Signature', 'signature', 'matrixBlockType:3', '', '0', 'PlainText', '{\"placeholder\":\"\",\"maxLength\":\"200\",\"multiline\":\"1\",\"initialRows\":\"4\"}', '2018-04-05 08:29:57', '2018-04-05 08:29:57', '9e838a63-faea-470d-826c-b19c9ebe1f4d');



DROP TABLE IF EXISTS `craft_globalsets`;


--
-- Schema for table `craft_globalsets`
--
CREATE TABLE `craft_globalsets` (
  `id` int(11) NOT NULL,
  `name` varchar(255) COLLATE utf8_unicode_ci NOT NULL,
  `handle` varchar(255) COLLATE utf8_unicode_ci NOT NULL,
  `fieldLayoutId` int(10) DEFAULT NULL,
  `dateCreated` datetime NOT NULL,
  `dateUpdated` datetime NOT NULL,
  `uid` char(36) COLLATE utf8_unicode_ci NOT NULL DEFAULT '0',
  PRIMARY KEY (`id`),
  UNIQUE KEY `craft_globalsets_name_unq_idx` (`name`),
  UNIQUE KEY `craft_globalsets_handle_unq_idx` (`handle`),
  KEY `craft_globalsets_fieldLayoutId_fk` (`fieldLayoutId`)
) ENGINE=InnoDB DEFAULT CHARSET=utf8 COLLATE=utf8_unicode_ci;

--
-- Data for table `craft_globalsets`
--

INSERT INTO `craft_globalsets` (`id`, `name`, `handle`, `fieldLayoutId`, `dateCreated`, `dateUpdated`, `uid`) VALUES
 ('4', 'Company Info', 'companyInfo', '11', '2018-04-02 08:37:52', '2018-04-02 09:15:42', '45f326aa-5ec0-4bfe-adf4-bddc2db32159');



DROP TABLE IF EXISTS `craft_info`;


--
-- Schema for table `craft_info`
--
CREATE TABLE `craft_info` (
  `id` int(11) NOT NULL AUTO_INCREMENT,
  `version` varchar(50) COLLATE utf8_unicode_ci NOT NULL,
  `schemaVersion` varchar(15) COLLATE utf8_unicode_ci NOT NULL,
  `edition` tinyint(1) unsigned NOT NULL DEFAULT '0',
  `siteName` varchar(100) COLLATE utf8_unicode_ci NOT NULL,
  `siteUrl` varchar(255) COLLATE utf8_unicode_ci NOT NULL,
  `timezone` varchar(30) COLLATE utf8_unicode_ci DEFAULT NULL,
  `on` tinyint(1) unsigned NOT NULL DEFAULT '0',
  `maintenance` tinyint(1) unsigned NOT NULL DEFAULT '0',
  `dateCreated` datetime NOT NULL,
  `dateUpdated` datetime NOT NULL,
  `uid` char(36) COLLATE utf8_unicode_ci NOT NULL DEFAULT '0',
  PRIMARY KEY (`id`)
) ENGINE=InnoDB AUTO_INCREMENT=2 DEFAULT CHARSET=utf8 COLLATE=utf8_unicode_ci;

--
-- Data for table `craft_info`
--

INSERT INTO `craft_info` (`id`, `version`, `schemaVersion`, `edition`, `siteName`, `siteUrl`, `timezone`, `on`, `maintenance`, `dateCreated`, `dateUpdated`, `uid`) VALUES
 ('1', '2.6.3013', '2.6.13', '0', 'Bark And Fly', 'http://localhost:8011', 'UTC', '1', '1', '2018-03-28 09:59:34', '2018-04-05 09:34:12', '7896b4e6-0c05-4e84-bed2-b1d6daba0b41');



DROP TABLE IF EXISTS `craft_locales`;


--
-- Schema for table `craft_locales`
--
CREATE TABLE `craft_locales` (
  `locale` char(12) COLLATE utf8_unicode_ci NOT NULL,
  `sortOrder` smallint(6) unsigned DEFAULT NULL,
  `dateCreated` datetime NOT NULL,
  `dateUpdated` datetime NOT NULL,
  `uid` char(36) COLLATE utf8_unicode_ci NOT NULL DEFAULT '0',
  PRIMARY KEY (`locale`),
  KEY `craft_locales_sortOrder_idx` (`sortOrder`)
) ENGINE=InnoDB DEFAULT CHARSET=utf8 COLLATE=utf8_unicode_ci;

--
-- Data for table `craft_locales`
--

INSERT INTO `craft_locales` (`locale`, `sortOrder`, `dateCreated`, `dateUpdated`, `uid`) VALUES
 ('en', '1', '2018-03-28 09:59:34', '2018-03-28 09:59:34', 'f16bf76f-8512-4930-80a9-c1824103d6a8');



DROP TABLE IF EXISTS `craft_matrixblocks`;


--
-- Schema for table `craft_matrixblocks`
--
CREATE TABLE `craft_matrixblocks` (
  `id` int(11) NOT NULL,
  `ownerId` int(11) NOT NULL,
  `fieldId` int(11) NOT NULL,
  `typeId` int(11) DEFAULT NULL,
  `sortOrder` smallint(6) unsigned DEFAULT NULL,
  `ownerLocale` char(12) COLLATE utf8_unicode_ci DEFAULT NULL,
  `dateCreated` datetime NOT NULL,
  `dateUpdated` datetime NOT NULL,
  `uid` char(36) COLLATE utf8_unicode_ci NOT NULL DEFAULT '0',
  PRIMARY KEY (`id`),
  KEY `craft_matrixblocks_ownerId_idx` (`ownerId`),
  KEY `craft_matrixblocks_fieldId_idx` (`fieldId`),
  KEY `craft_matrixblocks_typeId_idx` (`typeId`),
  KEY `craft_matrixblocks_sortOrder_idx` (`sortOrder`),
  KEY `craft_matrixblocks_ownerLocale_fk` (`ownerLocale`)
) ENGINE=InnoDB DEFAULT CHARSET=utf8 COLLATE=utf8_unicode_ci;

--
-- Data for table `craft_matrixblocks`
--

INSERT INTO `craft_matrixblocks` (`id`, `ownerId`, `fieldId`, `typeId`, `sortOrder`, `ownerLocale`, `dateCreated`, `dateUpdated`, `uid`) VALUES
 ('10', '9', '12', '1', '1', NULL, '2018-04-02 15:22:42', '2018-04-04 11:28:18', '36300851-1e92-4d1d-a71b-cc66df3cd3ae'),
 ('32', '9', '12', '1', '2', NULL, '2018-04-03 16:32:55', '2018-04-04 11:28:18', '9af35b80-6cbb-4552-b0f3-1c755c83469b'),
 ('33', '9', '20', '2', '1', NULL, '2018-04-04 11:01:27', '2018-04-04 11:28:18', '8c19f997-4c94-4a6c-aec2-46b3cefbadbe');



DROP TABLE IF EXISTS `craft_matrixblocktypes`;


--
-- Schema for table `craft_matrixblocktypes`
--
CREATE TABLE `craft_matrixblocktypes` (
  `id` int(11) NOT NULL AUTO_INCREMENT,
  `fieldId` int(11) NOT NULL,
  `fieldLayoutId` int(11) DEFAULT NULL,
  `name` varchar(255) COLLATE utf8_unicode_ci NOT NULL,
  `handle` varchar(255) COLLATE utf8_unicode_ci NOT NULL,
  `sortOrder` smallint(6) unsigned DEFAULT NULL,
  `dateCreated` datetime NOT NULL,
  `dateUpdated` datetime NOT NULL,
  `uid` char(36) COLLATE utf8_unicode_ci NOT NULL DEFAULT '0',
  PRIMARY KEY (`id`),
  UNIQUE KEY `craft_matrixblocktypes_name_fieldId_unq_idx` (`name`,`fieldId`),
  UNIQUE KEY `craft_matrixblocktypes_handle_fieldId_unq_idx` (`handle`,`fieldId`),
  KEY `craft_matrixblocktypes_fieldId_fk` (`fieldId`),
  KEY `craft_matrixblocktypes_fieldLayoutId_fk` (`fieldLayoutId`)
) ENGINE=InnoDB AUTO_INCREMENT=4 DEFAULT CHARSET=utf8 COLLATE=utf8_unicode_ci;

--
-- Data for table `craft_matrixblocktypes`
--

INSERT INTO `craft_matrixblocktypes` (`id`, `fieldId`, `fieldLayoutId`, `name`, `handle`, `sortOrder`, `dateCreated`, `dateUpdated`, `uid`) VALUES
 ('1', '12', '74', 'Carousel Block', 'carouselBlock', '1', '2018-04-02 14:51:43', '2018-04-04 08:20:04', 'c6fd41bb-4198-4d78-b3e3-901da46bff47'),
 ('2', '20', '75', 'Panel', 'panel', '1', '2018-04-04 09:17:09', '2018-04-04 09:17:09', 'dd19b8fd-8238-4344-8bca-60a18a0a1128'),
 ('3', '27', '77', 'Carousel Block', 'carouselBlock', '1', '2018-04-05 08:29:57', '2018-04-05 08:29:57', '75cbd91a-d2ba-407f-a0e6-6027656ae96b');



DROP TABLE IF EXISTS `craft_matrixcontent_bookingpanel`;


--
-- Schema for table `craft_matrixcontent_bookingpanel`
--
CREATE TABLE `craft_matrixcontent_bookingpanel` (
  `id` int(11) NOT NULL AUTO_INCREMENT,
  `elementId` int(11) NOT NULL,
  `locale` char(12) COLLATE utf8_unicode_ci NOT NULL,
  `field_panel_topCaption` varchar(100) COLLATE utf8_unicode_ci DEFAULT NULL,
  `field_panel_tab1Title` varchar(50) COLLATE utf8_unicode_ci DEFAULT NULL,
  `field_panel_tab1Input1Caption` varchar(50) COLLATE utf8_unicode_ci DEFAULT NULL,
  `field_panel_tab1Input2Caption` varchar(50) COLLATE utf8_unicode_ci DEFAULT NULL,
  `field_panel_tab1SubmitButtonCaption` varchar(50) COLLATE utf8_unicode_ci DEFAULT NULL,
  `field_panel_tab2Title` varchar(50) COLLATE utf8_unicode_ci DEFAULT NULL,
  `dateCreated` datetime NOT NULL,
  `dateUpdated` datetime NOT NULL,
  `uid` char(36) COLLATE utf8_unicode_ci NOT NULL DEFAULT '0',
  PRIMARY KEY (`id`),
  UNIQUE KEY `craft_matrixcontent_bookingpanel_elementId_locale_unq_idx` (`elementId`,`locale`),
  KEY `craft_matrixcontent_bookingpanel_locale_fk` (`locale`)
) ENGINE=InnoDB AUTO_INCREMENT=2 DEFAULT CHARSET=utf8 COLLATE=utf8_unicode_ci;

--
-- Data for table `craft_matrixcontent_bookingpanel`
--

INSERT INTO `craft_matrixcontent_bookingpanel` (`id`, `elementId`, `locale`, `field_panel_topCaption`, `field_panel_tab1Title`, `field_panel_tab1Input1Caption`, `field_panel_tab1Input2Caption`, `field_panel_tab1SubmitButtonCaption`, `field_panel_tab2Title`, `dateCreated`, `dateUpdated`, `uid`) VALUES
 ('1', '33', 'en', 'Start your booking', 'Dog Boarding', 'Start', 'End', 'Book now', 'Dog Day Care ', '2018-04-04 11:01:27', '2018-04-04 11:28:18', 'd84175d1-a730-4a10-8439-c08f81a0fe27');



DROP TABLE IF EXISTS `craft_matrixcontent_feedbackcarousel`;


--
-- Schema for table `craft_matrixcontent_feedbackcarousel`
--
CREATE TABLE `craft_matrixcontent_feedbackcarousel` (
  `id` int(11) NOT NULL AUTO_INCREMENT,
  `elementId` int(11) NOT NULL,
  `locale` char(12) COLLATE utf8_unicode_ci NOT NULL,
  `field_carouselBlock_text` text COLLATE utf8_unicode_ci,
  `field_carouselBlock_author` varchar(50) COLLATE utf8_unicode_ci DEFAULT NULL,
  `field_carouselBlock_signature` varchar(200) COLLATE utf8_unicode_ci DEFAULT NULL,
  `dateCreated` datetime NOT NULL,
  `dateUpdated` datetime NOT NULL,
  `uid` char(36) COLLATE utf8_unicode_ci NOT NULL DEFAULT '0',
  PRIMARY KEY (`id`),
  UNIQUE KEY `craft_matrixcontent_feedbackcarousel_elementId_locale_unq_idx` (`elementId`,`locale`),
  KEY `craft_matrixcontent_feedbackcarousel_locale_fk` (`locale`)
) ENGINE=InnoDB DEFAULT CHARSET=utf8 COLLATE=utf8_unicode_ci;

DROP TABLE IF EXISTS `craft_matrixcontent_topcarousel`;


--
-- Schema for table `craft_matrixcontent_topcarousel`
--
CREATE TABLE `craft_matrixcontent_topcarousel` (
  `id` int(11) NOT NULL AUTO_INCREMENT,
  `elementId` int(11) NOT NULL,
  `locale` char(12) COLLATE utf8_unicode_ci NOT NULL,
  `field_carouselBlock_caption` text COLLATE utf8_unicode_ci,
  `dateCreated` datetime NOT NULL,
  `dateUpdated` datetime NOT NULL,
  `uid` char(36) COLLATE utf8_unicode_ci NOT NULL DEFAULT '0',
  PRIMARY KEY (`id`),
  UNIQUE KEY `craft_matrixcontent_topcarousel_elementId_locale_unq_idx` (`elementId`,`locale`),
  KEY `craft_matrixcontent_topcarousel_locale_fk` (`locale`)
) ENGINE=InnoDB AUTO_INCREMENT=3 DEFAULT CHARSET=utf8 COLLATE=utf8_unicode_ci;

--
-- Data for table `craft_matrixcontent_topcarousel`
--

INSERT INTO `craft_matrixcontent_topcarousel` (`id`, `elementId`, `locale`, `field_carouselBlock_caption`, `dateCreated`, `dateUpdated`, `uid`) VALUES
 ('1', '10', 'en', 'At Bark n’ Fly, we treat your dog\r\nas if it were our own', '2018-04-02 15:22:42', '2018-04-04 11:28:18', '5da26fe3-74c0-4a4a-b79f-c828184f2efd'),
 ('2', '32', 'en', 'At Bark n’ Fly, we treat your dog\r\nas if it were our own', '2018-04-03 16:32:55', '2018-04-04 11:28:18', '90d5f2f3-ab4b-426e-b638-33dcd9a6b8e9');



DROP TABLE IF EXISTS `craft_migrations`;


--
-- Schema for table `craft_migrations`
--
CREATE TABLE `craft_migrations` (
  `id` int(11) NOT NULL AUTO_INCREMENT,
  `pluginId` int(11) DEFAULT NULL,
  `version` varchar(255) COLLATE utf8_unicode_ci NOT NULL,
  `applyTime` datetime NOT NULL,
  `dateCreated` datetime NOT NULL,
  `dateUpdated` datetime NOT NULL,
  `uid` char(36) COLLATE utf8_unicode_ci NOT NULL DEFAULT '0',
  PRIMARY KEY (`id`),
  UNIQUE KEY `craft_migrations_version_unq_idx` (`version`),
  KEY `craft_migrations_pluginId_fk` (`pluginId`)
) ENGINE=InnoDB AUTO_INCREMENT=43 DEFAULT CHARSET=utf8 COLLATE=utf8_unicode_ci;

--
-- Data for table `craft_migrations`
--

INSERT INTO `craft_migrations` (`id`, `pluginId`, `version`, `applyTime`, `dateCreated`, `dateUpdated`, `uid`) VALUES
 ('1', NULL, 'm000000_000000_base', '2018-03-28 09:59:34', '2018-03-28 09:59:34', '2018-03-28 09:59:34', 'bc80f5d1-c0d5-4307-83ee-5373594488f9'),
 ('2', NULL, 'm140730_000001_add_filename_and_format_to_transformindex', '2018-03-28 09:59:34', '2018-03-28 09:59:34', '2018-03-28 09:59:34', 'f307fc57-0fa7-4c3d-8033-d4d8d7668d37'),
 ('3', NULL, 'm140815_000001_add_format_to_transforms', '2018-03-28 09:59:34', '2018-03-28 09:59:34', '2018-03-28 09:59:34', '9489d177-66ae-48c8-9e5e-705f70401b3a'),
 ('4', NULL, 'm140822_000001_allow_more_than_128_items_per_field', '2018-03-28 09:59:34', '2018-03-28 09:59:34', '2018-03-28 09:59:34', 'b1f983b5-4c2d-4c6e-a3d6-37a2b912b33b'),
 ('5', NULL, 'm140829_000001_single_title_formats', '2018-03-28 09:59:34', '2018-03-28 09:59:34', '2018-03-28 09:59:34', '055675a2-7adc-45e3-b3be-739ee8f51c37'),
 ('6', NULL, 'm140831_000001_extended_cache_keys', '2018-03-28 09:59:34', '2018-03-28 09:59:34', '2018-03-28 09:59:34', '10191aef-4920-41c7-be70-66b339f50dde'),
 ('7', NULL, 'm140922_000001_delete_orphaned_matrix_blocks', '2018-03-28 09:59:34', '2018-03-28 09:59:34', '2018-03-28 09:59:34', 'fd8211de-06ae-4c6b-afe3-b069f3915f8c'),
 ('8', NULL, 'm141008_000001_elements_index_tune', '2018-03-28 09:59:34', '2018-03-28 09:59:34', '2018-03-28 09:59:34', 'c60bd79a-2d17-47d9-babd-c6c6688815ee'),
 ('9', NULL, 'm141009_000001_assets_source_handle', '2018-03-28 09:59:34', '2018-03-28 09:59:34', '2018-03-28 09:59:34', 'f442d138-d4e4-4f2f-9b8b-7ef8b2a6d2ee'),
 ('10', NULL, 'm141024_000001_field_layout_tabs', '2018-03-28 09:59:34', '2018-03-28 09:59:34', '2018-03-28 09:59:34', 'b8d20f3d-8a61-4b50-854e-8a2b2cb6ddbb'),
 ('11', NULL, 'm141030_000000_plugin_schema_versions', '2018-03-28 09:59:34', '2018-03-28 09:59:34', '2018-03-28 09:59:34', '89fb46d9-358f-47b9-baa3-49200a3af65f'),
 ('12', NULL, 'm141030_000001_drop_structure_move_permission', '2018-03-28 09:59:34', '2018-03-28 09:59:34', '2018-03-28 09:59:34', '6e7d40c5-ffc7-4116-bdb0-91bfae2767b1'),
 ('13', NULL, 'm141103_000001_tag_titles', '2018-03-28 09:59:34', '2018-03-28 09:59:34', '2018-03-28 09:59:34', '32cbdf1e-456a-4da5-b108-f71a3d80bdf8'),
 ('14', NULL, 'm141109_000001_user_status_shuffle', '2018-03-28 09:59:34', '2018-03-28 09:59:34', '2018-03-28 09:59:34', 'df88a709-1d04-4fbd-962f-cc68bfff814e'),
 ('15', NULL, 'm141126_000001_user_week_start_day', '2018-03-28 09:59:34', '2018-03-28 09:59:34', '2018-03-28 09:59:34', '95021546-03f3-4a06-8eca-9e2161c95e94'),
 ('16', NULL, 'm150210_000001_adjust_user_photo_size', '2018-03-28 09:59:34', '2018-03-28 09:59:34', '2018-03-28 09:59:34', '0f106fc4-6bca-48c0-849f-6aa7e06af4da'),
 ('17', NULL, 'm150724_000001_adjust_quality_settings', '2018-03-28 09:59:34', '2018-03-28 09:59:34', '2018-03-28 09:59:34', 'd7f34ca9-cdfd-433e-aad4-59408e0211ff'),
 ('18', NULL, 'm150827_000000_element_index_settings', '2018-03-28 09:59:34', '2018-03-28 09:59:34', '2018-03-28 09:59:34', '5bfbbb0b-2f73-4c45-b9f7-b286247c1739'),
 ('19', NULL, 'm150918_000001_add_colspan_to_widgets', '2018-03-28 09:59:34', '2018-03-28 09:59:34', '2018-03-28 09:59:34', '13d4f0c3-f823-4624-9748-86fef8c1dc9f'),
 ('20', NULL, 'm151007_000000_clear_asset_caches', '2018-03-28 09:59:34', '2018-03-28 09:59:34', '2018-03-28 09:59:34', '772e6d00-6d77-4e71-91f6-7b330f2a8e89'),
 ('21', NULL, 'm151109_000000_text_url_formats', '2018-03-28 09:59:34', '2018-03-28 09:59:34', '2018-03-28 09:59:34', 'fc207c99-e47f-4dce-8a7d-3795ce3f5558'),
 ('22', NULL, 'm151110_000000_move_logo', '2018-03-28 09:59:34', '2018-03-28 09:59:34', '2018-03-28 09:59:34', '3c462b6e-d538-4ab2-a29c-3af03d757cef'),
 ('23', NULL, 'm151117_000000_adjust_image_widthheight', '2018-03-28 09:59:34', '2018-03-28 09:59:34', '2018-03-28 09:59:34', '69a2faba-a8b0-4de6-bdc7-0c2eb90c3a3a'),
 ('24', NULL, 'm151127_000000_clear_license_key_status', '2018-03-28 09:59:34', '2018-03-28 09:59:34', '2018-03-28 09:59:34', 'ce3b2d74-593d-4ba8-8610-0eb00a9b6539'),
 ('25', NULL, 'm151127_000000_plugin_license_keys', '2018-03-28 09:59:34', '2018-03-28 09:59:34', '2018-03-28 09:59:34', '229b80ea-ff34-453b-9950-5afd4fd5214a'),
 ('26', NULL, 'm151130_000000_update_pt_widget_feeds', '2018-03-28 09:59:34', '2018-03-28 09:59:34', '2018-03-28 09:59:34', '9156665a-c1fe-44c0-82cf-cdf59c5d622a'),
 ('27', NULL, 'm160114_000000_asset_sources_public_url_default_true', '2018-03-28 09:59:34', '2018-03-28 09:59:34', '2018-03-28 09:59:34', 'fb1c1ffc-058b-4f92-b2f9-50a018a761da'),
 ('28', NULL, 'm160223_000000_sortorder_to_smallint', '2018-03-28 09:59:34', '2018-03-28 09:59:34', '2018-03-28 09:59:34', 'b443e80d-d5b2-4e0b-815e-8b057d9d3ec2'),
 ('29', NULL, 'm160229_000000_set_default_entry_statuses', '2018-03-28 09:59:34', '2018-03-28 09:59:34', '2018-03-28 09:59:34', 'c8286cfc-42ce-47af-a7ba-33f63d6fbf74'),
 ('30', NULL, 'm160304_000000_client_permissions', '2018-03-28 09:59:34', '2018-03-28 09:59:34', '2018-03-28 09:59:34', 'e4d5d286-f4e1-4fc8-9228-9614744eaaad'),
 ('31', NULL, 'm160322_000000_asset_filesize', '2018-03-28 09:59:34', '2018-03-28 09:59:34', '2018-03-28 09:59:34', '1f4547b3-bee6-483a-a622-a9a16485a8cd'),
 ('32', NULL, 'm160503_000000_orphaned_fieldlayouts', '2018-03-28 09:59:34', '2018-03-28 09:59:34', '2018-03-28 09:59:34', '21d5354a-ee38-40a7-9d13-f14218eb6246'),
 ('33', NULL, 'm160510_000000_tasksettings', '2018-03-28 09:59:34', '2018-03-28 09:59:34', '2018-03-28 09:59:34', 'f47ba42f-9be4-4b6c-8299-6e56b72c4899'),
 ('34', NULL, 'm160829_000000_pending_user_content_cleanup', '2018-03-28 09:59:34', '2018-03-28 09:59:34', '2018-03-28 09:59:34', 'd97837ff-790b-4a7f-b2d2-68b0bfa78b16'),
 ('35', NULL, 'm160830_000000_asset_index_uri_increase', '2018-03-28 09:59:34', '2018-03-28 09:59:34', '2018-03-28 09:59:34', 'bf4e6bc0-300f-4426-b7f1-8fd9025fb1b1'),
 ('36', NULL, 'm160919_000000_usergroup_handle_title_unique', '2018-03-28 09:59:34', '2018-03-28 09:59:34', '2018-03-28 09:59:34', '88168c36-044e-42d6-b562-ae489fc58216'),
 ('37', NULL, 'm161108_000000_new_version_format', '2018-03-28 09:59:34', '2018-03-28 09:59:34', '2018-03-28 09:59:34', '0e6362a3-3dcc-4ca2-a5e0-30c98c9edff6'),
 ('38', NULL, 'm161109_000000_index_shuffle', '2018-03-28 09:59:34', '2018-03-28 09:59:34', '2018-03-28 09:59:34', 'b682748f-c98e-41e2-85b1-4f653bebb089'),
 ('39', NULL, 'm170612_000000_route_index_shuffle', '2018-03-28 09:59:34', '2018-03-28 09:59:34', '2018-03-28 09:59:34', 'f4df8148-40a0-42d0-b6f5-f6db73f826e1'),
 ('40', NULL, 'm171107_000000_assign_group_permissions', '2018-03-28 09:59:34', '2018-03-28 09:59:34', '2018-03-28 09:59:34', '2b9b937a-a506-4405-ac11-4ca1c1f1d2b2'),
 ('41', NULL, 'm171117_000001_templatecache_index_tune', '2018-03-28 09:59:34', '2018-03-28 09:59:34', '2018-03-28 09:59:34', '070591a3-198e-4021-9f42-e632538e9ed5'),
 ('42', NULL, 'm171204_000001_templatecache_index_tune_deux', '2018-03-28 09:59:34', '2018-03-28 09:59:34', '2018-03-28 09:59:34', 'e4f4a128-3f0f-47a0-b758-2df92e6a8372');



DROP TABLE IF EXISTS `craft_plugins`;


--
-- Schema for table `craft_plugins`
--
CREATE TABLE `craft_plugins` (
  `id` int(11) NOT NULL AUTO_INCREMENT,
  `class` varchar(150) COLLATE utf8_unicode_ci NOT NULL,
  `version` varchar(15) COLLATE utf8_unicode_ci NOT NULL,
  `schemaVersion` varchar(15) COLLATE utf8_unicode_ci DEFAULT NULL,
  `licenseKey` char(24) COLLATE utf8_unicode_ci DEFAULT NULL,
  `licenseKeyStatus` enum('valid','invalid','mismatched','unknown') COLLATE utf8_unicode_ci NOT NULL DEFAULT 'unknown',
  `enabled` tinyint(1) unsigned NOT NULL DEFAULT '0',
  `settings` text COLLATE utf8_unicode_ci,
  `installDate` datetime NOT NULL,
  `dateCreated` datetime NOT NULL,
  `dateUpdated` datetime NOT NULL,
  `uid` char(36) COLLATE utf8_unicode_ci NOT NULL DEFAULT '0',
  PRIMARY KEY (`id`)
) ENGINE=InnoDB DEFAULT CHARSET=utf8 COLLATE=utf8_unicode_ci;

DROP TABLE IF EXISTS `craft_rackspaceaccess`;


--
-- Schema for table `craft_rackspaceaccess`
--
CREATE TABLE `craft_rackspaceaccess` (
  `id` int(11) NOT NULL AUTO_INCREMENT,
  `connectionKey` varchar(255) COLLATE utf8_unicode_ci NOT NULL,
  `token` varchar(255) COLLATE utf8_unicode_ci NOT NULL,
  `storageUrl` varchar(255) COLLATE utf8_unicode_ci NOT NULL,
  `cdnUrl` varchar(255) COLLATE utf8_unicode_ci NOT NULL,
  `dateCreated` datetime NOT NULL,
  `dateUpdated` datetime NOT NULL,
  `uid` char(36) COLLATE utf8_unicode_ci NOT NULL DEFAULT '0',
  PRIMARY KEY (`id`),
  UNIQUE KEY `craft_rackspaceaccess_connectionKey_unq_idx` (`connectionKey`)
) ENGINE=InnoDB DEFAULT CHARSET=utf8 COLLATE=utf8_unicode_ci;

DROP TABLE IF EXISTS `craft_relations`;


--
-- Schema for table `craft_relations`
--
CREATE TABLE `craft_relations` (
  `id` int(11) NOT NULL AUTO_INCREMENT,
  `fieldId` int(11) NOT NULL,
  `sourceId` int(11) NOT NULL,
  `sourceLocale` char(12) COLLATE utf8_unicode_ci DEFAULT NULL,
  `targetId` int(11) NOT NULL,
  `sortOrder` smallint(6) DEFAULT NULL,
  `dateCreated` datetime NOT NULL,
  `dateUpdated` datetime NOT NULL,
  `uid` char(36) COLLATE utf8_unicode_ci NOT NULL DEFAULT '0',
  PRIMARY KEY (`id`),
  UNIQUE KEY `craft_relations_fieldId_sourceId_sourceLocale_targetId_unq_idx` (`fieldId`,`sourceId`,`sourceLocale`,`targetId`),
  KEY `craft_relations_sourceId_fk` (`sourceId`),
  KEY `craft_relations_sourceLocale_fk` (`sourceLocale`),
  KEY `craft_relations_targetId_fk` (`targetId`)
) ENGINE=InnoDB AUTO_INCREMENT=22 DEFAULT CHARSET=utf8 COLLATE=utf8_unicode_ci;

--
-- Data for table `craft_relations`
--

INSERT INTO `craft_relations` (`id`, `fieldId`, `sourceId`, `sourceLocale`, `targetId`, `sortOrder`, `dateCreated`, `dateUpdated`, `uid`) VALUES
 ('4', '19', '26', NULL, '24', '1', '2018-04-03 15:08:30', '2018-04-03 15:08:30', '223d7fd0-b0ab-48ae-828c-a4ecf41a9b6c'),
 ('5', '19', '27', NULL, '22', '1', '2018-04-03 15:08:59', '2018-04-03 15:08:59', '8db9a9ac-46d8-4b00-9fc8-3d3fa81b27df'),
 ('6', '19', '28', NULL, '25', '1', '2018-04-03 15:09:19', '2018-04-03 15:09:19', '0fd47496-a473-424f-8ee7-4d187a28fb78'),
 ('7', '19', '29', NULL, '23', '1', '2018-04-03 15:09:33', '2018-04-03 15:09:33', '5c078a10-3f55-4343-8007-d101ac2496e1'),
 ('20', '14', '10', NULL, '31', '1', '2018-04-04 11:28:18', '2018-04-04 11:28:18', '0010d79c-4137-4631-b437-e14e1ecee30f'),
 ('21', '14', '32', NULL, '30', '1', '2018-04-04 11:28:18', '2018-04-04 11:28:18', 'ac018d95-ef2c-4a96-a236-85f5407ef5b2');



DROP TABLE IF EXISTS `craft_routes`;


--
-- Schema for table `craft_routes`
--
CREATE TABLE `craft_routes` (
  `id` int(11) NOT NULL AUTO_INCREMENT,
  `locale` char(12) COLLATE utf8_unicode_ci DEFAULT NULL,
  `urlParts` varchar(255) COLLATE utf8_unicode_ci NOT NULL,
  `urlPattern` varchar(255) COLLATE utf8_unicode_ci NOT NULL,
  `template` varchar(255) COLLATE utf8_unicode_ci NOT NULL,
  `sortOrder` smallint(6) unsigned DEFAULT NULL,
  `dateCreated` datetime NOT NULL,
  `dateUpdated` datetime NOT NULL,
  `uid` char(36) COLLATE utf8_unicode_ci NOT NULL DEFAULT '0',
  PRIMARY KEY (`id`),
  KEY `craft_routes_locale_idx` (`locale`),
  KEY `craft_routes_urlPattern_idx` (`urlPattern`)
) ENGINE=InnoDB DEFAULT CHARSET=utf8 COLLATE=utf8_unicode_ci;

DROP TABLE IF EXISTS `craft_searchindex`;


--
-- Schema for table `craft_searchindex`
--
CREATE TABLE `craft_searchindex` (
  `elementId` int(11) NOT NULL,
  `attribute` varchar(25) COLLATE utf8_unicode_ci NOT NULL,
  `fieldId` int(11) NOT NULL,
  `locale` char(12) COLLATE utf8_unicode_ci NOT NULL,
  `keywords` text COLLATE utf8_unicode_ci NOT NULL,
  PRIMARY KEY (`elementId`,`attribute`,`fieldId`,`locale`),
  FULLTEXT KEY `craft_searchindex_keywords_idx` (`keywords`)
) ENGINE=MyISAM DEFAULT CHARSET=utf8 COLLATE=utf8_unicode_ci;

--
-- Data for table `craft_searchindex`
--

INSERT INTO `craft_searchindex` (`elementId`, `attribute`, `fieldId`, `locale`, `keywords`) VALUES
 ('1', 'username', '0', 'en', ' admin '),
 ('1', 'firstname', '0', 'en', ''),
 ('1', 'lastname', '0', 'en', ''),
 ('1', 'fullname', '0', 'en', ''),
 ('1', 'email', '0', 'en', ' kiruha_i mail ru '),
 ('1', 'slug', '0', 'en', ''),
 ('2', 'slug', '0', 'en', ' homepage '),
 ('2', 'title', '0', 'en', ' welcome to localhost '),
 ('2', 'field', '1', 'en', ' it s true this site doesn t have a whole lot of content yet but don t worry our web developers have just installed the cms and they re setting things up for the content editors this very moment soon localhost will be an oasis of fresh perspectives sharp analyses and astute opinions that will keep you coming back again and again '),
 ('3', 'field', '1', 'en', ' craft is the cms that s powering localhost it s beautiful powerful flexible and easy to use and it s made by pixel tonic we can t wait to dive in and see what it s capable of this is even more captivating content which you couldn t see on the news index page because it was entered after a page break and the news index template only likes to show the content on the first page craft a nice alternative to word if you re making a website '),
 ('3', 'field', '2', 'en', ''),
 ('3', 'slug', '0', 'en', ' we just installed craft '),
 ('3', 'title', '0', 'en', ' we just installed craft '),
 ('4', 'slug', '0', 'en', ''),
 ('4', 'field', '3', 'en', ' 0131 333 1222 '),
 ('4', 'field', '8', 'en', ' bark n fly '),
 ('4', 'field', '4', 'en', ' 2017 '),
 ('4', 'field', '5', 'en', ' hallyards farm house '),
 ('4', 'field', '6', 'en', ' kirkliston '),
 ('4', 'field', '7', 'en', ' eh29 9dz '),
 ('4', 'field', '9', 'en', ''),
 ('4', 'field', '10', 'en', ''),
 ('8', 'filename', '0', 'en', ' logo png '),
 ('7', 'title', '0', 'en', ' logo inverse '),
 ('7', 'slug', '0', 'en', ' logo inverse '),
 ('7', 'kind', '0', 'en', ' image '),
 ('7', 'extension', '0', 'en', ' png '),
 ('7', 'filename', '0', 'en', ' logo_inverse png '),
 ('8', 'extension', '0', 'en', ' png '),
 ('8', 'kind', '0', 'en', ' image '),
 ('8', 'slug', '0', 'en', ' logo '),
 ('8', 'title', '0', 'en', ' logo '),
 ('9', 'field', '11', 'en', ' 1 '),
 ('9', 'field', '12', 'en', ' at bark n fly we treat your dog as if it were our own art cover welcome at bark n fly we treat your dog as if it were our own art cover welcome 2 '),
 ('9', 'slug', '0', 'en', ' homepage '),
 ('9', 'title', '0', 'en', ' home '),
 ('10', 'field', '13', 'en', ' at bark n fly we treat your dog as if it were our own '),
 ('10', 'field', '14', 'en', ' art cover welcome '),
 ('10', 'slug', '0', 'en', ''),
 ('11', 'field', '11', 'en', ' 1 '),
 ('11', 'slug', '0', 'en', ' services '),
 ('11', 'title', '0', 'en', ' services '),
 ('12', 'field', '11', 'en', ' 1 '),
 ('12', 'slug', '0', 'en', ' pricing '),
 ('12', 'title', '0', 'en', ' pricing '),
 ('13', 'field', '11', 'en', ' 1 '),
 ('13', 'field', '12', 'en', ''),
 ('13', 'slug', '0', 'en', ' facilities '),
 ('13', 'title', '0', 'en', ' facilities '),
 ('14', 'field', '11', 'en', ' 1 '),
 ('14', 'slug', '0', 'en', ' training '),
 ('14', 'title', '0', 'en', ' training '),
 ('15', 'field', '11', 'en', ' 1 '),
 ('15', 'slug', '0', 'en', ' about us '),
 ('15', 'title', '0', 'en', ' about us '),
 ('16', 'field', '11', 'en', ' 1 '),
 ('16', 'slug', '0', 'en', ' pupparazzi '),
 ('16', 'title', '0', 'en', ' pupparazzi '),
 ('17', 'field', '11', 'en', ' 1 '),
 ('17', 'slug', '0', 'en', ' contact us '),
 ('17', 'title', '0', 'en', ' contact us '),
 ('11', 'field', '15', 'en', ' 1 '),
 ('12', 'field', '15', 'en', ' 2 '),
 ('13', 'field', '15', 'en', ' 3 '),
 ('14', 'field', '15', 'en', ' 4 '),
 ('15', 'field', '15', 'en', ' 5 '),
 ('16', 'field', '15', 'en', ' 6 '),
 ('17', 'field', '15', 'en', ' 7 '),
 ('9', 'field', '15', 'en', ' 0 '),
 ('14', 'field', '16', 'en', ' 1 '),
 ('11', 'field', '16', 'en', ' 1 '),
 ('16', 'field', '16', 'en', ' 1 '),
 ('13', 'field', '16', 'en', ' 1 '),
 ('15', 'field', '16', 'en', ' 1 '),
 ('17', 'field', '16', 'en', ' 1 '),
 ('11', 'field', '17', 'en', ' 1 '),
 ('13', 'field', '17', 'en', ' 2 '),
 ('15', 'field', '17', 'en', ' 3 '),
 ('16', 'field', '17', 'en', ' 4 '),
 ('14', 'field', '17', 'en', ' 5 '),
 ('17', 'field', '17', 'en', ' 6 '),
 ('18', 'field', '11', 'en', ' 0 '),
 ('18', 'field', '15', 'en', ' 0 '),
 ('18', 'field', '16', 'en', ' 1 '),
 ('18', 'field', '17', 'en', ' 7 '),
 ('18', 'slug', '0', 'en', ' privacy policy '),
 ('18', 'title', '0', 'en', ' privacy policy '),
 ('19', 'field', '11', 'en', ' 0 '),
 ('19', 'field', '15', 'en', ' 0 '),
 ('19', 'field', '16', 'en', ' 1 '),
 ('19', 'field', '17', 'en', ' 8 '),
 ('19', 'slug', '0', 'en', ' terms conditions '),
 ('19', 'title', '0', 'en', ' terms conditions '),
 ('20', 'field', '11', 'en', ' 0 '),
 ('20', 'field', '15', 'en', ' 0 '),
 ('20', 'field', '16', 'en', ' 0 '),
 ('20', 'field', '17', 'en', ' 9 '),
 ('20', 'slug', '0', 'en', ' cookies '),
 ('20', 'title', '0', 'en', ' cookies '),
 ('21', 'field', '11', 'en', ' 0 ');
INSERT INTO `craft_searchindex` (`elementId`, `attribute`, `fieldId`, `locale`, `keywords`) VALUES
 ('21', 'field', '15', 'en', ' 0 '),
 ('21', 'field', '16', 'en', ' 1 '),
 ('21', 'field', '17', 'en', ' 10 '),
 ('21', 'slug', '0', 'en', ' vat registration 264563488 '),
 ('21', 'title', '0', 'en', ' vat registration 264563488 '),
 ('22', 'filename', '0', 'en', ' facebook png '),
 ('22', 'extension', '0', 'en', ' png '),
 ('22', 'kind', '0', 'en', ' image '),
 ('22', 'slug', '0', 'en', ' facebook '),
 ('22', 'title', '0', 'en', ' facebook '),
 ('23', 'filename', '0', 'en', ' instagram png '),
 ('23', 'extension', '0', 'en', ' png '),
 ('23', 'kind', '0', 'en', ' image '),
 ('23', 'slug', '0', 'en', ' instagram '),
 ('23', 'title', '0', 'en', ' instagram '),
 ('24', 'filename', '0', 'en', ' twitter png '),
 ('24', 'extension', '0', 'en', ' png '),
 ('24', 'kind', '0', 'en', ' image '),
 ('24', 'slug', '0', 'en', ' twitter '),
 ('24', 'title', '0', 'en', ' twitter '),
 ('25', 'filename', '0', 'en', ' youtube png '),
 ('25', 'extension', '0', 'en', ' png '),
 ('25', 'kind', '0', 'en', ' image '),
 ('25', 'slug', '0', 'en', ' youtube '),
 ('25', 'title', '0', 'en', ' youtube '),
 ('26', 'field', '19', 'en', ' twitter '),
 ('26', 'field', '18', 'en', ' https twitter com '),
 ('26', 'slug', '0', 'en', ' twitter '),
 ('26', 'title', '0', 'en', ' twitter '),
 ('27', 'field', '19', 'en', ' facebook '),
 ('27', 'field', '18', 'en', ' https facebook com '),
 ('27', 'slug', '0', 'en', ' facebook '),
 ('27', 'title', '0', 'en', ' facebook '),
 ('28', 'field', '19', 'en', ' youtube '),
 ('28', 'field', '18', 'en', ' https youtube com '),
 ('28', 'slug', '0', 'en', ' youtube '),
 ('28', 'title', '0', 'en', ' youtube '),
 ('29', 'field', '19', 'en', ' instagram '),
 ('29', 'field', '18', 'en', ' https instagram com '),
 ('29', 'slug', '0', 'en', ' instagram '),
 ('29', 'title', '0', 'en', ' instagram '),
 ('30', 'filename', '0', 'en', ' art_cover_welcome_2 jpg '),
 ('30', 'extension', '0', 'en', ' jpg '),
 ('30', 'kind', '0', 'en', ' image '),
 ('30', 'slug', '0', 'en', ' art cover welcome 2 '),
 ('30', 'title', '0', 'en', ' art cover welcome 2 '),
 ('31', 'filename', '0', 'en', ' art_cover_welcome jpg '),
 ('31', 'extension', '0', 'en', ' jpg '),
 ('31', 'kind', '0', 'en', ' image '),
 ('31', 'slug', '0', 'en', ' art cover welcome '),
 ('31', 'title', '0', 'en', ' art cover welcome '),
 ('9', 'field', '16', 'en', ' 0 '),
 ('9', 'field', '17', 'en', ' 0 '),
 ('32', 'field', '13', 'en', ' at bark n fly we treat your dog as if it were our own '),
 ('32', 'field', '14', 'en', ' art cover welcome 2 '),
 ('32', 'slug', '0', 'en', ''),
 ('12', 'field', '16', 'en', ' 0 '),
 ('12', 'field', '17', 'en', ' 0 '),
 ('9', 'field', '20', 'en', ' start end book now dog boarding dog day care start your booking '),
 ('33', 'field', '21', 'en', ' start your booking '),
 ('33', 'field', '22', 'en', ' dog boarding '),
 ('33', 'field', '23', 'en', ' start '),
 ('33', 'field', '24', 'en', ' end '),
 ('33', 'field', '25', 'en', ' book now '),
 ('33', 'field', '26', 'en', ' dog day care '),
 ('33', 'slug', '0', 'en', '');



DROP TABLE IF EXISTS `craft_sections`;


--
-- Schema for table `craft_sections`
--
CREATE TABLE `craft_sections` (
  `id` int(11) NOT NULL AUTO_INCREMENT,
  `structureId` int(11) DEFAULT NULL,
  `name` varchar(255) COLLATE utf8_unicode_ci NOT NULL,
  `handle` varchar(255) COLLATE utf8_unicode_ci NOT NULL,
  `type` enum('single','channel','structure') COLLATE utf8_unicode_ci NOT NULL DEFAULT 'channel',
  `hasUrls` tinyint(1) unsigned NOT NULL DEFAULT '1',
  `template` varchar(500) COLLATE utf8_unicode_ci DEFAULT NULL,
  `enableVersioning` tinyint(1) unsigned NOT NULL DEFAULT '0',
  `dateCreated` datetime NOT NULL,
  `dateUpdated` datetime NOT NULL,
  `uid` char(36) COLLATE utf8_unicode_ci NOT NULL DEFAULT '0',
  PRIMARY KEY (`id`),
  UNIQUE KEY `craft_sections_name_unq_idx` (`name`),
  UNIQUE KEY `craft_sections_handle_unq_idx` (`handle`),
  KEY `craft_sections_structureId_fk` (`structureId`)
) ENGINE=InnoDB AUTO_INCREMENT=5 DEFAULT CHARSET=utf8 COLLATE=utf8_unicode_ci;

--
-- Data for table `craft_sections`
--

INSERT INTO `craft_sections` (`id`, `structureId`, `name`, `handle`, `type`, `hasUrls`, `template`, `enableVersioning`, `dateCreated`, `dateUpdated`, `uid`) VALUES
 ('1', NULL, 'Homepage', 'homepage', 'single', '1', 'homepage', '1', '2018-03-28 09:59:41', '2018-04-02 08:22:03', '1d5ce7d5-1405-40b9-b996-f2ae92355ceb'),
 ('2', NULL, 'News', 'news', 'channel', '1', 'news/_entry', '1', '2018-03-28 09:59:41', '2018-03-28 09:59:41', '0560b209-efa4-414c-9035-05b9aaa16667'),
 ('3', NULL, 'Pages', 'pages', 'channel', '1', 'pages/_page_switcher.twig', '1', '2018-04-02 13:55:56', '2018-04-04 08:38:44', 'ca3afe18-4537-468b-a43c-f08950943a77'),
 ('4', NULL, 'Social Links', 'socialLinks', 'channel', '0', NULL, '1', '2018-04-03 14:57:48', '2018-04-03 14:57:48', '61b7e0ee-3fac-49f2-8512-0786d9300507');



DROP TABLE IF EXISTS `craft_sections_i18n`;


--
-- Schema for table `craft_sections_i18n`
--
CREATE TABLE `craft_sections_i18n` (
  `id` int(11) NOT NULL AUTO_INCREMENT,
  `sectionId` int(11) NOT NULL,
  `locale` char(12) COLLATE utf8_unicode_ci NOT NULL,
  `enabledByDefault` tinyint(1) unsigned NOT NULL DEFAULT '1',
  `urlFormat` text COLLATE utf8_unicode_ci,
  `nestedUrlFormat` text COLLATE utf8_unicode_ci,
  `dateCreated` datetime NOT NULL,
  `dateUpdated` datetime NOT NULL,
  `uid` char(36) COLLATE utf8_unicode_ci NOT NULL DEFAULT '0',
  PRIMARY KEY (`id`),
  UNIQUE KEY `craft_sections_i18n_sectionId_locale_unq_idx` (`sectionId`,`locale`),
  KEY `craft_sections_i18n_locale_fk` (`locale`)
) ENGINE=InnoDB AUTO_INCREMENT=5 DEFAULT CHARSET=utf8 COLLATE=utf8_unicode_ci;

--
-- Data for table `craft_sections_i18n`
--

INSERT INTO `craft_sections_i18n` (`id`, `sectionId`, `locale`, `enabledByDefault`, `urlFormat`, `nestedUrlFormat`, `dateCreated`, `dateUpdated`, `uid`) VALUES
 ('1', '1', 'en', '1', '__home__', NULL, '2018-03-28 09:59:41', '2018-03-28 09:59:41', '24c1c313-c903-4846-a805-5e49e23336b3'),
 ('2', '2', 'en', '1', 'news/{postDate.year}/{slug}', NULL, '2018-03-28 09:59:41', '2018-03-28 09:59:41', 'a270d4a7-180c-4237-a8b2-15f6cf890133'),
 ('3', '3', 'en', '1', 'pages/{slug}', NULL, '2018-04-02 13:55:56', '2018-04-04 08:38:44', '7df66c74-ab18-44a9-8213-2e38a523dd74'),
 ('4', '4', 'en', '1', NULL, NULL, '2018-04-03 14:57:48', '2018-04-03 14:57:48', '22771be0-6923-4a06-aa54-440248b19aca');



DROP TABLE IF EXISTS `craft_sessions`;


--
-- Schema for table `craft_sessions`
--
CREATE TABLE `craft_sessions` (
  `id` int(11) NOT NULL AUTO_INCREMENT,
  `userId` int(11) NOT NULL,
  `token` char(100) COLLATE utf8_unicode_ci NOT NULL,
  `dateCreated` datetime NOT NULL,
  `dateUpdated` datetime NOT NULL,
  `uid` char(36) COLLATE utf8_unicode_ci NOT NULL DEFAULT '0',
  PRIMARY KEY (`id`),
  KEY `craft_sessions_uid_idx` (`uid`),
  KEY `craft_sessions_token_idx` (`token`),
  KEY `craft_sessions_dateUpdated_idx` (`dateUpdated`),
  KEY `craft_sessions_userId_fk` (`userId`)
) ENGINE=InnoDB AUTO_INCREMENT=16 DEFAULT CHARSET=utf8 COLLATE=utf8_unicode_ci;

DROP TABLE IF EXISTS `craft_shunnedmessages`;


--
-- Schema for table `craft_shunnedmessages`
--
CREATE TABLE `craft_shunnedmessages` (
  `id` int(11) NOT NULL AUTO_INCREMENT,
  `userId` int(11) NOT NULL,
  `message` varchar(255) COLLATE utf8_unicode_ci NOT NULL,
  `expiryDate` datetime DEFAULT NULL,
  `dateCreated` datetime NOT NULL,
  `dateUpdated` datetime NOT NULL,
  `uid` char(36) COLLATE utf8_unicode_ci NOT NULL DEFAULT '0',
  PRIMARY KEY (`id`),
  UNIQUE KEY `craft_shunnedmessages_userId_message_unq_idx` (`userId`,`message`)
) ENGINE=InnoDB DEFAULT CHARSET=utf8 COLLATE=utf8_unicode_ci;

DROP TABLE IF EXISTS `craft_structureelements`;


--
-- Schema for table `craft_structureelements`
--
CREATE TABLE `craft_structureelements` (
  `id` int(11) NOT NULL AUTO_INCREMENT,
  `structureId` int(11) NOT NULL,
  `elementId` int(11) DEFAULT NULL,
  `root` int(11) unsigned DEFAULT NULL,
  `lft` int(11) unsigned NOT NULL,
  `rgt` int(11) unsigned NOT NULL,
  `level` smallint(6) unsigned NOT NULL,
  `dateCreated` datetime NOT NULL,
  `dateUpdated` datetime NOT NULL,
  `uid` char(36) COLLATE utf8_unicode_ci NOT NULL DEFAULT '0',
  PRIMARY KEY (`id`),
  UNIQUE KEY `craft_structureelements_structureId_elementId_unq_idx` (`structureId`,`elementId`),
  KEY `craft_structureelements_root_idx` (`root`),
  KEY `craft_structureelements_lft_idx` (`lft`),
  KEY `craft_structureelements_rgt_idx` (`rgt`),
  KEY `craft_structureelements_level_idx` (`level`),
  KEY `craft_structureelements_elementId_fk` (`elementId`)
) ENGINE=InnoDB DEFAULT CHARSET=utf8 COLLATE=utf8_unicode_ci;

DROP TABLE IF EXISTS `craft_structures`;


--
-- Schema for table `craft_structures`
--
CREATE TABLE `craft_structures` (
  `id` int(11) NOT NULL AUTO_INCREMENT,
  `maxLevels` smallint(6) unsigned DEFAULT NULL,
  `dateCreated` datetime NOT NULL,
  `dateUpdated` datetime NOT NULL,
  `uid` char(36) COLLATE utf8_unicode_ci NOT NULL DEFAULT '0',
  PRIMARY KEY (`id`)
) ENGINE=InnoDB AUTO_INCREMENT=2 DEFAULT CHARSET=utf8 COLLATE=utf8_unicode_ci;

DROP TABLE IF EXISTS `craft_systemsettings`;


--
-- Schema for table `craft_systemsettings`
--
CREATE TABLE `craft_systemsettings` (
  `id` int(11) NOT NULL AUTO_INCREMENT,
  `category` varchar(15) COLLATE utf8_unicode_ci NOT NULL,
  `settings` text COLLATE utf8_unicode_ci,
  `dateCreated` datetime NOT NULL,
  `dateUpdated` datetime NOT NULL,
  `uid` char(36) COLLATE utf8_unicode_ci NOT NULL DEFAULT '0',
  PRIMARY KEY (`id`),
  UNIQUE KEY `craft_systemsettings_category_unq_idx` (`category`)
) ENGINE=InnoDB AUTO_INCREMENT=2 DEFAULT CHARSET=utf8 COLLATE=utf8_unicode_ci;

--
-- Data for table `craft_systemsettings`
--

INSERT INTO `craft_systemsettings` (`id`, `category`, `settings`, `dateCreated`, `dateUpdated`, `uid`) VALUES
 ('1', 'email', '{\"protocol\":\"php\",\"emailAddress\":\"kiruha_i@mail.ru\",\"senderName\":\"Bark And Fly\"}', '2018-03-28 09:59:41', '2018-03-28 09:59:41', '86be1a7d-d6ef-439d-8250-a8a2bc3d2493');



DROP TABLE IF EXISTS `craft_taggroups`;


--
-- Schema for table `craft_taggroups`
--
CREATE TABLE `craft_taggroups` (
  `id` int(11) NOT NULL AUTO_INCREMENT,
  `name` varchar(255) COLLATE utf8_unicode_ci NOT NULL,
  `handle` varchar(255) COLLATE utf8_unicode_ci NOT NULL,
  `fieldLayoutId` int(10) DEFAULT NULL,
  `dateCreated` datetime NOT NULL,
  `dateUpdated` datetime NOT NULL,
  `uid` char(36) COLLATE utf8_unicode_ci NOT NULL DEFAULT '0',
  PRIMARY KEY (`id`),
  UNIQUE KEY `craft_taggroups_name_unq_idx` (`name`),
  UNIQUE KEY `craft_taggroups_handle_unq_idx` (`handle`),
  KEY `craft_taggroups_fieldLayoutId_fk` (`fieldLayoutId`)
) ENGINE=InnoDB AUTO_INCREMENT=2 DEFAULT CHARSET=utf8 COLLATE=utf8_unicode_ci;

--
-- Data for table `craft_taggroups`
--

INSERT INTO `craft_taggroups` (`id`, `name`, `handle`, `fieldLayoutId`, `dateCreated`, `dateUpdated`, `uid`) VALUES
 ('1', 'Default', 'default', '1', '2018-03-28 09:59:41', '2018-03-28 09:59:41', 'bad64e83-4073-463b-ad5c-68d623defc06');



DROP TABLE IF EXISTS `craft_tags`;


--
-- Schema for table `craft_tags`
--
CREATE TABLE `craft_tags` (
  `id` int(11) NOT NULL,
  `groupId` int(11) NOT NULL,
  `dateCreated` datetime NOT NULL,
  `dateUpdated` datetime NOT NULL,
  `uid` char(36) COLLATE utf8_unicode_ci NOT NULL DEFAULT '0',
  PRIMARY KEY (`id`),
  KEY `craft_tags_groupId_fk` (`groupId`)
) ENGINE=InnoDB DEFAULT CHARSET=utf8 COLLATE=utf8_unicode_ci;

DROP TABLE IF EXISTS `craft_tasks`;


--
-- Schema for table `craft_tasks`
--
CREATE TABLE `craft_tasks` (
  `id` int(11) NOT NULL AUTO_INCREMENT,
  `root` int(11) unsigned DEFAULT NULL,
  `lft` int(11) unsigned NOT NULL,
  `rgt` int(11) unsigned NOT NULL,
  `level` smallint(6) unsigned NOT NULL,
  `currentStep` int(11) unsigned DEFAULT NULL,
  `totalSteps` int(11) unsigned DEFAULT NULL,
  `status` enum('pending','error','running') COLLATE utf8_unicode_ci DEFAULT NULL,
  `type` varchar(150) COLLATE utf8_unicode_ci NOT NULL,
  `description` varchar(255) COLLATE utf8_unicode_ci DEFAULT NULL,
  `settings` mediumtext COLLATE utf8_unicode_ci,
  `dateCreated` datetime NOT NULL,
  `dateUpdated` datetime NOT NULL,
  `uid` char(36) COLLATE utf8_unicode_ci NOT NULL DEFAULT '0',
  PRIMARY KEY (`id`),
  KEY `craft_tasks_root_idx` (`root`),
  KEY `craft_tasks_lft_idx` (`lft`),
  KEY `craft_tasks_rgt_idx` (`rgt`),
  KEY `craft_tasks_level_idx` (`level`)
) ENGINE=InnoDB AUTO_INCREMENT=84 DEFAULT CHARSET=utf8 COLLATE=utf8_unicode_ci;

DROP TABLE IF EXISTS `craft_templatecachecriteria`;


--
-- Schema for table `craft_templatecachecriteria`
--
CREATE TABLE `craft_templatecachecriteria` (
  `id` int(11) NOT NULL AUTO_INCREMENT,
  `cacheId` int(11) NOT NULL,
  `type` varchar(150) COLLATE utf8_unicode_ci NOT NULL,
  `criteria` text COLLATE utf8_unicode_ci NOT NULL,
  PRIMARY KEY (`id`),
  KEY `craft_templatecachecriteria_cacheId_fk` (`cacheId`),
  KEY `craft_templatecachecriteria_type_idx` (`type`)
) ENGINE=InnoDB DEFAULT CHARSET=utf8 COLLATE=utf8_unicode_ci;

DROP TABLE IF EXISTS `craft_templatecacheelements`;


--
-- Schema for table `craft_templatecacheelements`
--
CREATE TABLE `craft_templatecacheelements` (
  `cacheId` int(11) NOT NULL,
  `elementId` int(11) NOT NULL,
  KEY `craft_templatecacheelements_cacheId_fk` (`cacheId`),
  KEY `craft_templatecacheelements_elementId_fk` (`elementId`)
) ENGINE=InnoDB DEFAULT CHARSET=utf8 COLLATE=utf8_unicode_ci;

DROP TABLE IF EXISTS `craft_templatecaches`;


--
-- Schema for table `craft_templatecaches`
--
CREATE TABLE `craft_templatecaches` (
  `id` int(11) NOT NULL AUTO_INCREMENT,
  `cacheKey` varchar(255) COLLATE utf8_unicode_ci NOT NULL,
  `locale` char(12) COLLATE utf8_unicode_ci NOT NULL,
  `path` varchar(255) COLLATE utf8_unicode_ci DEFAULT NULL,
  `expiryDate` datetime NOT NULL,
  `body` mediumtext COLLATE utf8_unicode_ci NOT NULL,
  PRIMARY KEY (`id`),
  KEY `craft_templatecaches_cacheKey_locale_expiryDate_path_idx` (`cacheKey`,`locale`,`expiryDate`,`path`),
  KEY `craft_templatecaches_cacheKey_locale_expiryDate_idx` (`cacheKey`,`locale`,`expiryDate`),
  KEY `craft_templatecaches_locale_fk` (`locale`)
) ENGINE=InnoDB DEFAULT CHARSET=utf8 COLLATE=utf8_unicode_ci;

DROP TABLE IF EXISTS `craft_tokens`;


--
-- Schema for table `craft_tokens`
--
CREATE TABLE `craft_tokens` (
  `id` int(11) NOT NULL AUTO_INCREMENT,
  `token` char(32) COLLATE utf8_unicode_ci NOT NULL,
  `route` text COLLATE utf8_unicode_ci,
  `usageLimit` tinyint(3) unsigned DEFAULT NULL,
  `usageCount` tinyint(3) unsigned DEFAULT NULL,
  `expiryDate` datetime NOT NULL,
  `dateCreated` datetime NOT NULL,
  `dateUpdated` datetime NOT NULL,
  `uid` char(36) COLLATE utf8_unicode_ci NOT NULL DEFAULT '0',
  PRIMARY KEY (`id`),
  UNIQUE KEY `craft_tokens_token_unq_idx` (`token`),
  KEY `craft_tokens_expiryDate_idx` (`expiryDate`)
) ENGINE=InnoDB DEFAULT CHARSET=utf8 COLLATE=utf8_unicode_ci;

DROP TABLE IF EXISTS `craft_usergroups`;


--
-- Schema for table `craft_usergroups`
--
CREATE TABLE `craft_usergroups` (
  `id` int(11) NOT NULL AUTO_INCREMENT,
  `name` varchar(255) COLLATE utf8_unicode_ci NOT NULL,
  `handle` varchar(255) COLLATE utf8_unicode_ci NOT NULL,
  `dateCreated` datetime NOT NULL,
  `dateUpdated` datetime NOT NULL,
  `uid` char(36) COLLATE utf8_unicode_ci NOT NULL DEFAULT '0',
  PRIMARY KEY (`id`),
  UNIQUE KEY `craft_usergroups_name_unq_idx` (`name`),
  UNIQUE KEY `craft_usergroups_handle_unq_idx` (`handle`)
) ENGINE=InnoDB DEFAULT CHARSET=utf8 COLLATE=utf8_unicode_ci;

DROP TABLE IF EXISTS `craft_usergroups_users`;


--
-- Schema for table `craft_usergroups_users`
--
CREATE TABLE `craft_usergroups_users` (
  `id` int(11) NOT NULL AUTO_INCREMENT,
  `groupId` int(11) NOT NULL,
  `userId` int(11) NOT NULL,
  `dateCreated` datetime NOT NULL,
  `dateUpdated` datetime NOT NULL,
  `uid` char(36) COLLATE utf8_unicode_ci NOT NULL DEFAULT '0',
  PRIMARY KEY (`id`),
  UNIQUE KEY `craft_usergroups_users_groupId_userId_unq_idx` (`groupId`,`userId`),
  KEY `craft_usergroups_users_userId_fk` (`userId`)
) ENGINE=InnoDB DEFAULT CHARSET=utf8 COLLATE=utf8_unicode_ci;

DROP TABLE IF EXISTS `craft_userpermissions`;


--
-- Schema for table `craft_userpermissions`
--
CREATE TABLE `craft_userpermissions` (
  `id` int(11) NOT NULL AUTO_INCREMENT,
  `name` varchar(255) COLLATE utf8_unicode_ci NOT NULL,
  `dateCreated` datetime NOT NULL,
  `dateUpdated` datetime NOT NULL,
  `uid` char(36) COLLATE utf8_unicode_ci NOT NULL DEFAULT '0',
  PRIMARY KEY (`id`),
  UNIQUE KEY `craft_userpermissions_name_unq_idx` (`name`)
) ENGINE=InnoDB DEFAULT CHARSET=utf8 COLLATE=utf8_unicode_ci;

DROP TABLE IF EXISTS `craft_userpermissions_usergroups`;


--
-- Schema for table `craft_userpermissions_usergroups`
--
CREATE TABLE `craft_userpermissions_usergroups` (
  `id` int(11) NOT NULL AUTO_INCREMENT,
  `permissionId` int(11) NOT NULL,
  `groupId` int(11) NOT NULL,
  `dateCreated` datetime NOT NULL,
  `dateUpdated` datetime NOT NULL,
  `uid` char(36) COLLATE utf8_unicode_ci NOT NULL DEFAULT '0',
  PRIMARY KEY (`id`),
  UNIQUE KEY `craft_userpermissions_usergroups_permissionId_groupId_unq_idx` (`permissionId`,`groupId`),
  KEY `craft_userpermissions_usergroups_groupId_fk` (`groupId`)
) ENGINE=InnoDB DEFAULT CHARSET=utf8 COLLATE=utf8_unicode_ci;

DROP TABLE IF EXISTS `craft_userpermissions_users`;


--
-- Schema for table `craft_userpermissions_users`
--
CREATE TABLE `craft_userpermissions_users` (
  `id` int(11) NOT NULL AUTO_INCREMENT,
  `permissionId` int(11) NOT NULL,
  `userId` int(11) NOT NULL,
  `dateCreated` datetime NOT NULL,
  `dateUpdated` datetime NOT NULL,
  `uid` char(36) COLLATE utf8_unicode_ci NOT NULL DEFAULT '0',
  PRIMARY KEY (`id`),
  UNIQUE KEY `craft_userpermissions_users_permissionId_userId_unq_idx` (`permissionId`,`userId`),
  KEY `craft_userpermissions_users_userId_fk` (`userId`)
) ENGINE=InnoDB DEFAULT CHARSET=utf8 COLLATE=utf8_unicode_ci;

DROP TABLE IF EXISTS `craft_users`;


--
-- Schema for table `craft_users`
--
CREATE TABLE `craft_users` (
  `id` int(11) NOT NULL,
  `username` varchar(100) COLLATE utf8_unicode_ci NOT NULL,
  `photo` varchar(100) COLLATE utf8_unicode_ci DEFAULT NULL,
  `firstName` varchar(100) COLLATE utf8_unicode_ci DEFAULT NULL,
  `lastName` varchar(100) COLLATE utf8_unicode_ci DEFAULT NULL,
  `email` varchar(255) COLLATE utf8_unicode_ci NOT NULL,
  `password` char(255) COLLATE utf8_unicode_ci DEFAULT NULL,
  `preferredLocale` char(12) COLLATE utf8_unicode_ci DEFAULT NULL,
  `weekStartDay` tinyint(1) unsigned NOT NULL DEFAULT '0',
  `admin` tinyint(1) unsigned NOT NULL DEFAULT '0',
  `client` tinyint(1) unsigned NOT NULL DEFAULT '0',
  `locked` tinyint(1) unsigned NOT NULL DEFAULT '0',
  `suspended` tinyint(1) unsigned NOT NULL DEFAULT '0',
  `pending` tinyint(1) unsigned NOT NULL DEFAULT '0',
  `archived` tinyint(1) unsigned NOT NULL DEFAULT '0',
  `lastLoginDate` datetime DEFAULT NULL,
  `lastLoginAttemptIPAddress` varchar(45) COLLATE utf8_unicode_ci DEFAULT NULL,
  `invalidLoginWindowStart` datetime DEFAULT NULL,
  `invalidLoginCount` tinyint(4) unsigned DEFAULT NULL,
  `lastInvalidLoginDate` datetime DEFAULT NULL,
  `lockoutDate` datetime DEFAULT NULL,
  `verificationCode` char(100) COLLATE utf8_unicode_ci DEFAULT NULL,
  `verificationCodeIssuedDate` datetime DEFAULT NULL,
  `unverifiedEmail` varchar(255) COLLATE utf8_unicode_ci DEFAULT NULL,
  `passwordResetRequired` tinyint(1) unsigned NOT NULL DEFAULT '0',
  `lastPasswordChangeDate` datetime DEFAULT NULL,
  `dateCreated` datetime NOT NULL,
  `dateUpdated` datetime NOT NULL,
  `uid` char(36) COLLATE utf8_unicode_ci NOT NULL DEFAULT '0',
  PRIMARY KEY (`id`),
  UNIQUE KEY `craft_users_username_unq_idx` (`username`),
  UNIQUE KEY `craft_users_email_unq_idx` (`email`),
  KEY `craft_users_verificationCode_idx` (`verificationCode`),
  KEY `craft_users_uid_idx` (`uid`),
  KEY `craft_users_preferredLocale_fk` (`preferredLocale`)
) ENGINE=InnoDB DEFAULT CHARSET=utf8 COLLATE=utf8_unicode_ci;

--
-- Data for table `craft_users`
--

INSERT INTO `craft_users` (`id`, `username`, `photo`, `firstName`, `lastName`, `email`, `password`, `preferredLocale`, `weekStartDay`, `admin`, `client`, `locked`, `suspended`, `pending`, `archived`, `lastLoginDate`, `lastLoginAttemptIPAddress`, `invalidLoginWindowStart`, `invalidLoginCount`, `lastInvalidLoginDate`, `lockoutDate`, `verificationCode`, `verificationCodeIssuedDate`, `unverifiedEmail`, `passwordResetRequired`, `lastPasswordChangeDate`, `dateCreated`, `dateUpdated`, `uid`) VALUES
 ('1', 'Admin', NULL, '', '', 'kiruha_i@mail.ru', '$2y$13$hYLDToNy0gb6Xw2eXqMAVelcdNVKr8ZXacR9Ql/winegaoiQpyUc2', NULL, '1', '1', '0', '0', '0', '0', '0', '2018-04-05 09:31:01', '::1', NULL, NULL, '2018-03-28 14:49:31', NULL, NULL, NULL, NULL, '0', '2018-03-28 14:48:51', '2018-03-28 09:59:37', '2018-04-05 09:31:01', '906f7001-4960-4195-9b42-2a8be5b0c20a');



DROP TABLE IF EXISTS `craft_widgets`;


--
-- Schema for table `craft_widgets`
--
CREATE TABLE `craft_widgets` (
  `id` int(11) NOT NULL AUTO_INCREMENT,
  `userId` int(11) NOT NULL,
  `type` varchar(150) COLLATE utf8_unicode_ci NOT NULL,
  `sortOrder` smallint(6) unsigned DEFAULT NULL,
  `colspan` tinyint(4) unsigned DEFAULT NULL,
  `settings` text COLLATE utf8_unicode_ci,
  `enabled` tinyint(1) unsigned NOT NULL DEFAULT '1',
  `dateCreated` datetime NOT NULL,
  `dateUpdated` datetime NOT NULL,
  `uid` char(36) COLLATE utf8_unicode_ci NOT NULL DEFAULT '0',
  PRIMARY KEY (`id`),
  KEY `craft_widgets_userId_fk` (`userId`)
) ENGINE=InnoDB AUTO_INCREMENT=5 DEFAULT CHARSET=utf8 COLLATE=utf8_unicode_ci;

--
-- Data for table `craft_widgets`
--

INSERT INTO `craft_widgets` (`id`, `userId`, `type`, `sortOrder`, `colspan`, `settings`, `enabled`, `dateCreated`, `dateUpdated`, `uid`) VALUES
 ('1', '1', 'RecentEntries', '1', NULL, NULL, '1', '2018-03-28 09:59:58', '2018-03-28 09:59:58', '36736246-2d86-42f4-b8cf-1ce5e56c3342'),
 ('2', '1', 'GetHelp', '2', NULL, NULL, '1', '2018-03-28 09:59:58', '2018-03-28 09:59:58', '9560b09d-956d-4a88-90cf-147933f6f507'),
 ('3', '1', 'Updates', '3', NULL, NULL, '1', '2018-03-28 09:59:58', '2018-03-28 09:59:58', 'f02c4657-e589-4cb2-ba81-1c03d0c1a340'),
 ('4', '1', 'Feed', '4', NULL, '{\"url\":\"https:\\/\\/craftcms.com\\/news.rss\",\"title\":\"Craft News\"}', '1', '2018-03-28 09:59:58', '2018-03-28 09:59:58', '263febd5-a940-4c6c-bc68-c565858591a2');


--
-- Constraints for tables
--


--
-- Constraints for table `craft_assetfiles`
--
ALTER TABLE `craft_assetfiles`
	ADD CONSTRAINT `craft_assetfiles_folderId_fk` FOREIGN KEY (`folderId`) REFERENCES `craft_assetfolders` (`id`) ON DELETE CASCADE,
	ADD CONSTRAINT `craft_assetfiles_id_fk` FOREIGN KEY (`id`) REFERENCES `craft_elements` (`id`) ON DELETE CASCADE,
	ADD CONSTRAINT `craft_assetfiles_sourceId_fk` FOREIGN KEY (`sourceId`) REFERENCES `craft_assetsources` (`id`) ON DELETE CASCADE;

--
-- Constraints for table `craft_assetfolders`
--
ALTER TABLE `craft_assetfolders`
	ADD CONSTRAINT `craft_assetfolders_parentId_fk` FOREIGN KEY (`parentId`) REFERENCES `craft_assetfolders` (`id`) ON DELETE CASCADE,
	ADD CONSTRAINT `craft_assetfolders_sourceId_fk` FOREIGN KEY (`sourceId`) REFERENCES `craft_assetsources` (`id`) ON DELETE CASCADE;

--
-- Constraints for table `craft_assetindexdata`
--
ALTER TABLE `craft_assetindexdata`
	ADD CONSTRAINT `craft_assetindexdata_sourceId_fk` FOREIGN KEY (`sourceId`) REFERENCES `craft_assetsources` (`id`) ON DELETE CASCADE;

--
-- Constraints for table `craft_assetsources`
--
ALTER TABLE `craft_assetsources`
	ADD CONSTRAINT `craft_assetsources_fieldLayoutId_fk` FOREIGN KEY (`fieldLayoutId`) REFERENCES `craft_fieldlayouts` (`id`) ON DELETE SET NULL;

--
-- Constraints for table `craft_categories`
--
ALTER TABLE `craft_categories`
	ADD CONSTRAINT `craft_categories_groupId_fk` FOREIGN KEY (`groupId`) REFERENCES `craft_categorygroups` (`id`) ON DELETE CASCADE,
	ADD CONSTRAINT `craft_categories_id_fk` FOREIGN KEY (`id`) REFERENCES `craft_elements` (`id`) ON DELETE CASCADE;

--
-- Constraints for table `craft_categorygroups`
--
ALTER TABLE `craft_categorygroups`
	ADD CONSTRAINT `craft_categorygroups_fieldLayoutId_fk` FOREIGN KEY (`fieldLayoutId`) REFERENCES `craft_fieldlayouts` (`id`) ON DELETE SET NULL,
	ADD CONSTRAINT `craft_categorygroups_structureId_fk` FOREIGN KEY (`structureId`) REFERENCES `craft_structures` (`id`) ON DELETE CASCADE;

--
-- Constraints for table `craft_categorygroups_i18n`
--
ALTER TABLE `craft_categorygroups_i18n`
	ADD CONSTRAINT `craft_categorygroups_i18n_groupId_fk` FOREIGN KEY (`groupId`) REFERENCES `craft_categorygroups` (`id`) ON DELETE CASCADE,
	ADD CONSTRAINT `craft_categorygroups_i18n_locale_fk` FOREIGN KEY (`locale`) REFERENCES `craft_locales` (`locale`) ON DELETE CASCADE ON UPDATE CASCADE;

--
-- Constraints for table `craft_content`
--
ALTER TABLE `craft_content`
	ADD CONSTRAINT `craft_content_elementId_fk` FOREIGN KEY (`elementId`) REFERENCES `craft_elements` (`id`) ON DELETE CASCADE,
	ADD CONSTRAINT `craft_content_locale_fk` FOREIGN KEY (`locale`) REFERENCES `craft_locales` (`locale`) ON DELETE CASCADE ON UPDATE CASCADE;

--
-- Constraints for table `craft_elements_i18n`
--
ALTER TABLE `craft_elements_i18n`
	ADD CONSTRAINT `craft_elements_i18n_elementId_fk` FOREIGN KEY (`elementId`) REFERENCES `craft_elements` (`id`) ON DELETE CASCADE,
	ADD CONSTRAINT `craft_elements_i18n_locale_fk` FOREIGN KEY (`locale`) REFERENCES `craft_locales` (`locale`) ON DELETE CASCADE ON UPDATE CASCADE;

--
-- Constraints for table `craft_emailmessages`
--
ALTER TABLE `craft_emailmessages`
	ADD CONSTRAINT `craft_emailmessages_locale_fk` FOREIGN KEY (`locale`) REFERENCES `craft_locales` (`locale`) ON DELETE CASCADE ON UPDATE CASCADE;

--
-- Constraints for table `craft_entries`
--
ALTER TABLE `craft_entries`
	ADD CONSTRAINT `craft_entries_authorId_fk` FOREIGN KEY (`authorId`) REFERENCES `craft_users` (`id`) ON DELETE CASCADE,
	ADD CONSTRAINT `craft_entries_id_fk` FOREIGN KEY (`id`) REFERENCES `craft_elements` (`id`) ON DELETE CASCADE,
	ADD CONSTRAINT `craft_entries_sectionId_fk` FOREIGN KEY (`sectionId`) REFERENCES `craft_sections` (`id`) ON DELETE CASCADE,
	ADD CONSTRAINT `craft_entries_typeId_fk` FOREIGN KEY (`typeId`) REFERENCES `craft_entrytypes` (`id`) ON DELETE CASCADE;

--
-- Constraints for table `craft_entrydrafts`
--
ALTER TABLE `craft_entrydrafts`
	ADD CONSTRAINT `craft_entrydrafts_creatorId_fk` FOREIGN KEY (`creatorId`) REFERENCES `craft_users` (`id`) ON DELETE CASCADE,
	ADD CONSTRAINT `craft_entrydrafts_entryId_fk` FOREIGN KEY (`entryId`) REFERENCES `craft_entries` (`id`) ON DELETE CASCADE,
	ADD CONSTRAINT `craft_entrydrafts_locale_fk` FOREIGN KEY (`locale`) REFERENCES `craft_locales` (`locale`) ON DELETE CASCADE ON UPDATE CASCADE,
	ADD CONSTRAINT `craft_entrydrafts_sectionId_fk` FOREIGN KEY (`sectionId`) REFERENCES `craft_sections` (`id`) ON DELETE CASCADE;

--
-- Constraints for table `craft_entrytypes`
--
ALTER TABLE `craft_entrytypes`
	ADD CONSTRAINT `craft_entrytypes_fieldLayoutId_fk` FOREIGN KEY (`fieldLayoutId`) REFERENCES `craft_fieldlayouts` (`id`) ON DELETE SET NULL,
	ADD CONSTRAINT `craft_entrytypes_sectionId_fk` FOREIGN KEY (`sectionId`) REFERENCES `craft_sections` (`id`) ON DELETE CASCADE;

--
-- Constraints for table `craft_entryversions`
--
ALTER TABLE `craft_entryversions`
	ADD CONSTRAINT `craft_entryversions_creatorId_fk` FOREIGN KEY (`creatorId`) REFERENCES `craft_users` (`id`) ON DELETE SET NULL,
	ADD CONSTRAINT `craft_entryversions_entryId_fk` FOREIGN KEY (`entryId`) REFERENCES `craft_entries` (`id`) ON DELETE CASCADE,
	ADD CONSTRAINT `craft_entryversions_locale_fk` FOREIGN KEY (`locale`) REFERENCES `craft_locales` (`locale`) ON DELETE CASCADE ON UPDATE CASCADE,
	ADD CONSTRAINT `craft_entryversions_sectionId_fk` FOREIGN KEY (`sectionId`) REFERENCES `craft_sections` (`id`) ON DELETE CASCADE;

--
-- Constraints for table `craft_fieldlayoutfields`
--
ALTER TABLE `craft_fieldlayoutfields`
	ADD CONSTRAINT `craft_fieldlayoutfields_fieldId_fk` FOREIGN KEY (`fieldId`) REFERENCES `craft_fields` (`id`) ON DELETE CASCADE,
	ADD CONSTRAINT `craft_fieldlayoutfields_layoutId_fk` FOREIGN KEY (`layoutId`) REFERENCES `craft_fieldlayouts` (`id`) ON DELETE CASCADE,
	ADD CONSTRAINT `craft_fieldlayoutfields_tabId_fk` FOREIGN KEY (`tabId`) REFERENCES `craft_fieldlayouttabs` (`id`) ON DELETE CASCADE;

--
-- Constraints for table `craft_fieldlayouttabs`
--
ALTER TABLE `craft_fieldlayouttabs`
	ADD CONSTRAINT `craft_fieldlayouttabs_layoutId_fk` FOREIGN KEY (`layoutId`) REFERENCES `craft_fieldlayouts` (`id`) ON DELETE CASCADE;

--
-- Constraints for table `craft_fields`
--
ALTER TABLE `craft_fields`
	ADD CONSTRAINT `craft_fields_groupId_fk` FOREIGN KEY (`groupId`) REFERENCES `craft_fieldgroups` (`id`) ON DELETE CASCADE;

--
-- Constraints for table `craft_globalsets`
--
ALTER TABLE `craft_globalsets`
	ADD CONSTRAINT `craft_globalsets_fieldLayoutId_fk` FOREIGN KEY (`fieldLayoutId`) REFERENCES `craft_fieldlayouts` (`id`) ON DELETE SET NULL,
	ADD CONSTRAINT `craft_globalsets_id_fk` FOREIGN KEY (`id`) REFERENCES `craft_elements` (`id`) ON DELETE CASCADE;

--
-- Constraints for table `craft_matrixblocks`
--
ALTER TABLE `craft_matrixblocks`
	ADD CONSTRAINT `craft_matrixblocks_fieldId_fk` FOREIGN KEY (`fieldId`) REFERENCES `craft_fields` (`id`) ON DELETE CASCADE,
	ADD CONSTRAINT `craft_matrixblocks_id_fk` FOREIGN KEY (`id`) REFERENCES `craft_elements` (`id`) ON DELETE CASCADE,
	ADD CONSTRAINT `craft_matrixblocks_ownerId_fk` FOREIGN KEY (`ownerId`) REFERENCES `craft_elements` (`id`) ON DELETE CASCADE,
	ADD CONSTRAINT `craft_matrixblocks_ownerLocale_fk` FOREIGN KEY (`ownerLocale`) REFERENCES `craft_locales` (`locale`) ON DELETE CASCADE ON UPDATE CASCADE,
	ADD CONSTRAINT `craft_matrixblocks_typeId_fk` FOREIGN KEY (`typeId`) REFERENCES `craft_matrixblocktypes` (`id`) ON DELETE CASCADE;

--
-- Constraints for table `craft_matrixblocktypes`
--
ALTER TABLE `craft_matrixblocktypes`
	ADD CONSTRAINT `craft_matrixblocktypes_fieldId_fk` FOREIGN KEY (`fieldId`) REFERENCES `craft_fields` (`id`) ON DELETE CASCADE,
	ADD CONSTRAINT `craft_matrixblocktypes_fieldLayoutId_fk` FOREIGN KEY (`fieldLayoutId`) REFERENCES `craft_fieldlayouts` (`id`) ON DELETE SET NULL;

--
-- Constraints for table `craft_matrixcontent_bookingpanel`
--
ALTER TABLE `craft_matrixcontent_bookingpanel`
	ADD CONSTRAINT `craft_matrixcontent_bookingpanel_elementId_fk` FOREIGN KEY (`elementId`) REFERENCES `craft_elements` (`id`) ON DELETE CASCADE,
	ADD CONSTRAINT `craft_matrixcontent_bookingpanel_locale_fk` FOREIGN KEY (`locale`) REFERENCES `craft_locales` (`locale`) ON DELETE CASCADE ON UPDATE CASCADE;

--
-- Constraints for table `craft_matrixcontent_feedbackcarousel`
--
ALTER TABLE `craft_matrixcontent_feedbackcarousel`
	ADD CONSTRAINT `craft_matrixcontent_feedbackcarousel_elementId_fk` FOREIGN KEY (`elementId`) REFERENCES `craft_elements` (`id`) ON DELETE CASCADE,
	ADD CONSTRAINT `craft_matrixcontent_feedbackcarousel_locale_fk` FOREIGN KEY (`locale`) REFERENCES `craft_locales` (`locale`) ON DELETE CASCADE ON UPDATE CASCADE;

--
-- Constraints for table `craft_matrixcontent_topcarousel`
--
ALTER TABLE `craft_matrixcontent_topcarousel`
	ADD CONSTRAINT `craft_matrixcontent_topcarousel_elementId_fk` FOREIGN KEY (`elementId`) REFERENCES `craft_elements` (`id`) ON DELETE CASCADE,
	ADD CONSTRAINT `craft_matrixcontent_topcarousel_locale_fk` FOREIGN KEY (`locale`) REFERENCES `craft_locales` (`locale`) ON DELETE CASCADE ON UPDATE CASCADE;

--
-- Constraints for table `craft_migrations`
--
ALTER TABLE `craft_migrations`
	ADD CONSTRAINT `craft_migrations_pluginId_fk` FOREIGN KEY (`pluginId`) REFERENCES `craft_plugins` (`id`) ON DELETE CASCADE;

--
-- Constraints for table `craft_relations`
--
ALTER TABLE `craft_relations`
	ADD CONSTRAINT `craft_relations_fieldId_fk` FOREIGN KEY (`fieldId`) REFERENCES `craft_fields` (`id`) ON DELETE CASCADE,
	ADD CONSTRAINT `craft_relations_sourceId_fk` FOREIGN KEY (`sourceId`) REFERENCES `craft_elements` (`id`) ON DELETE CASCADE,
	ADD CONSTRAINT `craft_relations_sourceLocale_fk` FOREIGN KEY (`sourceLocale`) REFERENCES `craft_locales` (`locale`) ON DELETE CASCADE ON UPDATE CASCADE,
	ADD CONSTRAINT `craft_relations_targetId_fk` FOREIGN KEY (`targetId`) REFERENCES `craft_elements` (`id`) ON DELETE CASCADE;

--
-- Constraints for table `craft_routes`
--
ALTER TABLE `craft_routes`
	ADD CONSTRAINT `craft_routes_locale_fk` FOREIGN KEY (`locale`) REFERENCES `craft_locales` (`locale`) ON DELETE CASCADE ON UPDATE CASCADE;

--
-- Constraints for table `craft_sections`
--
ALTER TABLE `craft_sections`
	ADD CONSTRAINT `craft_sections_structureId_fk` FOREIGN KEY (`structureId`) REFERENCES `craft_structures` (`id`) ON DELETE SET NULL;

--
-- Constraints for table `craft_sections_i18n`
--
ALTER TABLE `craft_sections_i18n`
	ADD CONSTRAINT `craft_sections_i18n_locale_fk` FOREIGN KEY (`locale`) REFERENCES `craft_locales` (`locale`) ON DELETE CASCADE ON UPDATE CASCADE,
	ADD CONSTRAINT `craft_sections_i18n_sectionId_fk` FOREIGN KEY (`sectionId`) REFERENCES `craft_sections` (`id`) ON DELETE CASCADE;

--
-- Constraints for table `craft_sessions`
--
ALTER TABLE `craft_sessions`
	ADD CONSTRAINT `craft_sessions_userId_fk` FOREIGN KEY (`userId`) REFERENCES `craft_users` (`id`) ON DELETE CASCADE;

--
-- Constraints for table `craft_shunnedmessages`
--
ALTER TABLE `craft_shunnedmessages`
	ADD CONSTRAINT `craft_shunnedmessages_userId_fk` FOREIGN KEY (`userId`) REFERENCES `craft_users` (`id`) ON DELETE CASCADE;

--
-- Constraints for table `craft_structureelements`
--
ALTER TABLE `craft_structureelements`
	ADD CONSTRAINT `craft_structureelements_elementId_fk` FOREIGN KEY (`elementId`) REFERENCES `craft_elements` (`id`) ON DELETE CASCADE,
	ADD CONSTRAINT `craft_structureelements_structureId_fk` FOREIGN KEY (`structureId`) REFERENCES `craft_structures` (`id`) ON DELETE CASCADE;

--
-- Constraints for table `craft_taggroups`
--
ALTER TABLE `craft_taggroups`
	ADD CONSTRAINT `craft_taggroups_fieldLayoutId_fk` FOREIGN KEY (`fieldLayoutId`) REFERENCES `craft_fieldlayouts` (`id`) ON DELETE SET NULL;

--
-- Constraints for table `craft_tags`
--
ALTER TABLE `craft_tags`
	ADD CONSTRAINT `craft_tags_groupId_fk` FOREIGN KEY (`groupId`) REFERENCES `craft_taggroups` (`id`) ON DELETE CASCADE,
	ADD CONSTRAINT `craft_tags_id_fk` FOREIGN KEY (`id`) REFERENCES `craft_elements` (`id`) ON DELETE CASCADE;

--
-- Constraints for table `craft_templatecachecriteria`
--
ALTER TABLE `craft_templatecachecriteria`
	ADD CONSTRAINT `craft_templatecachecriteria_cacheId_fk` FOREIGN KEY (`cacheId`) REFERENCES `craft_templatecaches` (`id`) ON DELETE CASCADE;

--
-- Constraints for table `craft_templatecacheelements`
--
ALTER TABLE `craft_templatecacheelements`
	ADD CONSTRAINT `craft_templatecacheelements_cacheId_fk` FOREIGN KEY (`cacheId`) REFERENCES `craft_templatecaches` (`id`) ON DELETE CASCADE,
	ADD CONSTRAINT `craft_templatecacheelements_elementId_fk` FOREIGN KEY (`elementId`) REFERENCES `craft_elements` (`id`) ON DELETE CASCADE;

--
-- Constraints for table `craft_templatecaches`
--
ALTER TABLE `craft_templatecaches`
	ADD CONSTRAINT `craft_templatecaches_locale_fk` FOREIGN KEY (`locale`) REFERENCES `craft_locales` (`locale`) ON DELETE CASCADE ON UPDATE CASCADE;

--
-- Constraints for table `craft_usergroups_users`
--
ALTER TABLE `craft_usergroups_users`
	ADD CONSTRAINT `craft_usergroups_users_groupId_fk` FOREIGN KEY (`groupId`) REFERENCES `craft_usergroups` (`id`) ON DELETE CASCADE,
	ADD CONSTRAINT `craft_usergroups_users_userId_fk` FOREIGN KEY (`userId`) REFERENCES `craft_users` (`id`) ON DELETE CASCADE;

--
-- Constraints for table `craft_userpermissions_usergroups`
--
ALTER TABLE `craft_userpermissions_usergroups`
	ADD CONSTRAINT `craft_userpermissions_usergroups_groupId_fk` FOREIGN KEY (`groupId`) REFERENCES `craft_usergroups` (`id`) ON DELETE CASCADE,
	ADD CONSTRAINT `craft_userpermissions_usergroups_permissionId_fk` FOREIGN KEY (`permissionId`) REFERENCES `craft_userpermissions` (`id`) ON DELETE CASCADE;

--
-- Constraints for table `craft_userpermissions_users`
--
ALTER TABLE `craft_userpermissions_users`
	ADD CONSTRAINT `craft_userpermissions_users_permissionId_fk` FOREIGN KEY (`permissionId`) REFERENCES `craft_userpermissions` (`id`) ON DELETE CASCADE,
	ADD CONSTRAINT `craft_userpermissions_users_userId_fk` FOREIGN KEY (`userId`) REFERENCES `craft_users` (`id`) ON DELETE CASCADE;

--
-- Constraints for table `craft_users`
--
ALTER TABLE `craft_users`
	ADD CONSTRAINT `craft_users_id_fk` FOREIGN KEY (`id`) REFERENCES `craft_elements` (`id`) ON DELETE CASCADE,
	ADD CONSTRAINT `craft_users_preferredLocale_fk` FOREIGN KEY (`preferredLocale`) REFERENCES `craft_locales` (`locale`) ON DELETE SET NULL ON UPDATE CASCADE;

--
-- Constraints for table `craft_widgets`
--
ALTER TABLE `craft_widgets`
	ADD CONSTRAINT `craft_widgets_userId_fk` FOREIGN KEY (`userId`) REFERENCES `craft_users` (`id`) ON DELETE CASCADE;

SET FOREIGN_KEY_CHECKS = 1;
